arch_id,val_mae,val_mse,test_mae,test_mse,test_rmse,params,flops,train_seconds,epochs_run,best_epoch,peak_mem_gb,graph_family,has_graph,uses_A,group3,seq_family,flat_family,head,decoder,val_mae_seed1,val_mae_seed2,params_seedstd,flops_seedstd,l2_norm,l2_norm_seedstd,l2_norm_all,l2_norm_all_seedstd,grad_norm,grad_norm_seedstd,grad_norm_all,grad_norm_all_seedstd,snip,snip_seedstd,snip_all,snip_all_seedstd,plain,plain_seedstd,plain_all,plain_all_seedstd,fisher,fisher_seedstd,synflow,synflow_seedstd,synflow_all,synflow_all_seedstd,jacov,jacov_seedstd,nwot,nwot_seedstd,zen,zen_seedstd,grasp,grasp_seedstd,grasp_all,grasp_all_seedstd,zico,zico_seedstd,tfas_zico_cl,tfas_zico_cl_seedstd,S_spatial_nwot,z_spatial_nwot,nwot_underA_v2,nwot_permmean,S_spatial_zico,z_spatial_zico,zico_underA_v2,zico_permmean,S_spatial_grad_norm_all,z_spatial_grad_norm_all,grad_norm_all_underA_v2,grad_norm_all_permmean,S_spatial_snip_all,z_spatial_snip_all,snip_all_underA_v2,snip_all_permmean
c84e311c72,0.17568535967841767,0.07339691061699727,0.17533297405859968,0.07439242215557781,0.27274974272321106,958503.0,15127304192.0,348.0,20,19,0.866,none,False,False,graph-blind,tcn,nbeats_s,mae,linear,0.17614130892224023,0.17605984252171472,0.0,0.0,294.2340770959854,0.2509649591142849,755.3655189176401,0.36759372095006737,6.233671809651544,0.48601912077628656,6.562637812821326,0.5023836155375817,22.80435804537603,1.4646195307661292,24.571324670121555,1.7158754563931413,0.05803036317200572,0.03291791167200794,0.1192179623834916,0.07368351059565569,5.254559772725907e-05,1.214293260641709e-05,5077248.123025115,36031.7566256144,8474802.622838972,61378.14472385093,-32.150841386522835,0.03328659986496975,416.80149860234184,0.235486812595596,63.610685308774315,0.06556343691254563,0.4585765931311394,0.089317147930196,-1.8894569710940967,0.5567897949693988,1055.207874652098,1.9314846125065286,467.7907002766927,0.7701445192988629,0.0,0.0,416.8031513270857,416.8031513270857,0.0,0.0,1057.4505784829628,1057.4505784829628,0.0,0.0,6.574557823939256,6.574557823939256,0.0,0.0,24.631519119429377,24.631519119429377
b03341cf63,0.17125015191233509,0.06984397930618623,0.17187201471621327,0.07131972629237436,0.2670575336746267,794189.0,74083362408.0,468.7,20,19,3.095,gcn,True,True,uses A,transformer,skip_connection,quantile,linear,0.17105158556290073,0.17151049278909694,0.0,0.0,326.654155343771,0.17050870952411482,967.2361336752462,1.8950233739549394,1.3759029822443456,0.07114962228651975,1.4702989021881905,0.06666835180622485,4.326308526650366,0.21388235275629794,4.674119808947989,0.21895886879860157,-0.002166470109222397,0.008842361521748016,0.00037067944566800126,0.013305979911684406,2.131173084037465e-06,1.886631957924277e-07,21478603.45369184,506813.43847214646,29633275.38597982,602406.4280822793,-791.0726516394393,242.46495789767124,444.8359050888548,1.1753677275919856,47.304524090554985,0.20845210116414356,-0.016692803706981476,0.010851591567087803,-0.13434586670549506,0.005197313695506719,1195.8534058187724,26.400097749912057,522.4081013997396,5.540736480898902,0.13405381888077272,30.150657485928853,444.8389117282565,444.70485790937573,0.42590043298658503,2.719805825105698,1200.347998854145,1199.9220984211584,0.000732441414938186,5.278767585952423,1.4648740737983519,1.4641416323834138,0.001167094687848369,4.53504002438041,4.659553111321705,4.658386016633856
cc90fff21b,0.17299120969882456,0.06960835310326852,0.17340738700198086,0.07147446970929497,0.26734709594326056,1297563.0,21846188032.0,406.5,20,18,0.877,none,False,False,graph-blind,lstm,nbeats_t,mse,seq,0.1729562282652813,0.17248205088964172,0.0,0.0,336.18853493531543,0.23436011536668547,1048.5107593337696,0.4425026816299241,4.256995473231655,0.3295780635701451,4.636119769987591,0.3528066102186391,11.439365085155806,1.2063072232666892,12.406917092760315,1.252554042978482,0.11905401849882592,0.06551105028094961,0.18100072302033396,0.07562572903890721,5.54386181234689e-05,5.098666211986417e-06,19474528.560702417,212749.5019411432,29296790.485714618,300963.7066579826,-44.997478716371695,3.912825571850065,429.488404407951,0.12943016832910578,81.42200909720528,0.13514534352013438,-0.3796824661671247,0.022374634771701676,-0.784525457782375,0.09356726196140337,1502.1887849810682,9.194209046920882,635.7283121744791,1.8871489340023502,0.0,0.0,429.4982704656859,429.4982704656859,0.0,0.0,1501.880711322926,1501.880711322926,0.0,0.0,4.643447508677084,4.643447508677084,0.0,0.0,12.441246407040703,12.441246407040703
a9791b6804,0.17400317253113082,0.06946221127567302,0.17515090278113307,0.07177633954209807,0.2679110664793414,737671.0,197070577256.0,627.9,20,19,4.532,mixed,True,True,uses A,mlp_mix,mlp,mse,linear,0.17521441896086368,0.1744737771235857,0.0,0.0,271.3051881988843,0.25139898654919807,928.0838310271502,0.581370590368642,8.82789149567058,0.6223458313514416,9.535418808527908,0.7934180696138786,28.095499357043124,2.2491194600406756,30.701897201248087,2.5765382241453203,0.054323353928592645,0.01693800030047401,0.12191489670548146,0.013222173927617015,9.863479434480274e-05,6.607215786409933e-06,100765425.0472707,4265200.38012557,104245081.42819361,4119601.730592402,-417.0148318181141,112.12280384234944,459.29616495586725,1.3578561957776978,74.57670340273114,0.09422018205989517,0.19350855710409384,0.2900260014390344,-4.179600477324929,0.5706907313390435,1125.2234007228528,4.025751759157491,500.4015401204427,1.4378574612632105,0.3287149954399145,40.61067592171931,459.2994272800593,458.9707122846194,0.932829488525158,2.2706680686196856,1125.7167203760791,1124.783890887554,0.019998989956272695,13.958180992322504,9.489381422892768,9.47086963867151,0.030192892381170584,12.11042205420312,30.535206659882448,30.513800367416337
3e2c83ccf5,0.17267359361681883,0.07068806794757576,0.17315443001352568,0.07203600875227593,0.2683952472609676,1467143.0,210929483368.0,619.1,20,17,5.032,mixed,True,True,uses A,tcn,nbeats_s,mae,linear,0.17234007210055588,0.17283840323519611,0.0,0.0,401.4446842769782,0.6753158541863588,1131.1249514520168,1.4048364809183966,8.357455272211155,0.11785446739862962,8.894962493319843,0.08689140947924953,29.992750146282088,0.9930585883744498,32.429553730459304,0.8880412329424943,0.02879624369802992,0.03089183803006581,0.0631792019965627,0.05960845541049079,5.254626220559127e-05,1.0858268139104767e-05,40479511.87028887,5326305.221652354,46359951.716634184,6088507.03500068,-197.68554926254055,81.2590037478859,465.17018802436564,0.8541562690462974,81.94847712251874,0.1933220154816642,0.010837686051973735,0.16914746204533174,-3.6697316465660186,0.7183150489406943,1371.285515119321,4.584300629779011,718.3097941080729,1.3740849668307558,0.24415827040826343,35.214198471635505,465.17049905464523,464.92634078423697,0.9382318511488847,2.555490034399233,1368.1685293336916,1367.2302974825427,0.001636007768035815,1.402199202146947,8.853722073449418,8.852086065681382,0.00554711188584515,0.4970539478425173,32.24482363484193,32.24424225725714
68a8b816fb,0.17300474028824964,0.07159150506598143,0.17290962204101742,0.07285232087857524,0.26991169088902994,424711.0,4430778368.0,296.8,20,19,0.355,none,False,False,graph-blind,mlp_mix,skip_connection,mae,linear,,,0.0,0.0,243.74036343892416,0.3793730421478148,562.7556832432747,0.8011110244159494,3.1059163421911458,0.1090047749634119,3.27554204577813,0.1225845334851834,10.56069408995563,0.5397116586491404,11.37905725658784,0.5790661327867968,0.01875944926030604,0.0031430240155612046,0.04001413854209283,0.0018293201009321857,1.1325430604472061e-05,2.123907077458125e-06,15621593.887451774,301935.38394209725,22328175.567749884,478677.50753616943,-32.68163811527277,0.06946284910918477,385.9001930667296,0.3597614698723941,23.764535837703278,0.07622236751354983,0.09070999752814816,0.0368272460559958,-1.1130964906067482,0.14682820446503558,908.3012305984508,8.697844715274098,377.6454366048177,1.2570881313489872,0.0,0.0,385.9024540828376,385.9024540828376,0.0,0.0,906.9112523850457,906.9112523850457,0.0,0.0,3.271498778247038,3.271498778247038,0.0,0.0,11.375625679341523,11.375625679341523
c459cd39c9,0.17539449187804412,0.07282221716195028,0.1749657858547869,0.07368310789870752,0.27144632599964863,823377.0,360946901812.0,753.4,20,19,4.544,diffusion,True,True,uses A,lstm,nbeats_s,quantile,linear,,,0.0,0.0,330.6803879737854,0.2818181982645951,935.0718420657018,1.1075526026676208,3.0795857489089635,0.266131093102811,3.282567334314306,0.2856098721813256,10.725195248521935,0.5328994371018672,11.607039621743022,0.557384578268262,0.030901902620078803,0.018062105396930244,0.039511960166071634,0.014494967501080192,9.928208311352424e-06,1.135052176951037e-06,255481969.41179764,26464436.17704966,264514024.62618887,27432244.160960734,-259.644028074775,92.09540171555234,456.87230727206435,2.196330292140172,54.28549806276957,0.1225771370844504,0.009686103958604968,0.032260907144687975,-0.4889379539021628,0.08402111795477141,1257.3263318467286,23.072393442876812,565.5325927734375,12.456468092835774,0.11056729604916882,7.054908049906363,456.8735664720005,456.76299917595134,1.0579825960060891,2.273403302156609,1255.5292651075429,1254.4712825115369,0.00701420840886291,9.182227392822336,3.280206708622241,3.273192500213378,0.010601729189254764,6.615259467677897,11.59435240060502,11.583750671415764
65d064eb3d,0.1717963199671986,0.06994981864544803,0.17230915624924448,0.0714983249203113,0.2673917069026474,862065.0,115980198708.0,497.6,20,19,3.585,diffusion,True,True,uses A,tcn,nbeats_s,quantile,linear,,,0.0,0.0,330.31656767924625,0.3914284673104273,935.2282458506525,1.1980777389371293,1.8518357854121252,0.10324320685616827,1.9670076344005194,0.1019521989469948,6.379603403715342,0.33847799804364903,6.9075548210726225,0.39793594152309136,0.008174014852304201,0.0009504511899425178,0.02273495732281126,0.004811311057551665,4.271322846016329e-06,6.632689273038297e-07,12724282.573927363,270119.11995390063,16666123.268233642,336204.2408325494,-175.89831449264815,85.67971737719743,437.21212116659325,0.5213150667123843,53.99889441331228,0.1530729073335577,0.003032659536317525,0.010030325483509364,-0.1529485995146707,0.03375058357612557,1175.3418849029636,6.824646523060973,532.7242024739584,1.03034061295248,0.07380877885115449,13.994095032812286,437.2118071186853,437.1379983398341,0.6465244213817792,1.6078414556870466,1175.5471214057634,1174.9005969843815,0.0014595842899901938,6.093428843503333,1.9637142808369072,1.962254696546917,0.0017069169300860665,2.349026991920974,6.894774987888439,6.8930680709583525
3c8cf00e9f,0.17364838600738255,0.07146113632805476,0.17424168894893488,0.07304940991022173,0.2702765433962439,378053.0,189470990336.0,499.4,20,19,4.047,mixed,True,True,uses A,transformer,mlp,quantile,linear,,,0.0,0.0,221.34926917155585,0.19003038304694314,447.971433246353,0.38870723160869275,0.4713012662929638,0.04756308965224981,0.5021413361304158,0.052903115353236135,1.0292974514349835,0.1343359398522512,1.0892002352771197,0.14441136761158432,0.0009408102810295778,0.005035216967371515,0.000637875701004559,0.006229559935624152,4.009170078018597e-07,2.8045177598112613e-08,18596499.83648785,626764.218627334,25481862.539885182,645658.6693636574,-1059.8413362725412,847.3057563128441,434.33869726563125,1.4898519993290302,33.53038256698184,0.08447816594864041,-0.012218142718755534,0.004849695672196565,-0.01645909882868619,0.005156835077005981,790.4549513291139,8.815530920518992,379.3448994954427,2.9057647486617686,0.33681001332073873,17.378405131687032,434.3382118351467,434.00140182182594,1.1911158095330923,3.1425794585022917,789.8293745485774,788.6382587390443,0.002159726573202736,13.368322435100362,0.5021141622976644,0.4999544357244617,0.0030837909791443887,11.876396811921898,1.0895085687031594,1.086424777724015
8720c84fee,0.17179861791099107,0.06859030070836622,0.17275565382849112,0.07045415903861439,0.2654320233856766,1364363.0,125596168192.0,587.5,20,16,3.1,mixed,True,True,uses A,lstm,nbeats_t,mse,seq,,,0.0,0.0,420.688875451684,0.36561945377522936,1269.3964881400268,0.35776725680417903,10.049566801639836,0.789508642819567,10.818278338064067,0.8451379592260582,34.66957057351468,3.1623337745475406,37.72325830057297,3.4893138940064117,0.13918678256048603,0.05173705310157239,0.27190622447747415,0.07965890921716424,9.509984668832688e-05,5.16256583715746e-06,18547847.89043194,361764.903310918,26186470.003846306,594544.3749038832,-108.46291728257636,34.027818837267596,447.7462527388539,0.6961561151200085,96.55137700504729,0.0728920922161808,0.2509217722051154,0.2866927088659253,-3.2839145998373236,1.0619326876836355,1876.1587490872582,2.698994954103554,803.8271280924479,2.702975647689155,0.160090616495116,23.2422486753616,447.74811570016834,447.58802508367324,0.20611807228101497,0.8631442859932427,1874.1192498955625,1873.9131318232814,0.005144544360125754,2.668022093893621,10.783996734989099,10.780362739473356,0.007549014542253947,3.1167912086022023,37.580889742657995,37.575548063341095
9d32d81fa5,0.16985135605834387,0.0690617930405555,0.17000726118846768,0.07028687812324573,0.2651167254686994,1381847.0,187312130460.0,651.2,20,19,3.583,mixed,True,True,uses A,lstm,nbeats_s,mae,seq,,,0.0,0.0,335.0840722570817,0.2063530188915917,1420.8977814630296,1.3379531532683127,6.163558955964011,0.21605436051569435,6.588350957498375,0.2084079168261135,21.78351883440925,0.9482780392564083,23.577736822647633,0.936509582264684,0.06154970320623695,0.0814297131183286,0.08871210573249667,0.12158224046418557,2.4077372543888232e-05,1.6426720024826417e-06,19648497.16934818,762196.4866609734,25771762.32115927,790172.7835280463,-337.58811413354823,122.4048517130355,460.6679331009134,0.5308570416608561,75.88532998826769,0.06250764755803964,-0.0059181865216428224,0.07459972061261393,-1.3974380259367185,0.22754917343322742,1621.104899438482,13.643054758714497,617.2561848958334,2.787353647641225,0.11442278330834672,20.228052351914283,460.6708815428153,460.55645875950694,0.31373946901468724,1.488812116724765,1621.002482886465,1620.6887434174503,0.004355372836083819,3.560684192184785,6.585820215867026,6.584065321244817,0.006686216523888788,1.1864131387713666,23.562478171490593,23.55969083407019
c8b85a1bb8,0.16966611371508342,0.0689763633907294,0.1706711583989214,0.07061028793761971,0.26572596398850395,1150591.0,305307398964.0,771.1,20,19,4.545,mixed,True,True,uses A,transformer,nbeats_g,mae,seq,,,0.0,0.0,457.4067334830761,0.3647477476689926,1105.175743341446,1.0580739583242507,2.7259959057118976,0.247129348723723,3.0168540960115444,0.27514429651021177,7.104361348693388,0.3852523074898659,7.710170678158946,0.39718825123839485,0.013783579661350262,0.1143118358709215,0.04884726740864561,0.13912750719632802,2.1059650946782845e-05,7.625047953415151e-06,260459358.4605302,31666889.41819576,270036278.8349066,32729150.47333105,-1355.5052250939257,850.1601509132828,455.9533545484979,1.7217690460865225,66.07640557818944,0.02250140873400318,-0.41683023863377894,0.1933023430980558,-0.666185482505954,0.18672673816297658,1757.3666208254526,20.891412729161196,854.1227213541666,5.785727209869997,0.23684308672064466,16.7053557746666,455.9563670098272,455.7195239231066,1.2282210574716526,0.42008141797169135,1760.301612732693,1759.67381462413,0.02581741994686541,10.093215212904557,3.0181356045691143,2.992318184622249,0.039210941535051745,9.047312750137335,7.714611400088222,7.67540045855317
debd69ddc1,0.17054822305186257,0.06794688456491726,0.1724123229812446,0.07041608190949314,0.2653602869863785,1114187.0,220860305000.0,718.8,20,18,4.068,diffusion,True,True,uses A,lstm,nbeats_t,mse,seq,,,0.0,0.0,398.4945283631484,0.21674075201622742,1352.631291213135,2.160010306045369,3.458466922476267,0.768494613597388,3.864074003830524,0.8449014442274444,7.639897490077438,1.8255635049891195,8.445508129140514,1.9824093029822432,0.07595867882100238,0.022147053218987762,0.1210476692290362,0.02502092376573423,6.120777952064244e-05,2.0012471723502658e-05,35502256.14560386,2510823.107588978,39686662.45063985,2621747.6528590764,-1633.0480912955766,1060.014790692349,451.42145806779627,0.4932735070646803,55.39568181832632,0.13426605075909712,-0.7854940997057328,0.4922962196467057,-1.0402555103100524,0.5753797568502386,1910.6700195044748,12.50711261971189,821.6203409830729,4.745911076993648,0.07560616370064584,4.907803621480069,451.42768044929005,451.3520742855894,0.7219862178316513,3.93273467523683,1911.0629334091982,1910.3409471913667,0.005383538875700052,8.35215036734245,3.868058465828108,3.862674926952408,0.007297633785730007,5.982325184380946,8.444331605525875,8.437033971740146
3c49ec9fdb,0.17202666567129699,0.07028429742208624,0.1724629189416241,0.0715681077371536,0.2675221630765451,731183.0,237194239592.0,617.0,20,19,4.538,mixed,True,True,uses A,mlp_mix,nbeats_g,mae,linear,,,0.0,0.0,275.3700689474742,0.239810072410231,839.331556443125,0.7390270004575098,3.439097080930272,0.4451326076707246,3.661265150681755,0.4707950036394279,11.029600937374445,0.685580480627016,11.810554423404865,0.7162033660015802,0.06949499025446428,0.06360223299737051,0.07730753906206432,0.06819986165971634,1.3088805029059814e-05,1.5874347624288089e-06,39966676.96131008,3458479.8392887153,46183959.39727678,3486848.245779098,-623.859383117065,325.74819547645797,451.4198141825544,1.0574892730140755,36.03164284759097,0.06872744632176987,-0.21158826564326552,0.2312599981940692,-1.0983408324598571,0.26861013528912153,943.113938451737,3.5793308248967395,457.4748128255208,2.5093288044377546,0.2356048970776783,24.119473384520084,451.4202766115829,451.1846717145052,1.6291374145095006,5.8565851250110175,943.8577808125028,942.2286433979933,0.01625933635191427,12.704817222656951,3.663378241457045,3.6471189051051307,0.026924302840289016,10.839770870440582,11.816920645735317,11.789996342895028
b7ec9b33f0,0.1768930553212712,0.074157367113766,0.17637566776713073,0.07499130795351065,0.27384540885965325,561781.0,7239487488.0,323.3,20,18,0.868,none,False,False,graph-blind,gru,skip_connection,quantile,linear,,,0.0,0.0,235.2507482469082,0.2342323612928737,632.2238112290701,0.2554721828274877,0.4362756742854496,0.012285187632165509,0.46546299429143606,0.0159241793966236,1.1748476867957807,0.014322341672239008,1.2491779937008871,0.018578669692725397,0.0008352938569700512,0.0009304892346842195,0.00413900049987262,0.0024919376535326803,1.1088094359176826e-07,2.2229288527904188e-08,19766362.186453167,283626.48314362875,24693734.550833385,405472.74049456936,-42.71572672622125,1.828414994952978,376.87148199877225,0.2072517154623789,27.941510664092167,0.07506193078965714,-0.003551615203466764,0.0003144749181665265,-0.011359232606368596,0.0004125094973133702,897.2130309704522,32.941967644442336,347.2651062011719,3.760951116938334,0.0,0.0,376.86722485861696,376.86722485861696,0.0,0.0,894.2706242333671,894.2706242333671,0.0,0.0,0.4678565733583306,0.4678565733583306,0.0,0.0,1.2500264849310836,1.2500264849310836
208bef6439,0.1730378792844475,0.07098531659632532,0.17361014634189745,0.07258436688530923,0.26941486017907257,782473.0,53318839092.0,462.3,20,19,3.101,gcn,True,True,uses A,gru,skip_connection,quantile,linear,,,0.0,0.0,304.50744186838466,0.1318305924690551,1001.2570387229013,0.8489188401086807,3.2072532996244263,0.28943727406964936,3.3898915584155773,0.29975369149793024,11.389690532133232,0.8941135835856894,12.285988160878583,0.9345573886761053,0.000866481288791908,0.003870045764367479,0.010749870280214971,0.018686669567168333,5.9044095235375895e-06,7.444424604114215e-07,5763071.380892261,83233.97986088949,9061024.699276073,151316.642506312,-221.42584453636846,69.64505706118891,436.47262167574655,0.7029284225302974,44.20083733399709,0.21404773526143958,0.041300131881311736,0.015145918829187859,-0.47270420673076113,0.08012036649719101,1245.4447448516505,20.44863006553564,462.5000406901042,2.4039966343019885,0.16706389630432264,45.06942989841855,436.47302559725483,436.3059617009505,0.2230554280040451,-1.0632843324624301,1246.6799081427735,1246.9029635707775,0.0008779078906693272,2.009405290090566,3.4097394011800084,3.4090021160866435,0.0008446084192825035,0.1964090460545407,12.356610767781014,12.35627788588193
6b9b7b0cb8,0.17188264764177513,0.07054600543171322,0.1720313837939595,0.0716863951825719,0.26774315151385647,878481.0,11412434944.0,383.0,20,19,0.884,none,False,False,graph-blind,sep_tcn,mlp,quantile,seq,,,0.0,0.0,335.4086901694536,0.08942002016702946,829.653358904024,0.24053410139789647,0.8336281795406345,0.050294999598681195,0.9536074790821463,0.049202234495391635,1.7106186686203142,0.11737505738948631,1.8703701374336565,0.13353324463324165,0.018316287658528926,0.0035022815771506366,0.04090324707395735,0.00464081834401581,2.9089207514353146e-06,6.401720751259475e-08,127106151.43381293,1300877.9305835415,134546516.8734634,4921943.935979022,-36.55043692514261,0.23308098241408104,400.71235006999456,0.15858346096855191,58.27849253018697,0.09774932631406033,0.0033075482306311934,0.003105473709351421,-0.02943630423476637,0.0014631980848363508,1510.9951771503984,1.5889960197879491,636.0183512369791,0.3979569708050255,0.0,0.0,400.7047971645266,400.7047971645266,0.0,0.0,1509.117163400413,1509.117163400413,0.0,0.0,0.9502652485219584,0.9502652485219584,0.0,0.0,1.8714892689711713,1.8714892689711713
3bc0a1f7c2,0.17455059046786595,0.07247214255652432,0.1743867287405496,0.07358048342955938,0.2712572274236382,868239.0,14408441856.0,322.7,20,19,0.405,none,False,False,graph-blind,mlp_mix,mlp,mae,linear,,,0.0,0.0,296.46240131060284,0.32641016719107,710.6301034937302,0.45221550291954976,5.671033191436436,0.4772689898593084,6.024552750564321,0.4948978781587277,19.968399539469925,1.7517723038104043,21.733804008237893,1.9171136230278198,0.0359991962890061,0.014831411948567332,0.07403159406175723,0.029407855823674674,2.757121095421057e-05,3.0436605093371945e-06,1359076.9619638622,12941.573063152962,2153622.564958788,12625.780680346059,-32.303676748135864,0.06958006595329656,414.6568193593036,0.14714018335316353,62.46179807186127,0.1926421662223839,0.3103872777209527,0.14582121016997665,-2.1240163606606504,0.5278125795645321,1037.2996875122826,3.79264270188275,492.5518391927083,1.0752307709103779,0.0,0.0,414.64202473650323,414.64202473650323,0.0,0.0,1036.2664454332673,1036.2664454332673,0.0,0.0,6.001005481600166,6.001005481600166,0.0,0.0,21.648182657047585,21.648182657047585
61d8caf5e4,0.1731765813937632,0.06928192877327552,0.17401969161242212,0.07132757972034186,0.2670722368954547,1682091.0,29010089984.0,404.4,20,19,0.89,none,False,False,graph-blind,skip_connection,nbeats_t,mse,seq,,,0.0,0.0,461.0621653397878,0.24443949590483613,1162.0126731743414,0.3258166485330893,5.970362970770414,1.5038461302059531,6.449698999537733,1.6356328037494197,17.639525899376174,5.682386411411037,19.057457474040252,6.008762509466209,0.17426650149239986,0.025799073071342125,0.3020467386398636,0.03951282203729016,8.6588067708705e-05,1.6672498300706513e-05,211883193.36323118,833456.8016540353,214818374.36848262,998687.9107075201,-33.25510833676054,0.2867046867268189,434.92079703444284,0.3559553663740735,97.72926382223766,0.056211353178498985,-0.8073995638256087,0.5463031070419577,-1.7511619594336567,0.9585200595790616,1719.217785774359,4.5659553171526595,826.3780517578125,1.7405712694964486,0.0,0.0,434.9205542515748,434.9205542515748,0.0,0.0,1719.9077608091025,1719.9077608091025,0.0,0.0,6.4674126460249495,6.4674126460249495,0.0,0.0,19.004298145506006,19.004298145506006
bc8484e293,0.17315948260333971,0.0711245440632621,0.17365449040512557,0.07255209303423672,0.26935495732255743,429001.0,271181893632.0,604.1,20,18,4.531,mixed,True,True,uses A,lstm,mlp,quantile,seq,,,0.0,0.0,252.85033614436784,0.2029072091745824,512.2994695529342,0.4509179332193479,1.5478960858362332,0.1101399320109251,1.6533359531728529,0.11574954814088369,4.596373958528621,0.28519434754324696,4.950860083187595,0.2927881712871164,0.015714409391883028,0.03627930628400268,0.01595639392461332,0.04893568036223571,2.891108254993653e-06,4.1800453675903634e-07,77545378.76712608,8418117.851378104,82616833.28329766,8850382.885181617,-580.7357734259753,30.95187165281977,444.56749124147973,0.8854809101544433,24.923833277490402,0.08976819432410693,-0.04881084254934046,0.026618208151233065,-0.2468493084378415,0.03225640184188953,1093.0454253818116,9.224748399752242,521.89013671875,1.9124442701177606,0.3037087637753378,13.23652250818664,444.5636576295034,444.25994886572806,1.8892002373631083,3.4786746323796214,1093.4800387159532,1091.59083847859,0.012424995553393195,17.760343325671325,1.6527458882516037,1.6403208926982107,0.018125374861525028,16.57362963944318,4.947780306680253,4.929654931818727
078b5550c9,0.1747997439865717,0.07082209142507372,0.1755141546340933,0.07287738328281324,0.2699581139414284,735311.0,11798804480.0,311.5,20,16,0.866,none,False,False,graph-blind,gru,skip_connection,mse,linear,,,0.0,0.0,248.60784928003946,0.2928041315644357,702.5472510357698,0.4035769525097631,11.538092178486599,0.9925263681958354,12.287878587553111,1.0195883258714502,39.92793769791203,3.0904716679553133,43.37173754272945,3.302348387014239,0.10879513518201256,0.06040773746463084,0.18453787578129033,0.13667638699824475,0.00014814182079303742,1.1726030641658425e-05,10214252.692467041,214704.7073663613,15282615.44727798,315554.92533445527,-32.429780623152006,0.07053953851028343,415.0839512948217,0.34297339339703575,59.565060456593834,0.10294727609712567,1.4035107894091299,0.4080273988801993,-6.191769726365133,2.3365367064838463,940.2170904400542,9.558641492471091,398.8705240885417,1.6306426927168904,0.0,0.0,415.0781527185606,415.0781527185606,0.0,0.0,937.4577878560592,937.4577878560592,0.0,0.0,12.270574125685734,12.270574125685734,0.0,0.0,43.39677759248884,43.39677759248884
c8a3b7286e,0.17644411363488668,0.07093721639961502,0.1772833664065288,0.07283770259501433,0.26988460977798334,666343.0,155631083112.0,494.0,20,17,4.048,mixed,True,True,uses A,sep_tcn,nbeats_t,mse,linear,,,0.0,0.0,213.65004058678946,0.08666699528406939,771.4015867163738,0.7650546404420521,20.244029368689855,2.25413585989423,21.482387373157973,2.2347091886381354,70.7328376138362,8.519494048321828,76.6387386991043,8.546455726874264,0.2529193735567817,0.12106441549182714,0.4322285597763469,0.22050764974948567,0.00032357408780974236,9.02580486316581e-05,18284482.31637275,1416295.1607672207,22863482.852675647,1473289.4213200645,-152.1810460526369,72.99351600334585,450.9944484332043,0.4029475295323351,46.64187134636773,0.046766952085565444,-2.128128492953054,2.61132510621218,-25.11218570776531,9.429610976307725,864.6059072111789,4.0339076276331225,395.0120137532552,3.091304090979269,0.1739876899572058,27.455425166439742,450.98398467529853,450.8099969853413,0.5147313835403793,3.4032652586979806,860.278580056954,859.7638486734136,0.003982533026276751,7.30941423108941,21.51728982768858,21.513307294662305,0.005305095726200193,3.5352829018247163,76.74549948533394,76.74155071356698
6f77e842fa,0.17409632064965821,0.07199967406696912,0.1742839300835263,0.0733731233515977,0.2708747373816866,1092639.0,387448797184.0,809.8,20,18,4.543,mixed,True,True,uses A,gru,nbeats_t,mae,linear,,,0.0,0.0,387.5395941237609,0.1805898590544623,940.9401809417953,0.0368769043547375,7.607560048228417,0.22718445556599878,8.071270974213038,0.26375175506207205,26.39928875161186,1.1514541100097917,28.439190894778832,1.3119332488166244,0.012962393820621363,0.03049191144199892,0.027384530294988968,0.05412219492213377,4.562718355633657e-05,6.605550600156218e-06,348459722.7008752,42223347.80952831,363233546.6118252,43430063.493312046,-712.9835055292488,291.88269528375,463.2574022060447,0.27284193603812223,70.7571517361535,0.26219194971423515,-0.05338959555067648,0.1954752660619323,-2.0810115965233127,0.09025813527409639,1338.69777077356,15.207168884789121,677.2118123372396,6.102132777985309,0.31318777508670337,18.559004968718526,463.2674119015418,462.9542241264551,1.6827288141923116,1.5292939140608062,1337.5055735341787,1337.0175218564025,0.024855865524765264,3.309136925278155,8.056116503382562,8.041555645339717,0.04024313034411738,0.22901934250050718,28.363591240115987,28.350162117051173
7f4d7b46c9,0.17404120556491734,0.06945854888855958,0.1762370097825478,0.07243882626620995,0.26914461961222624,1180315.0,18192887808.0,376.4,20,17,0.888,none,False,False,graph-blind,sep_tcn,nbeats_g,mse,seq,,,0.0,0.0,340.5830874691407,0.12939784685428796,881.1249816690882,0.662488750703076,7.957017325391159,0.06870770962757289,8.713043013579082,0.07161854546463221,24.342289063454945,0.6111203072096155,26.620936869047124,0.5578959059384261,0.20509940728502216,0.048954405684715284,0.390581300530956,0.06626032028062866,0.0002252450889268349,2.3926511961152282e-05,39490347.71708283,451831.13705170277,42439437.1903614,1186168.399541025,-33.305970766678826,0.04306755256026383,412.9344474432023,0.14705769237168687,59.05947158071729,0.15437178666281054,-0.08559305732938849,0.14366534973793124,-2.9573174443426153,0.2951200702090493,1430.5243049940052,8.250670239102558,615.7374877929688,2.1938409454969836,0.0,0.0,412.92826188215344,412.92826188215344,0.0,0.0,1426.3838452545028,1426.3838452545028,0.0,0.0,8.789929783942362,8.789929783942362,0.0,0.0,26.77582061523089,26.77582061523089
c06230db22,0.17402318929129912,0.06972894379294632,0.17511227545877273,0.07206929834471293,0.2684572560850478,468811.0,148914069096.0,517.3,20,19,4.045,mixed,True,True,uses A,tcn,mlp,mse,seq,,,0.0,0.0,199.30165094137192,0.13086584712792534,716.1541796078285,1.411325179732637,5.6387247416966675,1.1500167936991241,6.061867833006569,1.229350976004437,15.418869729387717,1.9037889025452543,16.652009967036786,1.9717156490473182,0.17043938566649444,0.17199860138566386,0.20151345162234643,0.20415595449523086,5.317203035382854e-05,5.673938663414825e-06,15927666.177539019,670575.0298828253,19424680.79866144,731454.9405172213,-662.5022580052847,468.274340143983,442.83463511327426,0.7043979645563092,29.714245306120976,0.08595210495929582,-1.2210301114774005,1.9472654489676313,-4.410118280758147,2.340448776557,1007.9693269485086,13.463187230047485,440.75904337565106,6.4379992839410765,0.19213831143980542,20.229779667809748,442.83092771781406,442.63878940637426,0.23585390935337122,0.4858815040620637,1007.9419476801538,1007.765378865902,0.020065215070223335,9.474237867002493,6.074110508710341,6.054045293640117,0.02584717731857585,5.899927972456323,16.661044417346076,16.6351972400275
96d962d609,0.17147806754086165,0.0681151471912082,0.17257419299166807,0.07027472714064043,0.26509380818993195,1420979.0,309927051264.0,793.2,20,17,4.549,mixed,True,True,uses A,lstm,nbeats_s,mse,seq,,,0.0,0.0,472.1187868664662,0.39054356722841044,1280.4987542070448,0.4325789446401464,14.566922042693477,0.28175686286559437,15.733271776255362,0.28395120869655044,50.047844110713925,1.5436736249752199,54.392961230418585,1.6856833689938382,0.223201836624476,0.07305348992804371,0.3967848567045269,0.13662235712546325,0.0001859619432034458,1.991059418089596e-05,99044094.8938904,3430705.613521004,107138476.53302014,3261177.4949928126,-194.9239467669805,60.065094540404466,462.67895316057366,2.213051136329569,77.07016804483202,0.15750377611868782,-0.028463723308902882,0.34297551292562983,-8.156004173545607,1.2754394768930277,2044.304193905525,15.139582869631994,883.8841756184896,5.405461689895617,0.2849267173218095,25.743462855832604,462.6750066128252,462.3900798955034,0.851372568500968,3.0982238643057163,2043.802693309943,2042.9867543006196,0.0116491604336737,5.105336795256823,15.729418346895418,15.717769186461744,0.018693526047682003,3.474181261935002,54.304328985998005,54.28718937404233
1e20477f16,0.17351300069007855,0.07104800997652279,0.17400330397439612,0.07222420530323559,0.26874561448186574,570069.0,377457731176.0,745.2,20,19,5.016,diffusion,True,True,uses A,skip_connection,skip_connection,quantile,linear,,,0.0,0.0,268.67666918536025,0.10595078324709331,728.0949551897744,0.8887923606526389,2.8798328950871714,0.46763699975092754,3.1445815595188606,0.5740001000113331,8.813658328942408,0.4291182525863679,9.509828589066865,0.43443461686299295,0.15276881573165405,0.12802462394182829,0.18576010608347315,0.141676354492243,1.275221883710637e-05,9.330530676453023e-06,130319167.23988576,10358373.362432525,140109513.1071522,10400597.907944452,-637.5910346383893,268.8096667473639,456.89913480668906,2.16425444844065,33.79886224534777,0.1958665706833028,-0.29868481148999776,0.37177987060210593,-0.7623893915228761,0.5015392090373245,895.8741753552449,6.319213182245118,467.5532938639323,13.182408629434148,0.09188366761069726,4.926527581167795,456.8986414631711,456.8067577955604,1.0458293581846192,2.2440570091850183,896.3939164866814,895.4926202584198,0.009707932757359927,5.157744586928993,3.140033445409323,3.130998424070341,0.015209981764380487,4.6253090829946935,9.503609682555878,9.489286776409944
b72121fb5f,0.17328105599312968,0.06916014767506318,0.1750163286200126,0.07159052896941417,0.2675640651683521,639651.0,8448399360.0,378.0,20,19,0.86,none,False,False,graph-blind,tcn,mlp,mse,seq,,,0.0,0.0,265.1873917678992,0.32160682658439427,787.8335506469011,0.5688680370917696,10.498427625166945,0.6283954996548798,11.385632292502237,0.644260847122121,32.84807587292253,2.496334367912428,35.88139733266874,2.693794932450606,0.3308250520706254,0.062004783458391416,0.5247279848165501,0.09237714216699759,0.00023470246709701985,4.676609551267221e-05,135830326.53361627,4193087.0012698937,140377009.46507946,7215366.107543491,-32.463654132388285,0.1093379437197279,401.6437249850296,0.12794938783806,49.88584058814579,0.19816591505761655,0.8765121262680067,0.2110500551238109,-6.5655794176454805,0.8949528450200598,1452.9193282568322,14.783322471857552,568.7245483398438,1.9998256941427643,0.0,0.0,401.6427884253706,401.6427884253706,0.0,0.0,1455.5008988953532,1455.5008988953532,0.0,0.0,11.43936716595919,11.43936716595919,0.0,0.0,35.908164412050084,35.908164412050084
2530ec6365,0.1749766431692269,0.07057067082328335,0.17504789673905471,0.07212169749044416,0.2685548314412611,309939.0,4256167936.0,264.0,20,17,0.301,none,False,False,graph-blind,lstm,mlp,mse,seq,,,0.0,0.0,100.12179184953372,0.07842502488453106,312.43056986232597,0.1940313474256862,4.03566713676264,0.3022447387996914,4.2699903121116485,0.3298965137504664,11.679384267523107,1.4081048924947872,12.540428883669797,1.5294507761074814,0.1372797134533847,0.061152410899729316,0.20765564807040202,0.0680707127651345,1.7411959130531097e-05,4.700924819745695e-06,58826575.289503716,1044687.4307408169,88596716.62635146,1898640.612268733,-36.22962714172042,1.2764348181968481,380.0269374967251,0.2800309511433382,49.46284058358933,0.14713460473764448,-1.207028805536252,0.2458060294768247,-2.4135815434334047,0.5183031333395189,577.917259363303,3.5914041225426776,236.6509552001953,1.6281472686482843,0.0,0.0,380.02266016416075,380.02266016416075,0.0,0.0,578.2636762609962,578.2636762609962,0.0,0.0,4.262337306441006,4.262337306441006,0.0,0.0,12.522781453933133,12.522781453933133
4dc1c8454c,0.17377934978657383,0.06965711395434789,0.1741473064605115,0.07142368281307661,0.26725209599379496,1185399.0,326628295476.0,790.0,20,19,4.542,mixed,True,True,uses A,tcn,nbeats_t,mse,seq,,,0.0,0.0,366.2717880855004,0.44532852779320914,1140.3559551502888,2.2154861453286734,9.824605541080624,2.465349237495607,10.75464776383148,2.932858242929418,25.435053325523082,2.957193658507389,27.309009137813078,3.262797508716778,0.5701109330603804,0.6000240263247232,0.6997157950239795,0.686140124626458,0.00021315100472140086,0.00015304722670077394,370387240.1990962,33825484.01766279,390102195.8666552,34088111.75822375,-493.1782268352699,99.8424285417662,461.44293436486583,1.1361188412755872,69.31368006600273,0.15261262793818256,-15.084642238109675,19.576905038494154,-21.5729941941955,24.69959261831611,1626.4708697476647,14.792186190090744,712.8242390950521,5.846631658846113,0.30135408387269536,24.18749733426695,461.4390972467364,461.1377431628637,1.5237736657430407,5.929796946243422,1625.5725582200541,1624.0487845543112,0.08164674369213643,22.981044524307205,10.794491512552861,10.712844768860725,0.11012095932009085,23.57484264860348,27.393150368024923,27.28302940870483
54205df3c9,0.1750891619913486,0.06995830287581264,0.175724039553582,0.07177122890550919,0.2679015283747168,266299.0,288011368040.0,703.6,20,19,4.531,diffusion,True,True,uses A,gru,skip_connection,mse,seq,,,0.0,0.0,230.82091588775316,0.33521234508569925,842.5210392897328,0.8100655601710881,2.1688440227289525,0.5225992518556889,2.46189619601881,0.6075824459159058,2.8821076416088744,0.6403998244498965,3.080711679398464,0.6832324220022249,0.17004073166230174,0.13558887666393962,0.2134065114138942,0.15155746393327865,5.184549449686296e-05,1.725727261629298e-05,80580332.62380019,6767070.651275387,83067984.07777072,6900060.409412782,-1476.1379783641814,771.7649245412632,445.01605526199893,1.6909762253540224,18.598984241485596,0.07893929544318462,-1.075543047442529,0.873645265944878,-1.3556774064213715,1.0102078898676394,1263.0872360320736,20.3912564300751,531.8377482096354,5.46265356793409,0.07521811220215113,3.4237864924653354,445.0167978221304,444.94157970992825,0.7315872267636981,1.4395731252823816,1265.9779516031992,1265.4420899786167,0.02403897517747892,14.972968389886324,2.453279088227747,2.4292401130502683,0.03537000531223707,14.206464607584133,3.075035230960749,3.039665225648512
d01d0b5440,0.17173240215845,0.06852626818648518,0.1732677563318795,0.07093163012082203,0.26632992719711773,959299.0,15196088320.0,403.3,20,19,0.458,none,False,False,graph-blind,mlp_mix,nbeats_t,mse,seq,,,0.0,0.0,338.1264874140422,0.2917222302689294,974.0640880564848,0.15554915585566412,13.337891979666892,1.4800226102053486,14.172060304311117,1.5285975791473159,46.09736150035439,5.01377272042409,50.38330956760907,5.690587906867387,0.049981597579113406,0.013930595743461487,0.14604284199091178,0.05778988981404193,0.00014648024653668153,4.692493039359064e-05,10260355.326481799,179001.5635736857,14906277.897977585,280687.0626689373,-32.915350631698644,0.34528008371399566,422.32152363355954,0.2962331008979003,56.275114840931366,0.4227749589432871,2.0495459215828378,0.2534809436812691,-6.014536222905129,0.41910304626714456,1497.9607931554635,4.073222147736184,628.8909301757812,3.1838239984389873,0.0,0.0,422.33801591117304,422.33801591117304,0.0,0.0,1500.741419790782,1500.741419790782,0.0,0.0,14.236923550610376,14.236923550610376,0.0,0.0,50.63726544416718,50.63726544416718
f7f783ef22,0.17224628868815892,0.07029650463354475,0.17302261980958872,0.07196135676374267,0.26825614021629157,323363.0,189406858036.0,503.6,20,17,4.525,diffusion,True,True,uses A,lstm,mlp,mae,linear,,,0.0,0.0,155.8782622218132,0.2840130921029279,487.2153578735888,0.6116534308213764,2.8424130774074,0.01676230483407604,3.033083668807871,0.01679783792376603,8.07078392835857,0.14309506464692806,8.668953737456361,0.1644579220065038,0.07237835681279671,0.053793384230047744,0.09644266124540418,0.03859171287284873,1.703493760139613e-05,4.334856462964122e-06,27517154.82335323,461615.47133504925,32718921.30977537,551084.5688605125,-1552.141604432744,588.9834480223005,435.3719076193252,2.1989375721277753,26.24161134825813,0.1382371601882197,-0.26574488212927,0.004375658195123493,-0.786596619601951,0.04145043885277622,627.4550401335166,6.8804290749337005,292.29417928059894,4.527861437626694,0.20041866729565072,9.433860570653891,435.37270079243643,435.1722821251408,1.0588862202265545,3.6892878382325707,627.6827910895096,626.623904869283,0.013932050260449932,12.648322311843204,3.042678283094014,3.029152148471024,0.019840016693963847,10.812021286474131,8.697186548123401,8.677753400547871
4d14ad696b,0.17146650404054972,0.07062087935658437,0.17189562045499446,0.07223515816367845,0.2687659914566545,1111961.0,15337873408.0,432.8,20,18,0.881,none,False,False,graph-blind,tcn,mlp,quantile,seq,,,0.0,0.0,387.24054152270156,0.41003133613392695,1024.0702367424965,0.8414806498030438,2.3981147452693676,0.04207165100846202,2.567909339950882,0.052090899376715134,8.083493089791084,0.18609956331228267,8.741556078199553,0.1916535794015688,0.022735426906667088,0.010635920933270716,0.03596066997821524,0.022109668553896726,7.279186662471865e-06,7.304127487993174e-07,17918813.819094837,253503.16055871636,24554256.77493878,382681.4756144513,-32.24942863576323,0.06025284957189208,414.474778757415,0.06503809787193403,58.36947589450412,0.04881423504676333,0.04729216571201402,0.021768055838169174,-0.3011912093171815,0.04521002020176975,1742.6850234179735,11.246548535661812,732.7455851236979,2.1760280500737395,0.0,0.0,414.4879740980668,414.4879740980668,0.0,0.0,1742.1902479205346,1742.1902479205346,0.0,0.0,2.56395462060695,2.56395462060695,0.0,0.0,8.733080088951692,8.733080088951692
bb3849f6d7,0.17028634558510758,0.06944451631428586,0.17139824299664572,0.07138324697317504,0.26717643416509446,709633.0,8212690944.0,443.5,20,19,0.867,none,False,False,graph-blind,transformer,nbeats_t,quantile,seq,,,0.0,0.0,362.9493666340907,0.2752217649034047,888.1323753843704,0.38672520434311974,3.081050128515926,0.24147389413112694,3.400333303182452,0.2836320663961972,10.765315311613,1.0178066108641275,11.737510773134444,1.104120111469356,0.03578552417602908,0.003742617942736217,0.06750942236343634,0.019433850800601088,1.353721526432363e-05,2.7412791868787937e-06,8449847.936007567,141788.9436269764,12470398.136324069,237074.8724564625,-32.86708635522763,0.0910533782595025,403.03525691095666,0.41850192033213635,37.78751940197415,0.11749117474192937,0.07533964563446753,0.034956302352699746,-0.5687807583210045,0.16932915962575448,1716.3177904542397,15.556551943044148,665.8246459960938,2.3912438768604902,0.0,0.0,403.0275773858848,403.0275773858848,0.0,0.0,1720.0262571465942,1720.0262571465942,0.0,0.0,3.3794445088997414,3.3794445088997414,0.0,0.0,11.65623821530054,11.65623821530054
f3ab66dc8c,0.1735937218333189,0.0716688218349673,0.17366420156248866,0.07292826384993978,0.270052335390642,727053.0,154859964416.0,500.0,20,18,3.576,mixed,True,True,uses A,gru,skip_connection,quantile,linear,,,0.0,0.0,292.9334824681282,0.1301102455471598,710.468229085207,0.4127858230056559,1.2873504426679574,0.08276442842414848,1.3696988185152934,0.09448131416225165,4.312296023302452,0.21543912583416383,4.618623011082261,0.22970279278257177,-0.002547377617747992,0.0063109903181020255,0.0030087252112171122,0.012870853177994258,1.5844026696486255e-06,3.5411109148481246e-07,28978924.15820734,1124224.2211014228,33210686.908949982,1195111.000927386,-1131.1693293730896,186.33001203645568,447.56473157161037,0.8770545721552643,42.208512849277916,0.03389423562503942,-0.0421712539152807,0.0035690384245381916,-0.13397425479231098,0.007262763593361262,982.2052026312393,15.73448916307411,445.4425964355469,5.972612274526553,0.4511329926894329,35.36545509728662,447.5648314715197,447.11369847883026,0.5951269145049309,2.2120249851799674,982.0380907745342,981.4429638600293,0.004220304059891526,9.632985794416577,1.3702222157184862,1.366494979037319,0.006678054651483596,11.50958330057619,4.618460840093367,4.612359555605786
f456798105,0.17454454437717773,0.06990381888535856,0.17519306325391026,0.07179473705345342,0.26794539938848255,804587.0,216583691880.0,640.5,20,18,3.567,diffusion,True,True,uses A,transformer,skip_connection,mse,seq,,,0.0,0.0,365.1433967500925,0.184052376937706,1044.0604408967,2.146105937970155,7.074550217150924,0.9425416569358678,7.619191114012938,1.036003701554469,23.91105177631161,2.03258805440837,25.887024398091103,2.2060604897645693,0.14892613737587743,0.07365257933462807,0.24575601414426393,0.12213502412556151,7.887248024847121e-05,1.4179900435054058e-05,52551095.3301548,1045946.8134383658,57564331.08704204,693880.3860241472,-268.4520877269524,190.56680031323256,447.8023667838726,1.2131046145688098,36.19140073988172,0.05499399203179233,-0.5571745096260968,0.6559149675309124,-5.4505059255761905,1.6397345660850857,1502.1008493179913,26.320290246313306,658.1001790364584,8.103809929102074,0.09471470950529692,6.872699015980871,447.80283110133746,447.70811639183216,0.16885292338444438,-1.12442055563808,1502.4327637138233,1502.6016166372078,0.017111954967447513,11.242831516397963,7.628853289847528,7.61262341116265,0.026419496795959674,7.810807838784679,25.908002821496,25.8848466588503
6e1802d5ef,0.16979088474192977,0.06894265653849083,0.17034126247844025,0.07035038414731495,0.26523646835854786,1652385.0,24714051584.0,501.3,20,17,0.896,none,False,False,graph-blind,mlp_mix,nbeats_g,quantile,seq,,,0.0,0.0,647.5734554082155,0.7625052684701101,1451.7403490593035,0.6654737476910665,1.5673220655880868,0.010750357221595692,2.041389411135233,0.010796740520912644,4.60628812871669,0.09548760353887607,5.356134088139534,0.07303946667162747,0.2196177797258473,0.00401343991302501,0.35417114501890107,0.0017223322430032684,2.2618173395133598e-05,3.1547295794182254e-07,1336844548.8446658,6566433.657745978,1657478291.3073952,11011409.965780867,-33.55375317741423,0.09328780021780707,424.07927364118353,0.03620281406305706,79.88568736447229,0.02410644595286409,-0.011208217761192017,0.002947495432791906,-0.05429502586931276,0.002628601915242441,2599.3523976983047,12.987634545211085,1167.80078125,3.276141358735222,0.0,0.0,424.0791614842499,424.0791614842499,0.0,0.0,2597.012382412211,2597.012382412211,0.0,0.0,2.0375884374222855,2.0375884374222855,0.0,0.0,5.354829370634373,5.354829370634373
8aa83ca999,0.17427020362628987,0.07227725215512038,0.17439310048069728,0.07365755584738234,0.2713992554289388,962653.0,14538207232.0,372.0,20,16,0.874,none,False,False,graph-blind,transformer,nbeats_t,quantile,linear,,,0.0,0.0,365.5254789193471,0.30073174575171274,824.3533623466889,0.3168271593813785,4.056548061180365,0.057491554246338276,4.263334430156899,0.07109605615156078,14.725488165986057,0.18825256442411398,15.979760269908686,0.25782058385668544,0.012847074816406416,0.012274191285911153,0.027320333577586536,0.029118680195669,1.3337863545692056e-05,2.821380407816053e-06,8313483.252233344,110701.98216826312,12735726.176805226,192346.3328863697,-32.08584873610763,0.013364461963455775,415.18386669740613,0.3444776764627383,49.492154452535836,0.027078381747027373,0.08261636441885438,0.044202447321111046,-0.9997600241025072,0.09487893573298595,1176.987323341772,11.082026740072983,530.7764282226562,1.2623151397154295,0.0,0.0,415.1718324628647,415.1718324628647,0.0,0.0,1173.5608145363205,1173.5608145363205,0.0,0.0,4.281195615033574,4.281195615033574,0.0,0.0,16.04005760020147,16.04005760020147
2851fa19a9,0.17218932845388926,0.07086601005530364,0.17178218861541655,0.07192067792899409,0.26818030861529357,962717.0,57143525376.0,412.5,20,18,3.097,gcn,True,True,uses A,mlp_mix,mlp,quantile,linear,,,0.0,0.0,363.50133996705216,0.4935436166129347,797.5616019371276,0.7155618085462577,1.6752634441321181,0.035210112891070754,1.7953294428051467,0.04026509807754409,5.5448536479221024,0.039138494728283145,5.967997240097959,0.05501147935592776,0.023245759517940792,0.012553398847350286,0.042046127237580694,0.01805045775594362,3.1420988730622713e-06,3.6457493601977907e-07,4239569.27024386,48303.92113614859,6219718.176846601,48741.721865308275,-379.3404818397303,345.32899877859893,437.85088764077113,1.2466153403591609,64.17026884025998,0.2000672553701477,-0.020764307292011033,0.03684246880069476,-0.14340219092334236,0.029996992494208865,1262.3477453901994,18.854845386643756,586.2557169596354,3.495269195930899,0.3424793992248283,49.755917679116095,437.849393584157,437.50691418493216,0.35516957068459004,-0.33289846426540587,1263.6622411875155,1263.7757784815544,0.0006268503060717171,6.31314638966912,1.7914241168093377,1.7907972665032659,0.001096914031140687,3.7007579423084227,5.955138354735739,5.954041440704599
6c3f1aa3d5,0.17774000613115654,0.07161972628053435,0.178659792387471,0.07352453536316662,0.2711540804840794,1033255.0,306294828648.0,698.2,20,18,4.53,diffusion,True,True,uses A,sep_tcn,nbeats_t,mse,linear,,,0.0,0.0,296.5092689245939,0.12371137520908165,1017.0486282060543,1.0765624102782614,24.56460082352957,3.665801431508314,26.102647071439375,3.992964141565734,86.66956080922643,12.178935378122864,94.1061294880492,13.594186953470144,0.2282446036574298,0.04287774110101525,0.4452585399820161,0.09940878818353809,0.0004274952515152782,5.95440047656975e-05,94788587.66943176,1499923.4621525914,102608416.08230285,1503260.3355464062,-93.66709246923926,42.7495357548381,462.4067238697946,0.42065188669088466,76.42627436584895,0.17666817257576098,0.8630154868551644,1.0141809133019202,-21.703795727502868,7.367942388495228,1104.2734978261121,9.779031580006386,532.960693359375,5.40788152640178,0.09805472964870887,10.453526613268432,462.41429162290774,462.31623689325903,0.8844215731354174,4.813976330624188,1104.7721524294727,1103.8877308563374,0.029320429741858334,10.380520378419028,26.105566699734624,26.076246269992765,0.05715330208965478,10.216519488031247,94.17350900264532,94.11635570055567
d1015ae729,0.17228290055142967,0.0703021483634497,0.17262454667691038,0.07179000367153604,0.26793656650695524,763655.0,176270941800.0,564.0,20,19,4.545,mixed,True,True,uses A,sep_tcn,nbeats_t,mae,linear,,,0.0,0.0,291.05134767790634,0.09737635174948456,961.9689841940999,0.771058623973712,7.915883619965219,0.41363990562707814,8.38135194339232,0.4404006535530209,27.4360883111181,1.592959893599537,29.753236640266376,1.6421413543129828,0.07034914211914127,0.049894962999683386,0.11294300651690452,0.06539777787313583,3.987957787086995e-05,5.008724308036278e-06,30362452.469609197,377466.69292048586,33010956.188481946,532944.548649353,-136.84095051041396,53.474951570799576,454.65530931380636,1.2350490234825207,47.23423331313663,0.0923105743655036,0.18770890805911997,0.12392057202009715,-2.653147423701928,0.35183670580845244,1123.0134737617227,8.456040707337294,496.77069091796875,4.304331552523494,0.2765670419088527,40.571827886049384,454.63723840741,454.36067136550116,0.7019211236975783,1.5566999055484187,1123.3130268076816,1122.611105683984,0.006792980378154567,4.100280161882786,8.392087659418202,8.385294679040047,0.010346812672298237,2.031139132761196,29.77832601051959,29.767979197847293
8ddc39853c,0.1693935023727695,0.06889942049780938,0.17004472276202673,0.07053055379761526,0.26557589084405847,1181567.0,80290259356.0,513.7,20,19,3.096,adaptive-only,True,False,control,lstm,nbeats_g,mae,seq,,,0.0,0.0,360.3239387621482,0.3189991375645933,1286.7711147243779,3.158093358505843,3.9265819599386305,0.056043559762595445,4.209002750951142,0.049223128174732,11.658911015762657,0.45749385187041414,12.536468545490768,0.47411380669520814,0.036476879051430516,0.1114146328642388,0.037203970218619535,0.10442097746249451,1.4420989065700003e-05,3.17287271574366e-06,5768261.855423261,163242.29458840544,7070015.90015993,160798.59451631922,-318.81670434988746,174.3516822372993,443.80886446386467,0.7835516495661091,79.40132435162862,0.17920431793437916,-0.4566405300063545,0.1224046184337902,-1.1594869428757335,0.0417151826395189,1629.1167855103497,5.1739235712244875,675.4153238932291,1.111768303874264,0.0,0.0,443.811243927673,443.811243927673,0.0,0.0,1629.7128756372394,1629.7128756372394,0.0,0.0,4.214804979024902,4.214804979024902,0.0,0.0,12.56070024074359,12.56070024074359
298a922bd5,0.16895207196736692,0.06830357474257105,0.1700782786018214,0.06995587986084845,0.2644917387383743,2112917.0,178598578588.0,692.3,20,18,3.602,diffusion,True,True,uses A,transformer,nbeats_g,quantile,seq,,,0.0,0.0,670.6900853166977,0.43741900253613425,2003.4779546658199,1.0446755479845489,3.0732761268712543,0.11947274421873051,3.28940740708696,0.13694772607493724,10.920360379565636,0.19482612949480244,11.758542272085167,0.18735727789605283,0.05317131893277993,0.03762626507658698,0.0716933444968711,0.05242769920244559,4.755785256532225e-06,4.559237778501068e-07,37049350.60296372,7232654.168300828,37872154.41453508,1401116.1395473925,-177.31057290515298,82.08491091626064,458.36467686953773,0.6823782649761985,98.50281900829738,0.03159591910252964,-0.018700688745705005,0.02730228918925967,-0.3941193603274888,0.014416389323065545,2701.73578836701,8.944989766397622,1150.7235107421875,5.827067780419948,0.05106739553218631,12.684943502561728,458.3517637324007,458.3006963368685,0.5039261802077514,1.0947854526663958,2698.016362470231,2697.5124362900233,0.0032852356146707193,12.545522207764243,3.291346578186533,3.2880613425718628,0.005486405187115888,7.134797514365786,11.767798475469434,11.762312070282318
236ae80505,0.17085524190435725,0.06971989599894478,0.17122130459887433,0.07103671591597657,0.26652713917343684,1213311.0,204812325276.0,725.0,20,19,3.577,mixed,True,True,uses A,skip_connection,nbeats_s,mae,seq,,,0.0,0.0,405.8960384180148,0.30007787995788765,1438.4145498226087,3.626311713431257,5.776359236002603,0.27086545712021565,6.166320244862793,0.282156373198797,20.15278225323657,0.8407192610437099,21.918817954263044,0.7913364001649482,0.09249998108653484,0.06307973885376528,0.133151435381383,0.06991943101232241,3.482254077653162e-05,4.065947184065326e-06,32294723.99481103,2805179.068845832,37948023.52172387,3056443.227655347,-337.3041301292006,70.25054701280585,464.41614964611244,1.114195536858537,91.582507358657,0.21399999229752084,0.012991275084733836,0.23138227319486251,-1.0890977335778835,0.2028941677435588,1822.459884224124,11.778005411249994,791.518310546875,7.135419223545943,0.17896168209288513,30.413721041958727,464.4136366745063,464.2346749924134,0.6004325922090933,1.1703893032680093,1815.040440183434,1814.440007591225,0.0013602555879410616,3.0382838390432787,6.150813212730539,6.149452957142598,0.002074141454581735,3.0169979968444243,21.853640401460986,21.853416074756623
642b802236,0.17353333131642518,0.07145362441090963,0.17358626946716377,0.07240300654532118,0.2690780677523183,514895.0,49875453544.0,332.7,20,19,2.596,adaptive-only,True,False,control,lstm,nbeats_t,mae,linear,,,0.0,0.0,140.35440065960088,0.23754696705589773,644.7739476319402,1.1740827652594106,5.546904633311594,0.20111389725162707,5.87884868268772,0.220097716588568,19.896359615628096,0.9005011801952147,21.493926008824303,0.9587745773598838,0.0498429569333703,0.017229396884942814,0.07962683873870521,0.04796900705890231,3.151597544799311e-05,4.446782056047298e-06,1826422.185745706,101144.87735259242,2579948.5331490017,116286.9637613761,-76.61645163103684,33.90479206350882,430.27589966492997,1.7984330251343708,35.1368688080046,0.13517954798719828,-0.00014231157770898858,0.1143958737979026,-2.4901350908005973,0.3720292420936111,660.7686545808847,2.189108184780588,260.6591084798177,0.5460378292217062,0.0,0.0,430.26909923181796,430.26909923181796,0.0,0.0,658.8352276666736,658.8352276666736,0.0,0.0,5.883844577922806,5.883844577922806,0.0,0.0,21.529927488788974,21.529927488788974
2c378cc928,0.17281883145421878,0.06885450672040193,0.17340302155924597,0.07064876374070005,0.2657983516515858,1054543.0,38788205364.0,388.9,20,17,2.123,adaptive-only,True,False,control,mlp_mix,nbeats_g,mse,seq,,,0.0,0.0,340.673443838954,0.3237505624484285,899.4602834781011,0.9254303087949999,5.174464465687682,0.1635486827264556,5.513573857891372,0.1817065440202783,18.868962078351046,0.3003254430147805,20.321808506558167,0.37096598671392805,0.07006847805423462,0.017832693459519038,0.12030083314125882,0.040105555235457786,1.6854071850396992e-05,6.818121632491995e-07,46182234.11519215,846227.8036503223,49093893.48254967,1374006.8184283052,-441.80570818811174,225.1055969341687,426.8512222348225,0.4917448266144581,53.07984618345896,0.04806668199468291,-0.07286665655942272,0.08563826051555692,-1.898329602006078,0.20254562375830296,1240.6487160216539,2.3852596070575434,591.1836140950521,0.7230665954954316,0.0,0.0,426.8465624651681,426.8465624651681,0.0,0.0,1239.734220218492,1239.734220218492,0.0,0.0,5.521911344141624,5.521911344141624,0.0,0.0,20.348473516980437,20.348473516980437
e82856d3ea,0.1706191141195697,0.06967008446658211,0.17083181321331248,0.0708499440826014,0.26617652804595937,1106339.0,80309449116.0,468.2,20,19,3.095,adaptive-only,True,False,control,mlp_mix,mlp,mae,linear,,,0.0,0.0,368.1391092936198,0.5203571706535145,1188.8787975143641,1.4841408970319894,3.1309231918712612,0.2165969521702497,3.345613594499864,0.24249671315868726,9.92615982443342,0.33774358291664336,10.599678549159066,0.40412460422977337,0.058282829964591505,0.08479192795183288,0.061935970280478564,0.10422603550349724,8.576048708932733e-06,1.0916535640139993e-06,1548609.1914141162,44363.85610154001,1888391.3529435608,49742.312073002395,-450.56771784200515,69.42839479536777,444.4611834910716,1.1771989906930147,90.35084184010823,0.06471101571847862,-0.07357312942433797,0.16337135314973475,-0.7142918612236597,0.16452794471325047,1389.6585906200173,5.249754953331937,638.5878092447916,2.6271067125753382,0.0,0.0,444.4594900980868,444.4594900980868,0.0,0.0,1389.6467383990985,1389.6467383990985,0.0,0.0,3.3502817348268468,3.3502817348268468,0.0,0.0,10.636156104837477,10.636156104837477
9f41175a59,0.17904528783505827,0.0720608717482056,0.17985684927077658,0.07405796772002594,0.27213593610551684,872163.0,16438820864.0,235.2,14,8,1.208,identity-only,True,False,control,tcn,nbeats_s,mse,seq,,,0.0,0.0,238.22561697661877,0.048406318910273555,637.4366644869248,0.27267527374133427,13.467995116633878,0.17392921906392225,14.404340563428798,0.1504778803498708,48.003648235533205,0.24704437413433303,52.01636794137449,0.6073951582969281,0.09923838615674752,0.06770687903658741,0.15409496338530523,0.14438155959865542,0.00019047885967341874,1.36111148789245e-05,110432905.6645859,2115789.1848714137,155220169.12004647,2465185.3776424546,-160.4304038504157,170.34818163851122,424.04816649181845,0.24807373547062375,59.469991895887595,0.27903502682876763,1.4563720206967592,0.6651139387465898,-5.000842051961125,1.4949445732978957,925.6595079533946,4.3363221723313385,445.33152262369794,0.7754113830864773,0.0,0.0,424.03397578381134,424.03397578381134,0.0,0.0,924.8586204778212,924.8586204778212,0.0,0.0,14.389468578824737,14.389468578824737,0.0,0.0,51.978232638603686,51.978232638603686
641320f48e,0.1705621240875055,0.06787845926697186,0.17281624615047567,0.07046784920434616,0.26545781059209045,974115.0,56614688360.0,482.3,20,19,3.577,adaptive-only,True,False,control,sep_tcn,mlp,mse,seq,,,0.0,0.0,368.00270036856335,0.3377510490647466,1185.0316299075882,1.24827026896522,7.217519899196911,0.6166066102007911,7.895320719405749,0.5965416301866823,23.010020163555513,2.1290809339381775,25.19103696307917,2.1373205548566907,0.06086248862939351,0.047590804470341,0.10715083902922813,0.08298440486452396,5.619432337468435e-05,1.4682863708844411e-05,20919231.680429712,164526.0254289715,29647192.614426196,249817.17098895146,-392.00439228921056,214.70899752751757,436.69370160434937,0.4910998117840812,58.5905073483785,0.07466130035076321,-0.1816234851217253,0.41541402938249455,-4.0974195624837835,1.4299836653609834,1675.2756699547917,0.4953374665075526,710.8452351888021,1.9368788510107475,0.0,0.0,436.68967744305263,436.68967744305263,0.0,0.0,1678.1041521636992,1678.1041521636992,0.0,0.0,7.876299948212194,7.876299948212194,0.0,0.0,25.134772199538403,25.134772199538403
9babfe88ec,0.17484723957466594,0.07282269747876281,0.17463818272147985,0.07371987950142794,0.27151405028364173,907247.0,15264555008.0,373.7,20,18,0.455,none,False,False,graph-blind,lstm,nbeats_t,mae,linear,,,0.0,0.0,259.2871611515681,0.22166791815662157,836.6219408611456,0.3050442125715581,10.657670482820473,0.8536313132702839,11.227133834023554,0.9148642080750453,39.1351894803478,3.16940641468631,42.23551979536041,3.3732726848104373,0.10178661709032506,0.04641371277318855,0.19779382126971443,0.09528990616711291,5.794107035851845e-05,4.953192747191087e-06,8068397.268868572,58872.10166903498,13461818.402477652,117981.9064093065,-32.022360594150726,0.0013082799750536783,423.2615451890715,0.06559444588956341,54.92250965701209,0.08011444851099973,0.3418944634208552,0.11270401215025566,-4.561751034369045,1.063756624849399,1086.8587765774766,5.1383414424705265,416.25148518880206,1.5894742426820048,0.0,0.0,423.241800563785,423.241800563785,0.0,0.0,1091.6131258967403,1091.6131258967403,0.0,0.0,11.2265303259191,11.2265303259191,0.0,0.0,42.24219686673418,42.24219686673418
dec6baafbb,0.17269821698199794,0.0688975898691022,0.17422764778209632,0.07133168964346878,0.26707993118815343,1327871.0,145946061620.0,545.8,20,19,3.576,mixed,True,True,uses A,lstm,nbeats_t,mse,seq,,,0.0,0.0,393.6721873482068,0.5313008092844401,1096.55583796526,1.26690986179207,12.113253561721649,0.7905694982596584,13.046364042802074,0.9015557893822856,39.17805736563823,2.458115131232185,42.36137211060807,2.711201231158036,0.18399433305152488,0.1630610497562673,0.31107939078247315,0.1722203854943053,0.00012105946542401626,1.2945150633656798e-06,6435459.3022444425,80047.71480245235,6986683.682040353,89381.56100506743,-485.6086674054577,247.66135166335195,452.36479925709665,1.3980474822333329,82.99063618977864,0.08276746733178848,-1.0450874873918177,1.9455552667975062,-6.926174888550385,2.103457586222365,1495.8453089052434,6.718773806888648,707.0064290364584,5.041399671838394,0.15662125310007013,21.056383198212266,452.3704854758931,452.213864222793,0.30698335835912377,0.9479604539610135,1497.0325579474197,1496.7255745890607,0.010269307476685677,10.536032552902075,12.972482575743566,12.962213268266881,0.011183479172961105,7.695508600099636,42.04328412788357,42.03210064871061
c8f8004b4d,0.174723393479331,0.07074410298998252,0.17584818753697892,0.0731940808392527,0.2705440460244001,1871951.0,34323521536.0,396.7,20,19,0.659,none,False,False,graph-blind,gru,nbeats_g,mse,linear,,,0.0,0.0,484.74892940123874,0.31533902370379513,1210.2288916508357,0.6444404557684391,17.505534146990005,1.3332339588548117,18.436438717165462,1.353251014194364,66.13526978177863,5.448615788809745,71.24574355898947,5.667907558641235,0.25860437050282803,0.08312439368565899,0.4804349867423836,0.14348341888226745,0.00018218773312171613,2.0439260938291948e-05,10728625.770996483,43962.95958632601,16296660.237913929,63282.69362160755,-32.04314061956651,0.006572686433775256,434.8957696989608,0.24260084204733304,90.97589116626317,0.02437042214378608,-0.22015671943668969,0.7979931483210504,-17.14273185517675,4.045353917635458,1548.942383497126,9.707062532266244,771.0334269205729,1.4647451455166278,0.0,0.0,434.8895900164276,434.8895900164276,0.0,0.0,1549.4162186902345,1549.4162186902345,0.0,0.0,18.45929076858853,18.45929076858853,0.0,0.0,71.31491795165957,71.31491795165957
57f6d2e72a,0.17594381218730262,0.07336198864773537,0.175561436869539,0.0743821187540074,0.2727308540558024,1063341.0,17570908160.0,371.4,20,17,0.412,none,False,False,graph-blind,lstm,mlp,quantile,linear,,,0.0,0.0,359.1746399005254,0.15989528488632798,810.3797100236019,0.22934955870305687,1.2727149079243343,0.033506291547830074,1.3589928118252494,0.032329487231401485,4.453004880421253,0.12402008148892765,4.793478636222754,0.13347359528823152,0.010454456186249003,0.005702633071486223,0.025779771468656166,0.0066902566400541905,8.91573205819159e-07,7.372533278704363e-08,5141765.475868148,19633.970324505506,8079950.248827829,73227.85659814456,-33.218671913482126,0.16655153360704764,413.4173710769255,0.1275671691764807,65.90953291787041,0.14068675594430058,0.007102143237008325,0.0021183425266618093,-0.08670086784598559,0.004593623176704535,1152.3805196913866,17.72259254463435,528.2996012369791,2.603850406039387,0.0,0.0,413.4221389017673,413.4221389017673,0.0,0.0,1152.3197779678565,1152.3197779678565,0.0,0.0,1.360411625058333,1.360411625058333,0.0,0.0,4.7931418913468296,4.7931418913468296
8a4a33a44b,0.17157705745791926,0.06830102336131415,0.17398138773397862,0.07121605640628069,0.2668633665497771,1726999.0,89752719772.0,587.8,20,18,3.112,adaptive-only,True,False,control,lstm,nbeats_g,mse,seq,,,0.0,0.0,543.7653240909179,0.3002510715282607,1763.6574675564964,1.0873176716604056,3.084543944132747,0.09937611496127859,3.423463294483416,0.1206959568184974,9.860440251763805,0.18422907635177707,10.61065529656864,0.19544419686989725,0.05639610357232241,0.02873349752367605,0.09494002253338636,0.032809318686357156,1.3748831700790852e-05,9.028803296963699e-07,111727151.98992707,657877.6636493328,113149977.6856543,1065916.302366528,-1312.3357088520258,662.4806806287777,446.07351099012277,0.553047003961819,78.9875073035558,0.08626375585348629,-0.1950643819948341,0.04755343791922046,-0.36439211698980617,0.05853834669535599,2284.58086683444,6.695747614518734,973.3660685221354,1.9597222084013044,0.0,0.0,446.07258756464734,446.07258756464734,0.0,0.0,2282.9107945791907,2282.9107945791907,0.0,0.0,3.425249766736565,3.425249766736565,0.0,0.0,10.603271875937,10.603271875937
e9bdc143d2,0.17409858858737493,0.07015608491523763,0.17476502008383069,0.07208194375436477,0.2684808070502709,1475235.0,23984533504.0,464.6,20,19,0.515,none,False,False,graph-blind,transformer,nbeats_g,mse,seq,,,0.0,0.0,480.04618650178116,0.1942849330223788,1252.4845020671685,0.39473432571701006,6.793445854579052,0.26038376853818296,7.3286189909233785,0.30857842756316706,22.810010607219695,0.9798562764684805,24.720942819524343,1.058830352919274,0.05547716622838548,0.01704411775023718,0.17446774659756262,0.025642804061843917,3.1832189324083926e-05,5.851253125964246e-06,3145278.482948184,27072.422828232196,4743147.53604551,47230.121558008475,-32.12511231192707,0.04843200723299024,421.2121086603618,0.36101423051111103,75.41568880610994,0.0704945532656555,0.37374790540353403,0.24942431762282227,-2.5889628827208675,0.4905522077546264,2133.2334690187704,24.971131514413052,872.6487426757812,4.911416975331315,0.0,0.0,421.2082105913493,421.2082105913493,0.0,0.0,2131.3598695545,2131.3598695545,0.0,0.0,7.329210900438782,7.329210900438782,0.0,0.0,24.71253203970181,24.71253203970181
a4943ac118,0.16922114761866033,0.06872957578793154,0.17037089511227058,0.07037137071279535,0.2652760273993776,1194821.0,241973954972.0,839.1,20,18,4.073,diffusion,True,True,uses A,lstm,nbeats_t,quantile,seq,,,0.0,0.0,465.0162335981925,0.24058062420872223,1618.9842476273577,0.8442128656981047,4.768669500503165,0.5544655920303454,5.118623453634428,0.5971416775010412,16.607296467481348,2.318219716187215,18.027449800067885,2.5946998446516707,0.012885427781425518,0.025066570495244366,0.02494407847916061,0.03719552108655888,2.039993747209472e-05,2.6169222441606437e-06,29201986.154501002,768666.8490058554,31249419.68955925,844720.0382204098,-206.7319044576708,57.70278878669719,460.7510746291536,0.7999067471717091,64.93889726532831,0.429029794276129,0.10865550691636094,0.07340412096974312,-0.7795487331353793,0.4678256339631966,2293.5675861315704,4.9842445365610155,856.4291788736979,4.490898315906664,0.07106462902544308,10.651514157314656,460.74704350459496,460.6759788755695,0.4525379757784928,0.7263253833751316,2287.902444484095,2287.497062966518,0.0010549886681516796,1.222777423220934,5.134762627095591,5.134407171053209,0.004340874581034271,0.5480793019966251,18.114086908966023,18.11467607867337
3142880ac2,0.1723959261715068,0.07008417026091404,0.17378175955713882,0.0720788011755138,0.268474954465987,537931.0,7382833152.0,254.7,20,19,0.86,none,False,False,graph-blind,tcn,nbeats_g,mae,seq,,,0.0,0.0,189.0760790904363,0.0766401270919978,414.6783880566557,0.19478049617772836,0.9305075538626019,0.006882100478469875,1.0247783048166867,0.00754055128025349,2.1829846904600507,0.034629472555836746,2.312822458590685,0.03342033134123649,0.043843790316054114,0.00751371886983177,0.06096272982144271,0.011986112247637728,6.991484850637238e-06,2.414172508748342e-07,725364401.4603654,23295679.082625043,923075383.4626497,27131805.992135826,-36.230177460239304,0.503220449337541,377.28657474285706,0.12904348686811232,33.78961895571814,0.02282910450868952,-0.006157380456857798,0.006200106496090026,-0.035877393256282586,0.007536567553315198,737.1535277016633,3.432725593446939,358.3193868001302,0.2998779005908,0.0,0.0,377.28706768602166,377.28706768602166,0.0,0.0,737.0934280859825,737.0934280859825,0.0,0.0,1.0216889884275135,1.0216889884275135,0.0,0.0,2.311365599063431,2.311365599063431
2f44e3f677,0.17393853597114312,0.0724334813217485,0.1742307295341538,0.07393135024485872,0.2719032001372156,2123839.0,38358710272.0,452.2,20,19,0.746,none,False,False,graph-blind,gru,nbeats_g,mae,linear,,,0.0,0.0,599.8170023361841,0.4186792300906029,1482.578195343415,0.4565338314961408,8.469383155015672,0.7251979554593054,8.911914685648927,0.7780780042870813,31.968608654976617,2.833099048985257,34.3796620265137,2.965616736628865,0.06443793168842557,0.041028918451938165,0.12340472836736278,0.08263080110925917,3.936182950462071e-05,9.666946387276005e-07,9438947.804934775,78709.51787851067,15282454.833955413,155113.84266337124,-32.02386195251225,0.0021674926064003635,442.3319408245002,0.07405232865773194,109.06489919291602,0.0809104622769397,0.36181924368989815,0.08597242240780856,-2.0401774496439526,0.5197403868591333,1966.1847238190287,17.379925614931796,953.552490234375,3.65222853242556,0.0,0.0,442.3276411181736,442.3276411181736,0.0,0.0,1960.2691224677976,1960.2691224677976,0.0,0.0,8.900895411781848,8.900895411781848,0.0,0.0,34.32907740736606,34.32907740736606
fbc930a429,0.175341668484132,0.07100200323448541,0.17551706977559758,0.07312853381780055,0.2704228796122853,1371071.0,24628455424.0,332.3,20,19,0.871,none,False,False,graph-blind,tcn,nbeats_g,mse,linear,,,0.0,0.0,367.4838454723358,0.22375812108735754,776.3492818598946,0.14083466500541839,8.93125497168027,0.7170201701759683,9.46338894489196,0.747018094312879,30.68857479466168,2.83129790774769,32.947975831827634,3.0397095644353174,0.22259610157329382,0.014649333277912633,0.3748471891397649,0.034924272214315884,0.00013643973038831626,2.2344382674856885e-05,35782319.14428185,815329.763895881,52256604.28894945,1254374.4642996956,-32.389819538294695,0.06560145532546796,425.7875597281686,0.11273641741004446,84.50901869932811,0.033996490496543616,-0.6145145841572718,0.7930139134475462,-7.902822032634345,2.3663060641911633,1104.5892618745984,4.358028997668219,618.8246459960938,0.9035070703950574,0.0,0.0,425.7629923409454,425.7629923409454,0.0,0.0,1102.7491679947877,1102.7491679947877,0.0,0.0,9.471896540918772,9.471896540918772,0.0,0.0,32.96370182636113,32.96370182636113
73212510d0,0.17654553813725682,0.07374160389512986,0.177016761131304,0.07521882079279148,0.27426049805393315,917463.0,15640168448.0,320.7,20,19,0.868,none,False,False,graph-blind,lstm,nbeats_s,mae,linear,,,0.0,0.0,259.7459471275409,0.21054759881921167,775.8961959232887,0.3334308828224502,5.86261668073261,0.43993644391001946,6.209034225209735,0.48339342831289234,20.932685016156256,1.6397893957268843,22.764498061741268,1.9220634771898368,0.07359273622373834,0.007619662275345754,0.1267584205394889,0.017051798977031393,4.0436384996646255e-05,3.162461741409154e-06,21742864.239062905,160026.1375472439,32009675.083361167,153599.4229930286,-32.0922294239648,0.004738651833390467,424.79548640292495,0.31926030235187086,66.10480790668065,0.31218714291073507,0.27680074429834917,0.0664842428800891,-0.9234817164462813,0.21163641730075644,1106.5541195445608,15.983271738235,455.09947713216144,3.507324477057991,0.0,0.0,424.80217504752915,424.80217504752915,0.0,0.0,1106.4147887302568,1106.4147887302568,0.0,0.0,6.177105005281557,6.177105005281557,0.0,0.0,22.642623708029163,22.642623708029163
c0c5a97637,0.17532151872283672,0.07293239553280421,0.1759138725978636,0.07425021701565925,0.2724889300791121,827847.0,14942490624.0,280.8,20,19,0.43,none,False,False,graph-blind,skip_connection,nbeats_t,mae,linear,,,0.0,0.0,222.89553797245026,0.10462781666074308,608.2567674467961,0.1908534613922684,11.989216556282676,0.8890005444431034,12.595258742724013,0.8929209595763824,43.9938584642166,3.670641716156832,47.46803263084316,3.8103945731435593,0.08580242208738646,0.013727062955187068,0.16925506411048163,0.03175278663607334,0.00011045668882373124,7.2924853826928515e-06,10404314.904210212,93815.34459317608,17337207.58842888,153682.69880826003,-32.12996707194466,0.06031993876171897,424.90619945121716,0.18311351499198208,59.72047789891561,0.05210654019733449,0.6224679545721024,0.15243626637058127,-6.118119118773953,0.7373980879314425,782.3752288523298,1.7486507411149121,357.40013631184894,1.5394517357414579,0.0,0.0,424.93434370461694,424.93434370461694,0.0,0.0,781.9226311231744,781.9226311231744,0.0,0.0,12.62540835790664,12.62540835790664,0.0,0.0,47.594863136054585,47.594863136054585
aef24fd64b,0.1711949856085315,0.07005247723427778,0.17171938518200291,0.07149215499765238,0.267380169417353,1478183.0,87588630120.0,554.5,20,19,3.107,gcn,True,True,uses A,transformer,nbeats_s,mae,linear,,,0.0,0.0,459.89433433612186,0.1263255945189794,1358.0946301072836,0.3286557572049878,5.680351059734676,0.1310076393533255,5.994734263761489,0.13293901661782095,20.89666489743641,0.6267957119511397,22.45245870531394,0.638511501742865,-0.022807697695616098,0.03368877161261603,-0.03266208126505502,0.06362405577791821,2.199039288330328e-05,3.217467574843276e-06,10710892.565269075,113140.8482758563,16069634.175006308,128843.30967803563,-79.77104074771526,25.914787418093,451.57293351093426,0.5785841272794605,77.26528469721477,0.03707474492736967,0.12816879760395175,0.06817191600262784,-1.2007258860381278,0.17795793608131255,1650.670952228602,12.65919511825792,756.5379842122396,1.3215812256084427,0.12204530431152232,30.278967917756127,451.578572377929,451.45652707361745,0.3238921558178542,0.37424686288166376,1646.8456708432227,1646.8365638793928,0.000558232135321172,-0.3424830246324367,6.018433075815645,6.018472201672375,0.0019498251462538956,-1.696251417776376,22.52964726391433,22.531057358476662
c45ae80c9f,0.17492422757178444,0.0701512699248906,0.1754028197663088,0.0718993680644441,0.268140575192275,1199835.0,144898940932.0,543.8,20,18,4.05,gcn,True,True,uses A,transformer,mlp,mse,linear,,,0.0,0.0,328.0602402289708,0.18753089153095995,1321.6053741580497,0.359327756346618,6.772915080446789,0.8178334916914968,7.370439673746578,0.9790929975692069,20.33730151019134,1.8574888959384341,22.067632000026478,1.9766647382195526,0.130296667526314,0.09666996248767135,0.195403841195931,0.17906999080955752,5.249450888162124e-05,1.7356443842705066e-05,37940310.78977818,1196729.0631450536,45628953.76896173,1029771.1284298784,-1477.9409869084448,659.6826250721135,460.7664137496424,0.998443053527066,76.34821020232307,0.04865839319156507,-1.3120082775341282,1.1714717618933326,-3.521092949087896,2.04823239784568,1218.1794623490202,6.742663450205744,576.2575887044271,1.9358244621073177,0.07899151867222069,39.33765806346939,460.7666563699871,460.6876648513149,0.14100528565055961,-0.4228576414274827,1218.1172497569444,1218.2582550425948,0.010352637506559978,26.16151512974686,7.366607827886781,7.356255190380221,0.014093263484568297,24.965813606307382,22.031543601808508,22.01745033832394
2cf64e93d4,0.17275257967355873,0.07076262058285514,0.17307271056085427,0.07206540447031742,0.2684500036698033,1306989.0,145134505168.0,573.9,20,19,4.068,gcn,True,True,uses A,sep_tcn,nbeats_g,quantile,linear,,,0.0,0.0,418.23463476697606,0.2500501863099432,1402.6532195160787,2.1991737017560307,1.994427400000859,0.1235060656006443,2.127977969415683,0.13289107186619625,6.639984267318898,0.1785830035485922,7.159761757660971,0.1579270836622344,0.011430989257923388,0.03885583004150287,0.010092457893442116,0.03251953131368152,3.1007482205341714e-06,1.724035546082632e-07,14821872.329264358,2007186.2971413925,17955049.381736968,2083113.4099636958,-922.3088539682067,582.2028084803676,460.65661448864626,0.714184947355564,65.79289751582675,0.09304369056668481,-0.09578587494715089,0.06822977092281043,-0.24369849081427494,0.05936796611261972,1435.8046239513715,16.147913967241145,646.8444213867188,1.2880744162336595,0.18889511089057956,45.78128002041285,460.64951674178957,460.46062163089897,0.53674836293726,1.834067438895908,1432.5276940327713,1431.990945669834,0.001886297777870712,9.288443300932677,2.125881399049486,2.1239951012716154,0.0024027981899695425,5.722933914520622,7.153014404105381,7.150611605915412
803ba9236a,0.17370818647723255,0.07164314079750131,0.17357740905203767,0.07270480204432442,0.2696382800055,1335275.0,371247838004.0,872.1,20,19,4.554,diffusion,True,True,uses A,lstm,nbeats_s,mae,linear,,,0.0,0.0,414.6057624916236,0.20229240864026823,1228.8192272981007,1.409554668448289,9.506864029208979,0.4809534881480718,10.025542973164994,0.49566487833277656,33.395742298924965,2.270997674691492,35.90488842462363,2.217118876707098,0.1426388238408535,0.09665566545917476,0.20818340541499727,0.11987582782043629,6.587191474357625e-05,6.819221255612052e-06,307766641.27384794,21435773.59587546,320841943.462961,22344166.345231712,-156.51103316535276,94.2092705812721,461.608801395666,0.5554004932982207,79.79233197371165,0.16342460656693616,0.4272692163727276,0.44729434554636005,-2.4770658040979643,0.08454900552240444,1653.1619342130527,13.395938374538567,743.2174479166666,6.345061428995528,0.17951035310706706,13.854837758274883,461.6052231081047,461.4257127549977,1.184086313609517,2.126317971007596,1650.2349798931582,1649.064949790525,0.02085233025967881,1.3592948317506621,10.091329514144117,10.082033226851186,0.01854278975869524,1.2357625742400504,36.17658929880443,36.161495240473485
44325ffaff,0.1727458255671687,0.07055051136672479,0.1731942650903908,0.07198556385852876,0.26830125579007036,1266925.0,186702515816.0,555.3,20,19,4.055,mixed,True,True,uses A,mlp_mix,nbeats_t,quantile,linear,,,0.0,0.0,376.4078918894132,0.4002265005874505,1082.8061481271095,1.556425292761622,2.202767723982106,0.12305446706700698,2.3472126082019873,0.13965426355760285,7.423760879815691,0.45494940066210504,8.030000994716048,0.5032620487860509,0.007851117106927107,0.009416866146607,0.020862441147921258,0.020008006317570357,3.2102142483913934e-06,5.230477969534297e-07,45117877.44059503,2396422.6830407428,54066279.65997998,2424211.407151932,-612.4557729146015,454.9865995372865,459.4952858221653,0.6813493634091979,92.1216866042879,0.12147649522639936,0.00042828495564928813,0.010817134674038716,-0.2099849737448649,0.048553453319166516,1245.7965101950542,7.179886911782866,638.533447265625,2.4229288612918762,0.17114227153509395,25.666068516326924,459.49102933838157,459.3198870668465,0.667077878235356,1.9775703953233095,1248.1680701957528,1247.6210906766826,0.0028780704466127758,6.68989147358374,2.34175823502454,2.338880164577927,0.0033464137256142834,3.226156172528814,8.012235823031167,8.008889409305553
454b781c76,0.17179856188334944,0.06981490293205853,0.17187175744938532,0.07106915269305031,0.266587983024461,1349811.0,225475423848.0,736.9,20,17,4.071,diffusion,True,True,uses A,lstm,nbeats_t,mae,seq,,,0.0,0.0,420.0495521227519,0.4011338918444377,1643.4396421645458,0.8673591101075067,10.551558533524107,1.7534093531698585,11.121738741753333,1.9030529285155815,36.368024301263254,6.499633540038837,39.429719273565816,7.18840470255158,0.08028478476808275,0.052820799658320136,0.1302244744922317,0.059424864153034676,5.943686354151363e-05,1.7601002592779395e-05,87333183.52816677,14867257.150100835,92555643.09183107,15530565.753140971,-184.74142104973353,68.55334467203905,456.131254532275,0.4765731676465607,71.53898731867473,0.16912642016596335,-0.1382104993486007,0.28399662314811575,-4.003019373574856,1.993103016032576,2211.8049252412056,8.748553999297691,785.0918172200521,1.5711043137082927,0.06997977294554403,8.693953320636584,456.11597354222556,456.04599376928,1.2022714518214646,2.423019329302404,2208.2753404353575,2207.073068983536,0.020511908184612793,11.086032602962748,11.20504874674846,11.184536838563847,0.030345664294602653,4.586298910610364,39.72892648188961,39.698580817595
54b7a37ba3,0.1752648912766392,0.07119350032770536,0.17606897065517824,0.07355952554383516,0.27121859365433476,1194095.0,21251971072.0,331.3,20,19,0.869,none,False,False,graph-blind,transformer,skip_connection,mse,linear,,,0.0,0.0,314.2839152812958,0.3119287245502656,768.4073916276296,0.30709053155823346,6.827442536666543,0.3578681141385993,7.190656870783324,0.35659780185585876,23.30001373553058,1.1084786618892066,25.052365056848654,1.2017042137662226,0.04813822636686756,0.02729393061167505,0.07010733058454044,0.055797664208174336,2.2493284361911625e-05,2.471169126875883e-06,16973716.056212507,277883.703124997,21806010.305583168,444677.2779273436,-33.043301131370534,0.11543895849220902,421.1124078512375,0.08124477962282406,62.334914882977806,0.11092374974718987,0.1229024002497378,0.2096892298575119,-2.210292051718921,0.47884797220290415,1025.5816410337136,2.1178279267718,508.5424397786458,0.6768158829181536,0.0,0.0,421.11791019497775,421.11791019497775,0.0,0.0,1022.7686842190611,1022.7686842190611,0.0,0.0,7.189356944240682,7.189356944240682,0.0,0.0,25.04455374719415,25.04455374719415
17b7e16d5a,0.17478844970781657,0.06995618509978228,0.17640427962615451,0.07225862841596001,0.268809650898103,705067.0,442140347188.0,803.2,20,17,5.014,diffusion,True,True,uses A,gru,nbeats_t,mse,linear,,,0.0,0.0,272.92384871343774,0.02255616743375477,778.5719137042761,0.6180409777059115,21.149106736668426,1.902046657821046,22.592085129044268,1.9614675111845716,69.7424263811961,6.604669392865375,75.63864970679846,7.136888340002237,0.3065623091422866,0.20658600730910046,0.45050069472495413,0.24785753415979286,0.000527098430023378,0.0002060381245348265,719128914.0824751,64964408.669053815,743904669.0646033,67100171.64035325,-488.6702598104298,324.369728322774,459.9516806418422,0.7657675682989569,48.95555661784278,0.1771412360727251,-5.673019843362536,8.408859005855222,-25.913868732539772,8.231608557280936,1019.1455625878656,15.57755836857598,506.17071533203125,7.801994093382793,0.23657621090400957,14.919857822490284,459.9491190828368,459.7125428719328,1.2120209402767539,5.426504641501174,1016.6257988192456,1015.4137778789687,0.07999426022987184,18.31000891699366,22.445597105564403,22.365602845334532,0.13112375019441913,17.031352148809578,75.11861416739404,74.98749041719962
41c5ad0fd0,0.17102835965587607,0.06985812361879358,0.1714740291074878,0.07133166339895705,0.26707988205583183,622375.0,213632419432.0,611.3,20,18,4.059,mixed,True,True,uses A,lstm,mlp,mae,linear,,,0.0,0.0,272.04796449343365,0.12163479562077799,931.8390802815557,2.5369725712019506,3.5392238369568076,0.05882514011408127,3.7897461434181103,0.03024907752106993,10.242622405090978,0.4519045665684829,11.090609237623676,0.5175603991472248,0.04157713655265171,0.0649902904596049,0.04923816660428923,0.0737047479896683,2.3725281190765165e-05,5.995467010602296e-06,141973218.77895322,3765800.94385502,155750591.43698516,3778072.5289653246,-734.7742664938418,397.7076994664025,458.8024619134206,2.9484594994403133,43.97449588775635,0.3367042425167258,-0.2223727998644021,0.08047428343568501,-1.0442006900971796,0.0469322648995149,1149.8951161957045,8.624753808146059,479.09002685546875,2.7447126485828917,0.3417248887491458,32.984464757679596,458.80641592105303,458.4646910323039,1.1518146144120085,1.7645443357910853,1150.8159887185855,1149.6641741041735,0.025573318158224428,11.875762401081218,3.791274684970097,3.765701366811873,0.03192900271197926,6.876987889867764,11.08689150340852,11.05496250069654
7099b7552d,0.21309959844085302,0.10787524465857505,0.2068243126134826,0.10295786939443678,0.3208704869482963,744079.0,12190091264.0,345.2,20,18,0.868,none,False,False,graph-blind,sep_tcn,skip_connection,mae,linear,,,0.0,0.0,252.64709880948067,0.11608669261080312,664.50394697239,0.3299183798454237,5.7900865704626385,0.12958142986329102,6.130943570954426,0.14723666859664222,20.4429734989402,0.566046878455112,22.17273685351704,0.6298608952404167,-0.00048501891762483575,0.0019606496346210537,-0.0033169707500625297,0.005360974668289484,2.3095834960421195e-05,3.330765364839613e-06,5487345.729919356,149828.7854436199,7762777.200132904,237961.0054725721,-32.041008600905734,0.00453616271316041,414.0270759117791,0.17608021347207256,51.88846780194177,0.2461274892963867,0.20010502806961872,0.11335228600795,-1.9426743370743917,0.29714722336551236,957.3913632317549,21.87236904677186,429.52208455403644,3.061617748336314,0.0,0.0,414.0242007934675,414.0242007934675,0.0,0.0,954.5545551533652,954.5545551533652,0.0,0.0,6.121591295204042,6.121591295204042,0.0,0.0,22.13428690230486,22.13428690230486
666fc766ef,0.17652877518214993,0.07196577929528569,0.17666260139475762,0.07375825441839629,0.27158470947090574,1127399.0,20311193600.0,267.8,20,19,0.4,none,False,False,graph-blind,mlp_mix,nbeats_g,mse,linear,,,0.0,0.0,297.90916979312897,0.2884528565326699,627.017715031902,0.32479556893656786,2.6491917933526565,0.10118764799008653,2.7734460016834355,0.1046682694581655,8.220705410466898,0.34981274598897144,8.678479308107272,0.37185603157105845,0.059824104779749414,0.016431097524114903,0.08129743264762983,0.012977822943263719,5.5904582100369695e-06,7.088961603752315e-07,39345914.772185154,644291.06553867,52459130.583888136,1013659.8535547394,-36.24238350287133,0.295509619336014,411.46565175916066,0.10377768352211562,54.89210485087501,0.03937932857750084,-0.0795377442133893,0.016759402175302963,-0.3209566933096419,0.02414083625710299,885.756918771283,2.5321342995825087,495.4215087890625,0.863634085939181,0.0,0.0,411.4653204925958,411.4653204925958,0.0,0.0,885.2764947484776,885.2764947484776,0.0,0.0,2.7723972481287156,2.7723972481287156,0.0,0.0,8.671907797908096,8.671907797908096
a5152353be,0.17135045374736566,0.06979277747420329,0.17151123328747755,0.07113935085939173,0.2667196109388879,461285.0,230642262836.0,547.1,20,19,4.049,mixed,True,True,uses A,lstm,skip_connection,quantile,seq,,,0.0,0.0,193.1072903573513,0.226110294350665,562.0900242726008,0.30576224798715684,1.6603737569239456,0.1592834163821478,1.7947814476041446,0.16477020508813256,3.9313777106683276,0.42883606221941106,4.21434117346534,0.45695663456325364,0.06640893562112482,0.01986385869096894,0.08023943686249344,0.025287659041195055,8.380441483668653e-06,1.5702834377622951e-06,168511063.70367917,7612020.894406242,181571318.7606058,7779972.610874592,-564.318755996731,423.7935787619931,446.66262738726255,2.000000247267155,25.591285798284744,0.11819410170594769,-0.1479053904626873,0.046912368201174184,-0.26366810031250115,0.0590722125937083,948.10765056198,2.086460936602547,438.74810791015625,3.759452668660969,0.30793248581195104,18.381756854252224,446.66119412613887,446.35326164032693,2.0251197330589243,4.06412125991158,951.6543110199467,949.6291912868878,0.023568689273050596,16.796981674329132,1.7954018921965782,1.7718332029235278,0.03610047454415103,18.461535292467573,4.205557353099033,4.169456878554882
7fab172e57,0.17056353723919526,0.06952057497202897,0.17194174941660856,0.07162047375812855,0.26762001748398523,1455497.0,21708054528.0,575.4,20,17,0.879,none,False,False,graph-blind,gru,nbeats_g,quantile,seq,,,0.0,0.0,517.5096210290989,0.35079974128793345,1396.892480139931,0.7941350419707771,3.833137548577118,0.1802604106321293,4.3511039742913615,0.2583478362427638,13.498668727022556,0.8156673835555589,14.934651579223159,0.8937433620527065,0.026766511432004685,0.013900988168256646,0.05474569863039475,0.030385089126709005,1.2874000111300696e-05,8.809185665583114e-07,7741856.507481515,152928.8925050063,11648287.50946668,217729.66581871803,-32.73269822817972,0.04734405914988833,423.40195840878613,0.3077772019745323,96.5082441965739,0.11676157831046743,0.06933989332887307,0.028970064753407354,-0.552211833095399,0.050562219190488124,2360.7389245519516,22.07237830219847,904.9478556315104,4.011825590538256,0.0,0.0,423.38415097434824,423.38415097434824,0.0,0.0,2358.1407057588444,2358.1407057588444,0.0,0.0,4.326239844803034,4.326239844803034,0.0,0.0,14.823835374466682,14.823835374466682
7d1d0e8c99,0.17537383253869224,0.07108324374047068,0.17593396914034248,0.07302876765571562,0.2702383534136404,1223879.0,21741332480.0,347.5,20,19,0.55,none,False,False,graph-blind,gru,nbeats_t,mse,linear,,,0.0,0.0,345.50229064623517,0.26525850611908514,966.5344589253267,0.24670062089186948,11.454700107851144,1.770813563760023,12.082062875291713,1.8488822644995497,40.253659705722875,6.252933109801655,43.49831846363944,6.727755897222157,0.09269969326627465,0.0035781755847777387,0.12886446230987333,0.02769848100484797,6.233691771650661e-05,1.726388163561611e-05,21613017.742068313,190412.68221565385,31795209.56653309,282230.31385217706,-33.58474193837234,0.6338622150615772,430.4296849587795,0.5159791740234677,81.13533287578157,0.13255834933206273,-0.7830016907517815,0.7999451608244112,-6.191827893637526,2.61604734814365,1207.8041299483377,2.393309308641698,537.4908854166666,0.3973174850354227,0.0,0.0,430.4359681278707,430.4359681278707,0.0,0.0,1211.0067081876355,1211.0067081876355,0.0,0.0,12.080739260028668,12.080739260028668,0.0,0.0,43.50588325651715,43.50588325651715
cd3d6c8668,0.17235306883810936,0.07073610853737736,0.1727579537856043,0.07204035604383936,0.26840334581342196,976331.0,14875959296.0,359.0,20,18,0.872,none,False,False,graph-blind,tcn,skip_connection,mae,seq,,,0.0,0.0,311.5477519830068,0.4382252684304167,846.4293436954418,0.4097438752413242,4.843778146702486,0.1306851801920471,5.271774685388184,0.11605569947809806,17.062546945868583,0.45538634261950284,18.674531947068118,0.36333320336381075,0.05062397946376429,0.00512284833830073,0.10683089808959788,0.008593843067006597,4.100506369369341e-05,5.676999772602612e-06,8340754.800468813,94345.04194048405,13701370.64535358,147794.5603683046,-32.66291846573423,0.15930611439933953,413.1215769602186,0.019241370992615688,41.69563241799673,0.024232482913083227,0.1283769241716536,0.052822125045612685,-1.7658010877942576,0.11127247594833561,1298.4964514926653,4.187428039888784,536.2463175455729,0.9469491257275497,0.0,0.0,413.12988221581367,413.12988221581367,0.0,0.0,1299.9978800994363,1299.9978800994363,0.0,0.0,5.236278457604972,5.236278457604972,0.0,0.0,18.556739810347516,18.556739810347516
e245a2c7c1,0.1730745305988934,0.07080938760106305,0.17344193182260992,0.07214437445053064,0.268597048476953,1122977.0,17632516096.0,396.6,20,19,0.39,none,False,False,graph-blind,mlp_mix,skip_connection,quantile,seq,,,0.0,0.0,395.9894788265228,0.20439232595014886,897.7486425091823,0.29779847050020203,1.42493678883208,0.04205368119043838,1.5977013190562557,0.039648035523656124,5.315908453063575,0.18141153222946824,5.78261490323542,0.18173875470912182,0.024300023974985003,0.0015583099644319062,0.04428405873172325,0.002428335026609317,2.6389461744375893e-06,2.023753540443732e-07,13174168.775946526,133474.77478622372,20396516.942252,162688.74036232184,-33.53972465517373,0.2313842807188081,412.8844575283849,0.13489815837944824,46.550720585717094,0.02613238111547788,-0.008205279049401562,0.000840875860052337,-0.15292478605007806,0.012689731149450396,1453.9480125223338,11.036934447800165,635.5875244140625,1.6700482623660677,0.0,0.0,412.88217736620476,412.88217736620476,0.0,0.0,1450.4206885667197,1450.4206885667197,0.0,0.0,1.5994283311930153,1.5994283311930153,0.0,0.0,5.809951780043808,5.809951780043808
9603ac8659,0.17407162176896213,0.07237291158794161,0.17359578669216044,0.07316971849084335,0.27049901754136435,856073.0,380552462336.0,792.2,20,19,5.027,mixed,True,True,uses A,skip_connection,mlp,quantile,seq,,,0.0,0.0,346.91126363972825,0.2305288198680623,842.3769020748636,0.5275879902251971,1.5482146756815307,0.18043313193987798,1.6702103494864105,0.19229529067944487,4.428665671918455,0.2654485682305663,4.774738829259398,0.2813014517939095,0.012383269785410912,0.004916911939335495,0.021102850363878312,0.012122294803428307,4.033468264127515e-06,5.156587369108592e-07,430525373.29088235,55999328.37851191,448333288.384357,57506389.61136796,-726.887187015502,587.4669214368579,457.6921153988451,1.1044243184451403,56.032813946406044,0.08614678754850887,-0.03649155547901039,0.0394183349759792,-0.2245807968256468,0.042400376905859495,1615.3208885597458,24.975653888775874,714.6949462890625,12.357023530961571,0.28069236930250935,15.721541000211436,457.6951483070106,457.4144559377081,1.4204343931807368,1.585141902795671,1619.8932056679287,1618.4727712747479,0.011674095234459614,14.244847251122682,1.6696187659744088,1.6579446707399492,0.018809689855479778,13.815727664619835,4.769252595693255,4.750442905837776
2c2d6aa398,0.1770142541263865,0.07401365611110187,0.1772596980213105,0.07517374376624932,0.27417830652013536,1430533.0,25706067968.0,337.5,20,18,0.871,none,False,False,graph-blind,sep_tcn,nbeats_t,quantile,linear,,,0.0,0.0,374.67369184394676,0.5003327513348991,985.4494613558054,0.4416705668436905,6.004676393084604,0.34365473374305266,6.313178584466162,0.3193872553292779,22.297965792014054,1.123444034742297,24.01196513601222,1.1465629002173012,0.01877118827124798,0.00882504884579703,0.03484696167068841,0.019089058332529208,2.139440934541965e-05,2.6320482326224947e-06,10634922.557619022,42525.01414364475,17261436.758158837,64939.852922627884,-32.02411110865027,0.0009504996213715706,437.55382923272214,0.20951508426527024,86.49004533555774,0.1621149716162558,0.132968085366492,0.034404554948929654,-1.0104290930245876,0.1930680232656553,1290.0685279674244,12.682814419455875,595.9589233398438,1.8821936674648767,0.0,0.0,437.5338600256418,437.5338600256418,0.0,0.0,1287.4324766812128,1287.4324766812128,0.0,0.0,6.330990075607638,6.330990075607638,0.0,0.0,24.08509469532077,24.08509469532077
ba448cb657,0.1729905465088583,0.06900211978523756,0.17554054982317466,0.07213879943364736,0.2685866702456534,578179.0,193173993472.0,604.6,20,18,3.561,mixed,True,True,uses A,skip_connection,mlp,mse,seq,,,0.0,0.0,275.07593984901905,0.20187827289505547,741.6575802185884,0.23039406046669203,2.5305868734722026,0.34434116544813376,3.199616643283104,0.3687984930319329,5.844402247522104,0.8261413233184981,6.646742153272972,0.9380071292588829,0.16997227713425325,0.0273777500481182,0.32058648471648094,0.03278137382045878,0.00010722569626988827,3.0642815557395815e-06,16994062.340882584,519596.67896157666,23077215.489173006,606404.4098394186,-164.00020637618186,103.75522876234382,440.0071209990238,0.7344076949923618,51.567778627077736,0.05605887752236018,-0.40003497179237885,0.18783932879620652,-0.6211684186490383,0.20259908729568682,1346.3791795570573,0.3475010243316781,549.1173706054688,2.4797420253139255,0.2916641727232445,16.915577262814875,440.00682590222954,439.7151617295063,0.4623074737956661,1.1889660285492147,1346.8267288344834,1346.3644213606879,0.01163139245791589,10.865303949600321,3.1936915547896896,3.1820601623317737,0.017386416237787177,9.556814780230312,6.650228885776388,6.6328424695386
b769a16a89,0.1726014053194909,0.07109526359846584,0.17505826700573848,0.07489220059294602,0.27366439409054666,1177571.0,18490566656.0,383.7,20,19,0.881,none,False,False,graph-blind,lstm,nbeats_t,mae,seq,,,0.0,0.0,339.62648421525955,0.2620036060934933,991.3676763623953,0.3334954986746433,10.694884382175283,0.23181436679271716,11.318682015326097,0.22864863276413067,38.659833843237074,0.5684465580225401,41.79207682531891,0.5666510560566498,0.09030614744919507,0.038700870324836004,0.17930723022011677,0.07899779366852941,7.514234546187293e-05,2.2790236531133807e-06,10862867.908746568,174155.54503777908,16445828.337686507,193931.66225778506,-32.63360355718188,0.10396411121127094,423.172355091433,0.13242499316184908,69.03898139794667,0.06909397984054898,0.41030226943107156,0.11580435595711881,-4.488865021723512,0.3563750172097124,1567.7897002235543,8.965666268387272,654.2307942708334,1.7867227510167376,0.0,0.0,423.19360953800543,423.19360953800543,0.0,0.0,1565.7745482417383,1565.7745482417383,0.0,0.0,11.30671218225785,11.30671218225785,0.0,0.0,41.748116866525805,41.748116866525805
0e1f5083fa,0.17369589133488664,0.06940360182335369,0.17684659966576577,0.0730637214706706,0.27030301787192573,899495.0,199647431476.0,530.8,20,19,4.045,diffusion,True,True,uses A,skip_connection,nbeats_t,mse,seq,,,0.0,0.0,301.0384811957677,0.5561674132468085,773.4977329994241,2.0376365417646958,14.248102325053575,1.0545690335143258,15.239591905352588,1.06871583836437,47.70426067509036,2.822687241655991,51.941560693334445,2.857009126413423,0.2389290953344967,0.09206989018625668,0.37290622745849816,0.1275526056935376,0.00017589136150523838,1.299117060281442e-05,4914449.797911029,241927.08222894056,6403212.904052812,269040.8336791895,-508.8105763393298,177.0247011066296,444.85604484349693,0.45359932268111053,55.86238294177585,0.08475118995951572,-1.3841423826088424,1.672688797964009,-13.297326898591498,2.7442050945581373,1128.5630178689648,9.65338150043311,575.1745808919271,7.427755356028234,0.08540213966224049,6.792705653135813,444.8583249575166,444.77292281785435,0.9451005533815836,5.052273094789473,1126.9088501676056,1125.963749614224,0.010433285455436684,14.179787539370016,15.207169799308351,15.197228640020807,0.019101268732084026,9.143548947288625,51.81421899748501,51.800010271259026
8bfc18d601,0.1691938013526597,0.06849141889604092,0.16992841536045653,0.07013430486219333,0.2648288218117381,1027619.0,261814982248.0,737.3,20,19,4.543,mixed,True,True,uses A,mlp_mix,mlp,mae,seq,,,0.0,0.0,433.1109992861748,0.08937718469056069,1146.9626682822902,1.5816081376607407,4.541316652631697,0.10931544619600242,5.184948158362784,0.13780921803669938,13.17008517059458,1.1522519054396378,14.556495913749766,1.4978676420016548,0.2011968235316591,0.04213086837369952,0.2809541755204312,0.02845460785262787,0.00010326220830612084,8.465259989830059e-06,119535493.3907504,5127073.789966427,123804585.66882549,6515153.610515793,-140.6054205603245,28.04041533056761,461.55582396696155,0.4933822555052794,66.30676588747237,0.06504524281603784,-0.661950300998179,0.8514137678686083,-1.3710916379234515,0.6680234521457682,1747.370087540575,33.854459552925874,825.8393961588541,7.568838298178694,0.22170372254479767,20.767479551894112,461.55510744862306,461.33340372607825,0.7662862524831932,-0.04158294191015666,1748.883135863203,1748.8206865811437,0.019675531887497044,7.793722447229327,5.175619656095957,5.15594412420846,0.021631222029895387,2.6827764156800638,14.5561262313323,14.534495009302406
0351068067,0.1721620939986679,0.07046435399372068,0.1725894863086946,0.0719369038179028,0.2682105587367932,1118127.0,101387669096.0,479.5,20,18,3.578,gcn,True,True,uses A,tcn,nbeats_t,mae,linear,,,0.0,0.0,339.72661418716115,0.17315652048270824,1059.2986809245,0.5437337000311476,6.673143696423115,0.07397251912076946,7.040415091403521,0.09919050157779127,24.25484536170971,0.4717521502155564,26.121100242812066,0.6205984440088738,0.034922355339452205,0.014681232374159402,0.07235738069971719,0.024128187272577387,3.105719271654271e-05,3.040591795177857e-06,12209913.410481943,241885.57255043348,17202900.913683575,209183.54879974638,-467.91762273100784,154.84454763622534,454.0254745775499,0.7418260965973791,69.243861940172,0.027401675813203,0.06946942969502429,0.11016891851241695,-1.8692805781823274,0.328624021606119,1272.8631912859819,12.479316271186478,595.3692423502604,1.2509044041081803,0.2200368622375398,45.13239108044148,454.0211361052693,453.80109924303173,0.5442839006151038,0.1663526444057759,1276.5414028982555,1276.2528137171832,0.001589321229861144,1.4032536340689719,7.077055067867138,7.076835214815204,0.002053329061137532,0.5722974282057744,26.255764466010664,26.254767197091876
bfb72d8d8d,0.17593331747289054,0.07256950041382772,0.17619284332015825,0.07434341671762316,0.27265989202231994,1764795.0,31767775232.0,400.2,20,18,0.635,none,False,False,graph-blind,skip_connection,nbeats_s,mae,seq,,,0.0,0.0,499.24446551998454,0.4310313321319785,1194.8159634023905,0.17425258255643963,7.987096628183887,0.537025466331577,8.510616831527157,0.6120264305080146,29.967242950418882,1.7895788879939878,32.42269278570359,2.1251683952030307,0.09667070249683667,0.02869908979401062,0.19321028892842498,0.05440968078216369,5.1702203902664034e-05,7.205854771543427e-06,12897581.249182194,14189.602436240326,21563663.86240929,52730.40591335794,-33.04400888326879,0.051454664522032886,436.9715101741537,0.028382408373973118,93.47983794742161,0.04085663483961319,0.09587379860762697,0.13664988248465873,-3.359419383181359,0.7160323739217211,1723.7397906492295,14.31875855907406,823.7404378255209,2.340088434185579,0.0,0.0,436.97632048424,436.97632048424,0.0,0.0,1724.8949545391317,1724.8949545391317,0.0,0.0,8.513061046212858,8.513061046212858,0.0,0.0,32.4297528020431,32.4297528020431
9ad1e8724d,0.17790329217258755,0.0750025400738519,0.17725108149274732,0.07541645330943865,0.27462056243012584,1589253.0,151685035624.0,577.1,20,19,4.067,diffusion,True,True,uses A,transformer,nbeats_g,quantile,linear,,,0.0,0.0,488.19531757136184,0.3832750613773386,1296.0777858359118,1.7279227243837882,2.024465322202758,0.06078400059439524,2.1474570491307077,0.0786143778430095,7.466474863251705,0.32843688039411956,8.041194962005633,0.38932465085688334,0.005930843013387271,0.011933676994449317,0.01623671558165868,0.017465852803180158,3.4366863039156147e-06,3.851476615713146e-07,13879915.30069164,648277.3969516251,18865934.03226507,693698.677072587,-178.2173094140064,136.06851005985888,451.561744654068,0.8407609804754839,73.19215525521173,0.03290781293258824,0.023759582171665784,0.00499071863900058,-0.19919040280041253,0.04317725707321969,1556.617509054781,27.846492367137134,779.8227132161459,4.651686737665358,0.03121821789151606,3.7770315541974946,451.57202656357094,451.5476488109701,0.9678475736258557,3.3706763279072476,1553.1411877164144,1552.175266541658,0.0022033995018628794,12.466282930524162,2.146957616729248,2.1447542172273852,0.0034542030938489177,5.676802889631594,8.038562161002162,8.035107957908313
be354d7f2e,0.1757088998047931,0.07370366954361549,0.17511644193569917,0.07472849475222108,0.27336513082728947,865143.0,13848340480.0,296.2,20,19,0.362,none,False,False,graph-blind,mlp_mix,nbeats_g,mae,linear,,,0.0,0.0,319.8005244284868,0.21515018866567417,692.4539722452561,0.5308461132304303,1.3348866137869966,0.008817319319223069,1.419026892841643,0.019736958942379614,4.149699758933052,0.042348921697022424,4.4099556107574935,0.03563184919156517,0.030163463005328187,0.009856022954756351,0.04392261762586117,0.004561430145381896,2.264619660994001e-06,1.330641348123713e-07,20065562.23456281,565077.5582539509,25394262.452905465,689856.0839183606,-35.70802926888994,0.45346662307774666,401.6238290379026,0.06221460713610438,44.399123112360634,0.060856606478326615,-0.028467637543847988,0.005805589174720952,-0.08583365783921282,0.003213075341275342,995.7658945726713,4.864807736940781,491.27178955078125,1.4264305859190924,0.0,0.0,401.61536756642187,401.61536756642187,0.0,0.0,994.7645101526962,994.7645101526962,0.0,0.0,1.4180192368705153,1.4180192368705153,0.0,0.0,4.4050904896630785,4.4050904896630785
bc7d08def8,0.1759995871747891,0.07075814696538778,0.17657866476517836,0.07277362882402949,0.26976587779782213,505883.0,28756738868.0,289.6,20,18,2.114,adaptive-only,True,False,control,mlp_mix,skip_connection,mse,linear,,,0.0,0.0,195.60673143466315,0.26923343562676977,526.2479236920675,0.7575038341312968,1.165060822929566,0.130877368285543,1.2489194855148644,0.13102610325769126,3.5869955710096098,0.17198720197355138,3.808416078977988,0.17325975235331048,0.05700852157312386,0.012428757602253163,0.0774639941145861,0.009001225135684634,5.7546010487974725e-06,8.311168014428231e-07,4987751.133212703,15875.63671114375,7355969.17748034,22668.19541988531,-403.9525135244864,318.37354070264934,406.7445408551286,3.632355596005285,23.997534195582073,0.017364963062916614,-0.14673876829497998,0.05524663121064306,-0.2205727880194608,0.05318649783202829,610.6983658063194,2.686468608631092,302.02232869466144,0.3656791974696464,0.0,0.0,406.7485319621898,406.7485319621898,0.0,0.0,612.4886591176521,612.4886591176521,0.0,0.0,1.247516755607457,1.247516755607457,0.0,0.0,3.8050853599374577,3.8050853599374577
5e3ac4ef45,0.17295056950064353,0.0691348357028202,0.17417272773287276,0.07128671582964761,0.26699572249316583,961271.0,138796081972.0,542.0,20,15,3.57,mixed,True,True,uses A,tcn,skip_connection,mse,seq,,,0.0,0.0,306.57849047581357,0.20887072503095883,867.4466791450977,0.8789182220852921,10.534792690877415,0.28925938973260024,11.540978620475437,0.3347776340294035,34.95237779667935,0.4249104922736141,37.9799184400683,0.7476104634884488,0.308740230402857,0.04290488153304155,0.5089164969323714,0.07631294541013883,0.00028403250414565294,3.643825497912304e-05,11411398.461260282,32542.90194324071,14331804.340202147,51536.78565297004,-305.32003220401975,137.24211199046235,445.91051784646817,0.8367116878160032,50.033203376664055,0.060223422054709846,-0.30850218131573415,0.20026219867801875,-5.7782389941203505,0.7171551562895777,1264.8812435926468,10.949957203585232,580.0077107747396,3.6855882836509863,0.1844962976737179,24.337614994337653,445.91141807250403,445.7269217748303,0.6806593645571107,4.626770524753978,1265.4352104020502,1264.754551037493,0.007264756548469957,8.640496752249005,11.588933661029591,11.581668904481122,0.0101454188368398,6.418368741412653,37.997585036127866,37.98743961729103
cb0d1efcf8,0.1709712707581617,0.06812580312205752,0.17216371695079896,0.0700240099524235,0.2646205017613403,1487159.0,312520799028.0,780.4,20,17,4.55,mixed,True,True,uses A,skip_connection,nbeats_g,mse,seq,,,0.0,0.0,496.01808224618435,0.18797394355859612,1381.6514373347163,1.0686315539147446,6.558928558173648,0.583147008990763,7.211395964641326,0.6073326808401908,20.136092020935667,0.9194405941900811,21.70828098442317,0.9619969734857017,0.17708123219420535,0.0617161968234953,0.24860267978243086,0.05447773237875549,6.439452625001864e-05,1.0760469256568966e-05,107891489.68337746,7537377.436377012,118195748.83000235,7437959.107688078,-1261.899036631917,655.2675682712463,461.54010967121604,1.3100717141451674,88.11327228281233,0.017240299686606484,-0.9745957840882485,0.8443009914912554,-2.272452672980141,0.9156879155341783,1948.257016882556,20.181247930188086,930.5602823893229,4.024233268797674,0.14492514560735495,12.533830333594958,461.5443199972862,461.3993948516789,0.5157619360070385,1.5273056972104386,1954.6520112332905,1954.1362492972835,0.027437887686215134,20.723646230155232,7.159051487993586,7.131613600307371,0.04728996241839312,17.919730157640373,21.549512938777518,21.502222976359125
1b27385041,0.17126480163737512,0.06942220802855542,0.17250086137185264,0.0713960322781148,0.26720035980161927,706251.0,196015392768.0,517.3,20,19,3.565,mixed,True,True,uses A,skip_connection,mlp,mae,seq,,,0.0,0.0,317.50420701503754,0.3198819134212766,640.0068682985535,0.3486491463433819,1.3832423483399907,0.13218048270032848,1.5680548999937496,0.15051903034928993,3.362476719199458,0.32146234578341243,3.6420248608116186,0.3925092934436372,0.1155931927635121,0.00941690308488436,0.1605862547615249,0.010889359095574314,1.8557210902493568e-05,3.0251031957970443e-06,2926120082.1725354,39504371.3828203,3715406918.289476,64908161.73420519,-156.40954297610833,70.16926085388886,442.5004979611205,0.5533722097635421,65.61137729220921,0.14883426739399008,-0.06872871825875955,0.010949163541178628,-0.10740922134147222,0.014550699735116303,1189.2842164278127,7.871953979394107,625.9057413736979,6.1479391329324775,0.21522612971324406,14.11828123410793,442.4995482723443,442.2843221426311,0.799973381386053,2.000755052551718,1188.271405636286,1187.4714322549,0.007773931164043753,9.259126036114587,1.5603997674864347,1.552625836322391,0.012247927678893008,5.819219305503216,3.61671849741716,3.604470569738267
092d3b35d1,0.1758099459643713,0.07089135443338396,0.1775193491074758,0.07336427754793827,0.27085840867128025,1334115.0,23965837312.0,324.1,20,19,0.871,none,False,False,graph-blind,gru,skip_connection,mse,seq,,,0.0,0.0,333.5383492608865,0.28081692843261935,766.9604402830204,0.18976591205533563,6.053854696297397,0.15671201473187085,6.479895630116573,0.13693213104984983,20.817811143390756,0.7283636123981276,22.35999950493435,0.7044720534102047,0.10698792946035784,0.008034575606070868,0.18783981829055163,0.008806175239977185,9.440154644839962e-05,1.9398512914450177e-05,7006311.779627089,64880.1701571018,10594526.316063741,63426.72975181459,-32.03894002793485,0.009567582862425124,421.01870992752407,0.18662026109785249,66.3872271378835,0.039723149190638,-0.4937598213853562,0.04964700925219893,-2.0499522459060935,0.14433121903269333,1074.5146323209929,4.542538286540757,570.2912801106771,0.8785563829857072,0.0,0.0,421.0129029164295,421.0129029164295,0.0,0.0,1076.2497310290296,1076.2497310290296,0.0,0.0,6.515628206502691,6.515628206502691,0.0,0.0,22.379345291645745,22.379345291645745
2fdf1a132e,0.17104274365033323,0.0680157362450332,0.17276809745686603,0.0705944673946967,0.2656961937903829,1232499.0,19109294080.0,443.2,20,19,0.882,none,False,False,graph-blind,lstm,nbeats_t,mse,seq,,,0.0,0.0,381.8360410630703,0.3266617767814439,1155.726097792387,0.5844370567552717,32.49809472751804,3.574894114608183,34.89621945842044,3.8563689600468316,112.33041532841342,12.971585550569513,122.22816739317484,13.85991027559534,0.48083661146770384,0.10178108014423545,0.9434821340909864,0.16769618462997274,0.0007290824928349271,6.093517855325774e-05,2651326.501753144,35376.122709881834,4408595.854287413,66105.24680838965,-32.365111698993566,0.05210333845317177,430.3554340850863,0.48322671653634564,74.47973601023357,0.29962854321790783,-2.6510372637488686,3.0104440174959612,-46.19522532392222,15.749199798486929,1833.48632496539,6.1594391503488835,712.0253499348959,1.6186410797734752,0.0,0.0,430.37503961977563,430.37503961977563,0.0,0.0,1828.7664752962303,1828.7664752962303,0.0,0.0,34.77724666310007,34.77724666310007,0.0,0.0,122.04867496502337,122.04867496502337
f676f83e04,0.17241626502948848,0.07100418581539865,0.17296271661651816,0.07254171471947743,0.2693356915068581,868343.0,240401827840.0,615.3,20,19,5.023,mixed,True,True,uses A,gru,nbeats_t,mae,linear,,,0.0,0.0,327.18678555389243,0.1263040754807984,786.7554691781601,0.38461932559219913,4.500695104820504,0.24769486088496506,4.81066150941928,0.213239095551453,13.989092460808509,0.7319991742038964,15.159975075679702,0.7754522835327291,0.08488392535052862,0.013130172002126083,0.10629557850539961,0.011173727243605273,2.0301970834489613e-05,4.947998514537603e-06,27820311.275572885,3946458.5653117145,29552864.40775909,4112954.4128983775,-429.41270222281764,386.98272306426,454.6536412018511,0.7542770344454137,56.718277626567414,0.08503969294696828,-0.09429595307543097,0.11763404292875723,-1.357792691472957,0.24966348208194167,1147.9811569688688,3.4688873136732172,563.9695841471354,1.9551907215940918,0.38957585864248284,29.190601195156717,454.65912779272287,454.2695519340804,2.365865372169992,7.180865018014855,1146.941283494374,1144.575418122204,0.02162472389978376,17.036154400720527,4.805310131807452,4.783685407907668,0.027540459696940783,10.233566575073025,15.130199033449532,15.102658573752592
80b545f6a2,0.17002133601742725,0.06902981052343261,0.17038765871944866,0.07040690293904497,0.2653429911247798,964655.0,118966158132.0,531.2,20,18,3.569,diffusion,True,True,uses A,lstm,nbeats_t,mae,seq,,,0.0,0.0,278.6408278644085,0.13837538517775405,968.7559481710196,0.12419381147615785,4.904950664626085,0.5530863081352512,5.239700340397543,0.6057825704483553,16.82284605144067,1.301521280697565,18.237551784387332,1.611770462136357,0.006041685126676219,0.030904883179343617,0.034345625738115594,0.02789211792954838,2.851021924385211e-05,1.6924325154683675e-06,2620372.4835373303,236461.3242362659,3031960.121878194,263239.54857844306,-333.1273822752132,205.72598619813826,443.05180001776836,0.7930317227681585,78.91391313076019,0.03308864217890717,0.04395594478813946,0.16667075777577037,-0.8965352051078885,0.2909530009578022,1328.6739656032871,10.474590092224012,566.4152221679688,2.673287927596667,0.07073036414972951,10.516255050897497,443.0400024918377,442.969272127688,0.22327865104610586,0.32241857240487626,1327.9123428087282,1327.7920829657344,0.002094211502936242,0.7447969703911561,5.23949587488368,5.237825569889615,0.004017733276639272,-0.6046042885292807,18.201345422402127,18.201054690608007
3ad3ec44b8,0.1729368009227853,0.07114851893814673,0.17334528323511886,0.07246028006366508,0.26918447218156005,1929993.0,32140091392.0,503.4,20,19,0.894,none,False,False,graph-blind,mlp_mix,nbeats_g,quantile,seq,,,0.0,0.0,634.705670590202,0.4768245685655016,1521.1186282212536,0.4954916627360504,3.4535499501847275,0.14173225798596217,3.773876221952913,0.16511067480038372,11.892689545259804,0.4151931929107703,12.983075231317379,0.4548482694216956,0.016318706630991397,0.0037689045765628166,0.04190286736581075,0.006038530572308725,6.1107860571042136e-06,1.9131718863701874e-07,5408395.012978591,6640.997374541817,9051751.007110374,29452.968431352052,-34.42948825783455,0.2657657252395231,437.3125700074895,0.3745091002417545,104.46405519379509,0.12858477692714063,0.006480885777401414,0.015731030696220203,-0.3693920786740434,0.02916896643119066,2411.3524674648093,13.975251601449001,1074.2227783203125,4.3159156658616595,0.0,0.0,437.28367796550805,437.28367796550805,0.0,0.0,2410.3755953369446,2410.3755953369446,0.0,0.0,3.784357478532283,3.784357478532283,0.0,0.0,12.99586506000207,12.99586506000207
3eb463b382,0.17360402643680573,0.07205736714315357,0.17309270252361622,0.07290113317177044,0.27000209845808687,940251.0,15585736704.0,354.8,20,19,0.449,none,False,False,graph-blind,gru,nbeats_s,mae,seq,,,0.0,0.0,276.354296023647,0.24460933349399738,843.0549728671709,0.31780672936087906,7.7216590680376,0.5552817569594238,8.19874038637186,0.5744849995584811,27.146402299092752,2.019580986271296,29.406375276741198,2.107040053638967,-0.012350358254075449,0.022783041891821478,-0.00401088456621376,0.046862925845867084,4.463982803391497e-05,4.402772826479888e-06,2860262.3196742567,318860.04513940256,4307327.638682095,270258.1504310214,-32.514277747925114,0.04824439154292445,423.2205325530963,0.288889492519397,60.023944033516784,0.21472777218129938,0.24355672310799936,0.07798621168091566,-2.0439023354231423,0.5122549769039885,1244.2166903186696,2.3030185739212263,497.2463785807292,1.2660085819767373,0.0,0.0,423.22178793922916,423.22178793922916,0.0,0.0,1244.8196356256008,1244.8196356256008,0.0,0.0,8.187523397258849,8.187523397258849,0.0,0.0,29.35835811421797,29.35835811421797
d462788705,0.175747975467078,0.07075505743306373,0.17634400209346346,0.07286417286929064,0.2699336453080472,345615.0,210032291840.0,539.3,20,18,4.049,mixed,True,True,uses A,gru,mlp,mse,linear,,,0.0,0.0,177.36365551749864,0.03934483614049287,429.5054562240839,0.17578592810270505,5.553273833783654,0.12917408815001905,5.994742687082791,0.14230334614997894,16.80821053425651,0.24320025093423206,18.17527499321358,0.2197424956490076,0.09765489215626061,0.026518336537688043,0.16952586053949922,0.04339336304118802,5.6006362894588645e-05,4.837215375005642e-06,38271767.40287598,5122972.271451776,41134976.273968354,5210391.305020956,-288.59261880134613,242.6096127934016,443.59360795418405,1.6648879892397066,29.128064579433865,0.1427354269560185,-0.2801243017348015,0.208651955212666,-3.1545136424784253,0.3667763778367412,636.043537651207,3.5535064137630274,298.51451619466144,3.2310195949014124,0.46642793687052136,25.200056826579168,443.59297284568794,443.1265449088174,0.48474374260854347,2.095474539491545,634.5193567947933,634.0346130521848,0.014605499460495311,15.64790228920991,5.991750483194511,5.977144983734016,0.020500013746120278,13.559133525509138,18.15635794116753,18.135857927421412
6f5c577687,0.17374174690326272,0.06963501702535663,0.17494611212144065,0.07174624081696514,0.26785488761074555,775239.0,135987957352.0,480.3,20,18,4.056,diffusion,True,True,uses A,tcn,nbeats_s,mse,linear,,,0.0,0.0,283.6108687967062,0.15300141645465892,890.5716183272501,1.1509246069635657,15.402657153976179,0.628022598381946,16.453420586885304,0.7191247486179073,54.71847667776833,1.7407565657347075,59.061799874690195,2.0112250734233945,0.257939131852221,0.09157728073305264,0.4957449966968072,0.12586622599113248,0.00022273870166739635,2.7217349167159484e-05,15471805.644803466,724194.1612113885,21508290.304920956,749297.3176620712,-215.9134321164009,164.38883644284388,445.31292886504207,0.9893872021253756,46.54832390944163,0.05473592941419247,0.24144458504280528,1.2725161566613379,-11.691923564671407,2.8155215004998633,1104.9206862192912,3.2931894267921726,506.8616027832031,0.936579534874565,0.08853533637233113,18.47840315181066,445.30798529993865,445.2194499635663,0.32779617350903817,2.0287276097612525,1110.0325478881718,1109.7047517146627,0.005005440863823078,2.51505514595557,16.52839897028848,16.526966399047296,0.007920318264796814,2.9804476791101697,59.332189197293765,59.329776253821336
627d37ff81,0.17751224168761093,0.07429856418503776,0.17733359260808218,0.07557145755099787,0.27490263285570377,1324453.0,22025660416.0,394.0,20,15,0.884,none,False,False,graph-blind,sep_tcn,nbeats_t,quantile,linear,,,0.0,0.0,449.6201657950878,0.7135533719387859,1096.1505650058389,0.6598775791603754,4.796498074651936,0.13268501892251147,5.103978747470318,0.13046103620443752,17.14344508994502,0.3085894651993146,18.532415326645637,0.4223463255973827,0.030737319097734996,0.010145558921182058,0.0652537422260223,0.030303140810535596,1.1399880609360912e-05,1.1921736639271918e-06,2695470.1718527037,106190.1729625504,4090085.511865364,153167.38522407608,-32.03838251461706,0.0020887331600700347,429.9027403322971,0.26431018474728535,87.30757651064131,0.08486542771987104,0.09392111293690657,0.0515807134872884,-0.8220796830310833,0.12265917808741951,1594.5551456167425,38.937033472786965,717.115966796875,7.8315499233133545,0.0,0.0,429.91067253648936,429.91067253648936,0.0,0.0,1584.9533225301454,1584.9533225301454,0.0,0.0,5.080550217495682,5.080550217495682,0.0,0.0,18.442635573848833,18.442635573848833
2761ddaf2b,0.17136936717412277,0.07015253008498641,0.17138527652400376,0.0714784968250577,0.2673546274614631,1225953.0,18631446528.0,471.8,20,18,0.883,none,False,False,graph-blind,sep_tcn,nbeats_t,quantile,seq,,,0.0,0.0,437.1766872952382,0.20569255432601907,1125.8564198265474,0.3897852297291962,3.75212501859581,0.14086983324024693,4.021575517402579,0.10195584187849582,12.703173100284504,0.6421103437657514,13.827678222188771,0.5951450735289743,0.028143489787793435,0.011037419836798781,0.057654356235464194,0.027707607595673565,1.4058285180286316e-05,1.7098380987135167e-06,14395841.477241553,213581.77614909122,19080809.16348398,341357.5534088024,-32.76516617821615,0.06459710421632456,423.5442680341135,0.12744762592458317,65.54688710636562,0.06967264333928468,0.06952684293800308,0.043324043961625515,-0.5038773239740056,0.10234620407034277,1886.3318106994475,12.599132456218918,786.4657389322916,1.65115588602355,0.0,0.0,423.51816906732444,423.51816906732444,0.0,0.0,1891.0598045041788,1891.0598045041788,0.0,0.0,4.0677369324073505,4.0677369324073505,0.0,0.0,13.994948017988937,13.994948017988937
274682f41e,0.17551643287508875,0.073042696746549,0.17502920720658355,0.07374794349382165,0.271565725918831,1361449.0,411092136756.0,889.1,20,19,5.042,mixed,True,True,uses A,transformer,nbeats_g,quantile,linear,,,0.0,0.0,532.4967621912559,0.9173887334426382,1287.3816680250068,1.0931842498257904,1.9098554638269434,0.09790489940619436,2.0658093580793726,0.10719220646580471,5.712019028186096,0.16387040347125736,6.194679040488142,0.19438059789203546,0.04078741898253458,0.017639105330099658,0.0566797547937789,0.02036158471099082,6.795007355235459e-06,2.1158307542032296e-06,432778635.2377753,43583583.0117332,455458152.18481404,44746343.03653496,-925.3255986840944,195.55832153966665,467.12059327241474,1.3641922415417473,84.18661932150523,0.16650896872634927,-0.043755667584182555,0.02988513538559738,-0.2514560714335234,0.02921871261099309,1884.6646773468512,18.846563676896032,925.2557576497396,7.690617791729668,0.22950741302245584,17.123224039837375,467.1185604070649,466.8890529940424,1.0683577985367567,1.584607082759241,1888.5589422313221,1887.4905844327855,0.014687951429987947,13.905624065456122,2.0634828296565693,2.0487948782265812,0.020739509326518284,9.868871191076297,6.189694401120559,6.168954891794041
59a4553ff1,0.17166210400391696,0.06972801513048481,0.1726281639835814,0.07135105162026091,0.26711617626093126,901355.0,14723182592.0,331.2,20,19,0.863,none,False,False,graph-blind,tcn,mlp,mae,seq,,,0.0,0.0,324.1505805552006,0.12686683163671655,752.0790216128031,0.13427663823025893,2.111153938652327,0.2670909462267868,2.4936034510897147,0.2730648794512941,5.796558851839383,0.8819881742392491,6.384215666875847,0.9657958088131912,0.2201671760995594,0.022875626316452406,0.31476193057739726,0.03074124625035411,4.1217862777022435e-05,8.511029802004455e-06,1118418370.9485242,40486046.0335225,1391269509.1496828,55586195.454533346,-34.241325918044375,0.42968433899312836,414.30258360801736,0.09522275881360459,64.23621809482574,0.09055465465825507,-0.07146393350233492,0.014930289194617625,-0.17139105070028904,0.03658212495317038,1362.785779178723,7.337180862636796,630.9004720052084,1.1393850396794492,0.0,0.0,414.3210853768153,414.3210853768153,0.0,0.0,1363.1056305328116,1363.1056305328116,0.0,0.0,2.4974973517089962,2.4974973517089962,0.0,0.0,6.395736575783801,6.395736575783801
7dba04bd5c,0.16814478260157356,0.06816722362196688,0.1690582937921962,0.0697563532581451,0.2641142806781661,918959.0,340601916212.0,901.3,20,19,5.03,mixed,True,True,uses A,sep_tcn,mlp,mae,seq,,,0.0,0.0,446.3405841290951,0.662011560743981,1252.1826629141967,0.867722455200453,6.037656983193301,0.08632328968615102,6.519417612050737,0.10779002901798804,18.12198940964802,0.7623025210369417,19.695852595272193,0.7291908525446423,0.10551013895903953,0.0493003444517446,0.16945010381965275,0.03915304624928154,5.065318177469063e-05,5.3202078205425054e-06,391183439.22963995,5069002.569952048,403233159.32390976,4875239.458365081,-664.3323226870735,318.0050905722215,463.95833482327424,0.6511996072879107,60.68346578545041,0.20163441242773592,-0.24155646749398052,0.16662410323102234,-1.3995396319246778,0.100989815549058,2062.216578162219,6.755646669697072,901.6309000651041,5.918186729775523,0.2901466240751726,22.536883876791826,463.9573447329277,463.6671981088525,1.4446790339377458,1.6574740535792718,2058.500295317008,2057.05561628307,0.03250862077253647,5.578824945552084,6.534430873372012,6.510104913158267,0.0470512750908559,4.638736166201281,19.779302320486536,19.73693529444639
236af2960f,0.16935405592467784,0.0689518943528606,0.1703393640560194,0.07057361511167315,0.2656569500533972,1495353.0,351848638464.0,877.0,20,19,4.555,diffusion,True,True,uses A,sep_tcn,nbeats_s,quantile,seq,,,0.0,0.0,519.0914642065763,0.4095265687646079,1503.3434164904368,0.47535270989467826,3.3522827951249687,0.14542060389180825,3.6721778670355096,0.18775296589551588,10.995548969749256,0.550283440404837,12.003813639071268,0.6863675312378018,0.01486827337967611,0.004507937718879127,0.028307509253643073,0.011858738308602693,1.2156693534943391e-05,3.809917305926176e-07,48155255.38181966,188210.1518549417,54008118.12479523,201675.34122965997,-331.486800454084,200.9338428446039,462.2249965211815,0.4529589667908233,90.54789054393768,0.11502203828565487,-0.042775517001128714,0.029432158615170914,-0.2660831687460303,0.02760437472851146,2457.7259020169863,24.99615497923339,979.8438517252604,10.935105932610714,0.11348742545887565,8.565875938402456,462.2111310023608,462.0976435769019,0.8713463765484448,1.6301160879798096,2456.3992764784975,2455.527930101949,0.004553268029209227,6.906832032374937,3.6821496603206896,3.6776335092264185,0.007834861477970042,4.642892101119647,12.052258246963024,12.044423385485054
ab1a7abbf6,0.16971257822070213,0.06929830757635627,0.16947477447595516,0.0702548399386545,0.26505629579139317,1441783.0,189089360692.0,607.9,20,19,4.543,mixed,True,True,uses A,lstm,nbeats_g,mae,seq,,,0.0,0.0,420.56929740309715,0.25017125229997417,1158.710742260019,0.8678007782008368,2.251360062160529,0.07582293498223054,2.4332495408070147,0.08409784747841087,7.357314932832999,0.1257232890415231,7.905662863607418,0.12764620411385577,0.03940759851228522,0.028700341819914876,0.05228780127141939,0.03442524083814408,1.1439381362069131e-05,3.6740639587774996e-06,32795078.646688636,1446180.65281915,36536840.86158141,1555338.8812289615,-1320.0312286995713,704.7285527656057,459.38333579487636,0.9780728100224629,87.11331286695268,0.059764780701405174,-0.10222507908770145,0.04686884924744155,-0.323073037069532,0.045082570369850625,1634.1328942176694,14.785066792773437,771.2150675455729,4.889118212644607,0.31576182002631487,36.40303285011357,459.37907891949317,459.0633170994668,0.6097830935304197,1.2963818266479383,1635.322234154871,1634.7124510613405,0.008051358955837676,9.009436818411688,2.4276451269795536,2.419593768023716,0.01133092123618932,6.498471404089119,7.885584436918298,7.874253515682109
66a0cd2831,0.17166348466826803,0.0699128733036077,0.17284768312843574,0.07192073980593015,0.2681804239796972,1110427.0,182904630888.0,652.9,20,18,4.055,mixed,True,True,uses A,gru,nbeats_t,mae,seq,,,0.0,0.0,392.0314693848292,0.46678294106831647,1227.9450582067172,1.5418484908565857,5.847628336019018,0.6061891320773355,6.248766237208669,0.6312889955482478,20.367527869394248,1.9995232424741702,22.011506546447944,2.1198479782490067,0.049539070243170384,0.017664938217099167,0.08095154822273605,0.03258326083800881,3.2192665927772424e-05,1.1337151119290487e-06,61578576.75518676,2573629.792073802,66778286.98962162,2030634.5667474,-628.4588799973966,431.004846132989,458.35787505744975,0.8619588810083014,61.844956980811226,0.1312150682141703,0.10226278057264732,0.09800804606321135,-1.248230939089532,0.3461411184694889,1550.8602301052608,1.7107507825067452,698.2293701171875,2.6492222591029297,0.22606552012227135,31.44375175859939,458.3561593742677,458.1300938541454,0.7035247766483886,2.0202953698072914,1547.8561350911207,1547.2488140499097,0.004306228220232633,2.2029878236748703,6.243251906958087,6.239884195149283,0.007316983590300197,0.19621014296894002,22.012270754254104,22.009993275564575
b5fdc6279a,0.1724439943653586,0.06877388135708055,0.17383788826616248,0.07103778452658856,0.26652914385970733,1365815.0,288445535028.0,771.8,20,17,5.031,mixed,True,True,uses A,lstm,nbeats_g,mse,seq,,,0.0,0.0,451.3750035216411,0.15145837995341213,1305.556611658695,1.5167758120729653,10.974738330044298,1.6233669257200491,11.971970854069072,1.7472690780676943,35.66031594003757,4.248205082038217,38.78879964376945,4.537432972140632,0.06546764639469599,0.05023232391239513,0.1477282694700451,0.12749762323028183,0.00010927574952787165,1.8281909927112414e-05,57763425.87465546,6057269.170658194,61285268.29029551,6381135.587367341,-586.0530261299051,121.23633706750358,465.1065204595928,1.135990514943774,95.70745934380426,0.23653534001023063,-0.2780645939574195,0.846238928990688,-5.6588142441963525,2.603905669196096,2043.634684245874,20.090720740773072,877.3468424479166,7.119338078515801,0.34085405408831093,30.61198943550622,465.1080237308414,464.7671696767531,0.769378431738763,2.504796753530938,2037.7059124038935,2036.9365339721546,0.02107966319602461,13.125993942379145,11.954683218343712,11.933603555147688,0.028015086651753524,8.832220124416107,38.80003359957007,38.772018512918315
9c01aac9b2,0.16793018008520885,0.06837130616869255,0.16895198651825963,0.0701003800059147,0.2647647635277676,1088291.0,138921400320.0,607.7,20,19,4.067,mixed,True,True,uses A,mlp_mix,skip_connection,mae,seq,,,0.0,0.0,432.9496128410101,0.5085872167195167,1234.9666410356876,0.8722932771912401,4.873127966112709,0.004219617088513265,5.211766756864212,0.02636745289293454,16.511068774991823,0.4170591355076413,17.865387222940644,0.4614394717943772,0.016377150658829703,0.028406302169489434,0.03400220407151818,0.053062999541096584,2.574588298857946e-05,2.833680058894481e-06,16388332.87868219,517554.29070733616,19175753.855536163,543330.0136450678,-274.6471387504885,96.70672143726229,445.8093721448394,0.809735217488874,55.92005042235056,0.040135382024797994,0.00035272056595995566,0.13454134532740938,-1.1200917448229124,0.12250645620064984,2030.534132700438,23.681676191673567,837.3354288736979,6.550913268838908,0.3039712849874074,29.71268367910204,445.81141536212,445.5074440771326,0.5373325821348468,-0.3416515566341724,2030.1448687098393,2030.2181196582897,0.006422670849036767,4.495416333967886,5.2200420736471385,5.213619402798102,0.01030640141070549,2.018569243703531,17.87506558953897,17.864964814003375
0594202055,0.169701308736465,0.06911708791045497,0.17074443600881722,0.07090180847037895,0.2662739350187678,739489.0,152950453864.0,602.5,20,19,5.025,mixed,True,True,uses A,lstm,nbeats_s,quantile,seq,,,0.0,0.0,283.42754391829175,0.3252251997576243,1024.31951103115,1.4425087327678343,2.4930474919735084,0.09841086178326809,2.6987751795738397,0.10076878975161464,8.204210359910595,0.22724371318910705,8.914623893472632,0.2425802751880396,0.05039517270282746,0.027021364001137263,0.06637972503090489,0.03702352550306662,8.319581512927236e-06,8.928499702248048e-07,38517509.6746934,1446974.8604985136,42565902.61821908,1379529.9755779752,-216.93360117592874,72.29229373433603,447.48576106351146,2.410843827923957,37.07282274299198,0.04885250412101218,-0.06749774639220199,0.08272843020141092,-0.3714892802043108,0.08049587269194396,1500.3832783344242,22.09010714261614,566.0434773763021,5.132169099013513,0.23875694506212616,35.33073357954721,447.4806167740681,447.241859829006,0.2904221909401106,0.6731765345164356,1499.3010420938247,1499.0106199028846,0.007519903447160174,14.229365623613601,2.698238126672472,2.690718223225312,0.010029166354667515,10.927535047252992,8.906561659313553,8.896532492958887
d33588270e,0.17651180497819766,0.07297683372274064,0.1765800367583626,0.07406252571907831,0.2721443104661171,733073.0,11500552192.0,254.0,20,19,0.861,none,False,False,graph-blind,lstm,nbeats_t,quantile,seq,,,0.0,0.0,197.72445253531137,0.17337358056803276,586.3155444463094,0.2781880078827812,2.4422459992735335,0.4161809653148406,2.6262715357033173,0.434012401438286,8.152283265175454,1.4608142437197773,8.808858380684228,1.5584725296970943,0.021596990205511247,0.012384540320177303,0.0475526126236294,0.018569597085058162,8.16490305016706e-06,1.6509375431225823e-06,162420151.12234908,6203032.199636625,176269457.70694467,9773864.785115594,-32.729467410188896,0.12389795740841006,413.37120445255204,0.19329508020921374,52.32396202617222,0.22497053935696956,-0.005227320113242441,0.04439381486652707,-0.4561921551896318,0.2084599917312013,716.996973883622,2.649118347038375,319.9394836425781,1.521664845222818,0.0,0.0,413.37390493522975,413.37390493522975,0.0,0.0,717.364057082964,717.364057082964,0.0,0.0,2.6377995835051515,2.6377995835051515,0.0,0.0,8.832555827824768,8.832555827824768
774cb97e7b,0.17651196176865946,0.07035186479280728,0.1792720811009262,0.07300358485625118,0.2701917557148093,886571.0,14606319616.0,295.2,20,15,0.865,none,False,False,graph-blind,tcn,skip_connection,mse,seq,,,0.0,0.0,244.75400891403356,0.18251623079229184,612.6628308047851,0.6671427412343635,17.142060902411686,1.4011904860566726,18.44465769687265,1.56415595576926,59.13024982830052,5.039076954007793,64.43496567148776,5.522693650089329,0.4116984755167696,0.1032015175300996,0.6758424512001263,0.21257514825245952,0.0003405228639019519,0.00010538212005954137,3120499.342984984,47165.047305511594,4807287.020850841,62545.96010892545,-32.19582566380918,0.08314306853223791,413.0214165379893,0.21061285762112195,49.981082240740456,0.07394533415466034,-0.9991532284194609,1.3230737595360986,-21.958245981605945,5.973428361579894,995.109978268299,7.544717295666126,463.8173828125,2.0001562401781703,0.0,0.0,413.0160990636479,413.0160990636479,0.0,0.0,996.0640893686426,996.0640893686426,0.0,0.0,18.392175142064872,18.392175142064872,0.0,0.0,64.21521492202031,64.21521492202031
5f6dbf16fc,0.17458209491399093,0.07250912028609058,0.1742769173942823,0.07361327027528573,0.2713176556645102,746381.0,11907393536.0,322.4,20,18,0.366,none,False,False,graph-blind,sep_tcn,nbeats_s,quantile,linear,,,0.0,0.0,256.8626615256071,0.285346615083055,655.8138506412506,0.3456043017095083,4.542696596784178,0.24901046415830927,4.819816493792724,0.2686256998573213,16.218753083281747,1.2904188050468142,17.60276696680623,1.3371923321413335,0.03518208355787387,0.01697107983820831,0.06334519896413755,0.030942280710162254,1.8358917433267105e-05,2.9431640183781415e-06,5764313.7658323,103942.41955298754,9566303.900970548,182987.3013055692,-32.12855914022157,0.038431974793625964,414.42588329037636,0.5838861407122483,45.41869511869219,0.1766814494265489,0.15737422269245702,0.09774612557079858,-1.3572794708773988,0.04820984687321921,948.0058899180075,15.188159387870124,400.2756042480469,3.7505784996672915,0.0,0.0,414.4415361776038,414.4415361776038,0.0,0.0,945.7000316072682,945.7000316072682,0.0,0.0,4.81528820333981,4.81528820333981,0.0,0.0,17.594070790110784,17.594070790110784
245a2f39d1,0.1723919867500278,0.06883067371217866,0.17422611247363387,0.07121450287422317,0.26686045580831785,1139507.0,326176319080.0,741.8,20,18,5.021,mixed,True,True,uses A,mlp_mix,nbeats_t,mse,seq,,,0.0,0.0,420.844963952899,0.3427565559414975,1171.7470342911158,0.7432428264891091,13.082254895425498,2.2804336702694132,13.979605801744867,2.431796866448105,38.126166257508785,7.172813271738232,40.99857204377803,7.577562108471453,0.43353110446741167,0.17860869994074455,0.5368420029165264,0.17206184929684595,0.00019223658138203215,5.131624813415978e-05,355046417.5347097,32215957.39943662,372958908.3949283,33031061.668661844,-453.26956281626514,269.5858613002197,463.08934545997073,1.007462104946366,70.32103164990743,0.1766257882862438,-4.650617958095132,3.628439893611921,-11.760404496676772,6.868415741609708,1691.0032688827523,20.68856171922511,839.2886962890625,7.4010662628886354,0.15412422328718853,17.615451945359926,463.0885571083244,462.9344328850372,1.1788510223990063,4.6514170351420825,1693.4136282765135,1692.2347772541145,0.12790243676941415,19.885467120628316,14.034162275083363,13.906259838313948,0.22679709171371107,20.979551983135668,41.16339826819885,40.936601176485134
cf642c26a6,0.17269604307418535,0.07048808476078007,0.17300798907821696,0.07207406308606068,0.2684661302400373,1574273.0,26529185792.0,444.7,20,18,0.882,none,False,False,graph-blind,tcn,nbeats_s,quantile,seq,,,0.0,0.0,469.9161697079738,0.39087151126687036,1174.8476183687646,0.32019292162736573,4.4638722021190915,0.2372004833715349,4.787689040648016,0.23438441039188454,15.403950220981207,0.9375859308663587,16.778310369724053,1.0066694878522016,0.03501903660739188,0.003613998904224749,0.0687443028838041,0.008223741800134599,1.711045755162776e-05,2.4534323130913808e-06,11917477.977694,41494.80040514568,14519969.371884948,87096.83619205235,-32.23802138559653,0.07525248241129823,436.41177897717915,0.20703089920468062,90.37759459018707,0.07993967826573538,0.11732121644806613,0.031044378919452935,-0.5068688722985931,0.10592568587722404,1844.364814244503,16.95568234804423,839.5879109700521,2.403525472935935,0.0,0.0,436.4183050102416,436.4183050102416,0.0,0.0,1841.7956873916876,1841.7956873916876,0.0,0.0,4.806196496677406,4.806196496677406,0.0,0.0,16.836563575387054,16.836563575387054
796ef2dad8,0.171760130701946,0.07001910846317043,0.17203497050164826,0.07139035155894835,0.2671897295162154,693863.0,134616841832.0,491.0,20,19,3.082,diffusion,True,True,uses A,gru,mlp,mae,linear,,,0.0,0.0,224.36772936582565,0.3327633998788632,781.2826983419558,0.6170920796482101,1.706225099886069,0.1283385320803558,1.8513390653755515,0.142295000508876,4.921393633269617,0.2614563984695965,5.311475873666961,0.27915126992532596,0.016319934946236313,0.031887876478787616,0.025072361255657993,0.05051111621601948,4.81889771468857e-06,2.06055941888832e-06,13796493.709894681,694538.0205202108,16848120.71795604,831198.2223215847,-594.3506539615213,216.00129567470185,438.696634850723,1.183099980160527,44.955678820610046,0.15347915357753922,-0.02458942791625829,0.04343084112485678,-0.23615448254940588,0.05548990196548939,876.5164476767028,9.478331904233547,392.24341837565106,4.668304752372401,0.04236893557951286,5.496808467113769,438.6953336815232,438.6529647459437,0.18050306579683215,0.2617795386208569,876.227193766287,876.262409509181,0.0032913238452935514,10.558036308657778,1.8481949165315374,1.8449035926862438,0.00556158984346992,7.746231391797321,5.302061899036073,5.296500309192604
1b5c77901c,0.1721044786611758,0.07087296899945784,0.17152880602951906,0.07155962798060943,0.2675063139079327,1335223.0,125523403572.0,551.6,20,19,3.092,gcn,True,True,uses A,gru,nbeats_s,mae,seq,,,0.0,0.0,379.0705836613973,0.3317107091643907,1262.3844091917078,1.1027139563946722,5.69041735570742,0.25002517192543194,6.045913608976126,0.2372267086987876,20.106934111467833,1.1366174909878952,21.575993897227207,1.0926142815757403,0.043199997348153656,0.027469951700316807,0.0662807225355245,0.027343556170377693,2.4250320952843875e-05,2.2064209468357447e-06,23288635.6394805,939596.6179996527,28146675.647230953,913088.1238436181,-682.0136679021738,87.45184599385725,461.58927364102965,0.6986782827859424,83.99469970332251,0.15701807593359765,-0.003137369402083451,0.21888009450242682,-0.975006517631228,0.21780336806243142,1656.876553264934,4.942193192018069,657.4518636067709,1.8491242213447023,0.30336361821203656,46.65833590234207,461.5907732234129,461.2874096052009,1.140076306099142,4.242632633999313,1660.4549156780727,1659.5301004247478,0.005412129934044311,5.2544518923700405,6.063791288476517,6.059129138243138,0.009981124108759806,2.35104750113339,21.66439926010606,21.65740011869527
6eaa460a58,0.1740007777999723,0.07154172757627464,0.1739204060263651,0.07277615080482325,0.2697705521453801,984553.0,14551511040.0,349.9,20,18,0.872,none,False,False,graph-blind,mlp_mix,skip_connection,quantile,seq,,,0.0,0.0,319.829806620876,0.2525646901940025,814.2084587539235,0.5869220164786603,3.4784758369472306,0.17530352854589856,3.7363926042017144,0.19674763427788253,12.3400425882797,0.6872373970090281,13.455434514739494,0.7576780328357972,0.02557370372919086,0.008439428275654986,0.05119090451200777,0.015394554884495064,8.227801211711859e-06,1.3093916511621935e-06,4920562.87078151,107143.20935260232,7665272.9261310315,164903.50822509732,-32.82899792588919,0.19362069474282723,412.8582577811008,0.10109439847437313,49.81985096136729,0.031172764245882292,0.05529297100617048,0.04422455123014574,-0.7855267744381328,0.1633393026673599,1310.672531858251,5.00250804744196,567.1292114257812,1.147314964370407,0.0,0.0,412.8504291238172,412.8504291238172,0.0,0.0,1312.791150269382,1312.791150269382,0.0,0.0,3.7301036047741865,3.7301036047741865,0.0,0.0,13.43096376044419,13.43096376044419
c98fa1a4e7,0.17449018126905452,0.07248793431452726,0.17396253731242073,0.07302868335461414,0.27023819743813815,1649673.0,28067274752.0,394.7,20,19,0.883,none,False,False,graph-blind,tcn,nbeats_g,quantile,seq,,,0.0,0.0,426.24809237321216,0.2641522634308363,1015.6288435086608,0.22768126638995714,3.9382205304299025,0.34890983399762626,4.167615131528315,0.3520332838118487,14.435090326957722,1.3656375106291014,15.630901471622478,1.3920937329820435,0.025012251322166865,0.008914084539837113,0.04820338742375254,0.019719423232618372,9.822631651560226e-06,3.7056603727255428e-06,4148778.022461939,19445.795877646317,6363456.6652344875,19553.511154557,-32.024664421299626,0.0023128578911469143,429.05320498503784,0.26896916348816735,76.44884359836578,0.04671985960469397,0.026612352999025923,0.07196289426774381,-1.013292117838495,0.33780067603485625,1534.2704451022007,6.507560621964344,779.5820109049479,1.6254140752210888,0.0,0.0,429.07205560501643,429.07205560501643,0.0,0.0,1539.1560643923222,1539.1560643923222,0.0,0.0,4.1568873177604395,4.1568873177604395,0.0,0.0,15.58570816541347,15.58570816541347
6e5ac7cd1a,0.17455065752535523,0.07183743435102768,0.1744247510540384,0.0730782087761026,0.270329814811653,1438269.0,374243776512.0,750.7,20,18,5.03,mixed,True,True,uses A,lstm,nbeats_t,quantile,linear,,,0.0,0.0,452.01197982331115,0.26567692880243743,1056.947179224342,0.20082121380869974,5.632872723637168,0.2860261576935755,6.007594846664676,0.3446327945624426,19.034856396919135,0.5050051184739175,20.53690978113059,0.4900387456999063,0.11753078448563604,0.08294878478578507,0.13033040654820113,0.09659641038405345,1.688003389041368e-05,4.41715943106914e-06,192734666.33869895,18553573.51005513,201426837.5538092,19255516.521674026,-358.74814029429325,159.45843745868544,463.51009623822966,1.4580056493976181,90.02711673577626,0.13371120811133214,-0.19135034337434378,0.2519112994365852,-1.026909831382772,0.33899660368801976,1499.7392103847167,13.672728192122536,779.1222941080729,9.239769511191009,0.19634888551784493,15.16789822500405,463.51691252950303,463.32056364398517,2.380690953049452,5.534568574813996,1500.2766526239811,1497.8959616709317,0.019734778631101808,11.537657709732045,5.997712454925366,5.977977676294264,0.022762553897948123,0.9605229056085908,20.474696020746094,20.468337006317043
c8d06503a3,0.17533180321360461,0.07103730414874355,0.17642589597843977,0.07311893689060268,0.2704051347341664,1011183.0,18024265728.0,296.8,20,19,0.461,none,False,False,graph-blind,skip_connection,nbeats_t,mse,linear,,,0.0,0.0,282.86204158266384,0.18430274854931925,749.5556072741747,0.11328270105721804,25.14316547641647,1.158900933224916,26.62246883333926,1.3818860406377798,92.03182403004956,4.157040078250759,99.93444713920904,4.574356808285826,0.15967852959421247,0.059330453081204104,0.3130591317477415,0.10945818994361368,0.0005601388782537676,6.358625578670751e-05,3495009.2998119337,91000.28143425408,5772925.0397033915,163452.62905746597,-32.030819863181186,0.002969926270580065,424.350469451857,0.26697560053078206,63.96096403068966,0.08998495274374002,3.373752309408452,2.6217957828064566,-34.68633242544036,8.52295582605576,988.4766230889171,20.339812521370348,436.3576965332031,3.0128147800196756,0.0,0.0,424.37021754409125,424.37021754409125,0.0,0.0,987.8574530790037,987.8574530790037,0.0,0.0,26.472742424936495,26.472742424936495,0.0,0.0,99.4389515598863,99.4389515598863
a7cbe181bd,0.176272232648052,0.0732668268983033,0.17596100853758334,0.07408061667932775,0.27217754624385854,1412521.0,24029437952.0,373.7,20,18,0.487,none,False,False,graph-blind,sep_tcn,nbeats_g,quantile,seq,,,0.0,0.0,443.8662124723196,0.37826625342365916,945.1331886947155,0.2985318958722792,2.569624847580902,0.120721606540335,2.7201937815905954,0.123048382792107,9.360933797620392,0.4683282288610312,10.0994172766581,0.48413067625623735,0.012129361584083278,0.004992551792318855,0.025825656259335635,0.007282681195722585,4.586450860169862e-06,5.252175024841753e-07,19242565.591968324,140420.97942221194,21430720.11831925,242310.4055197769,-32.042376418194,0.009435864746711396,423.77257918873073,0.874995895179678,79.4824444717831,0.037156726746990484,0.0013424981023577524,0.01816250110370081,-0.594229969017606,0.08804806626047704,1431.659488722811,1.3196516319041947,718.8565877278646,1.2106481938024096,0.0,0.0,423.77943923114736,423.77943923114736,0.0,0.0,1435.3840040188143,1435.3840040188143,0.0,0.0,2.7214024364213425,2.7214024364213425,0.0,0.0,10.093764536682448,10.093764536682448
b926b5607f,0.1696590275994118,0.06905444834151553,0.17048647022044527,0.07078633549762381,0.26605701550160976,2014237.0,135009358236.0,680.4,20,19,3.604,gcn,True,True,uses A,transformer,nbeats_g,quantile,seq,,,0.0,0.0,656.5213182667891,0.8663405100207023,1995.3163353602092,1.372301183617439,2.86684639728143,0.17518439683809686,3.0980613905077217,0.17985785623179643,9.797832332631343,0.5296182784624517,10.59413164841716,0.5527709814619093,0.02236857405328074,0.018382082112446182,0.03425328393988483,0.027971347535683214,4.8202348957674865e-06,1.4005977216001746e-06,21360656.40859561,2265932.993344071,26411716.6895821,2368905.054952852,-882.5452438305432,566.1214054496787,462.9270043472814,0.2844340712177898,104.87336519029405,0.05075058495536624,-0.10918890138548731,0.10714085811127155,-0.3003704506384362,0.12791314691181163,2738.8013045675852,5.417598255449505,1103.4786376953125,1.4937551861437546,0.1371071317565793,43.750600268025615,462.91531779406,462.7782106623034,0.6203802328078988,-0.9541941205827273,2735.6427918520326,2736.058961213227,0.0021189381121107984,5.457656169767954,3.0977705694223974,3.096144440595051,0.0024534653278648713,2.164872149869812,10.603224314949266,10.6007708496214
9043203580,0.17407333430223138,0.07125087010393169,0.17450202031022577,0.07287339283151152,0.26995072296904765,680625.0,8128550912.0,430.1,20,18,0.867,none,False,False,graph-blind,gru,skip_connection,quantile,seq,,,0.0,0.0,285.9700553963582,0.28550307051137197,923.178277567029,0.026344917815659275,1.728510975301712,0.04407472107799096,2.1057737902737412,0.03638616905581192,5.617331168259003,0.11723938574231038,6.301051820783608,0.12338516864905892,0.057878371367755144,0.005358993561188086,0.1070194387867968,0.014744134103211013,4.760968612628968e-06,3.5975329089855055e-07,570800.9858761305,31172.85870112535,986432.6228485979,27056.032394053513,-35.0522882930209,0.6802879787001445,400.15591177283994,0.5248016858407222,37.306222558021545,0.21899977501870757,0.008639627616782388,0.007611412334406018,-0.16296992249703932,0.009081667501572443,1611.9666324179136,20.27509924079687,551.6891886393229,5.182856395037713,0.0,0.0,400.1525286136341,400.1525286136341,0.0,0.0,1606.5276471318975,1606.5276471318975,0.0,0.0,2.1135019354886957,2.1135019354886957,0.0,0.0,6.323758572543744,6.323758572543744
08510af2cb,0.17610535791256404,0.07048758737849305,0.17777419035953276,0.07298220361821707,0.27015218603264546,853607.0,240275288884.0,600.8,20,18,4.045,mixed,True,True,uses A,transformer,nbeats_t,mse,seq,,,0.0,0.0,287.16144295533496,0.11086376012422702,793.524372032533,0.6284772547094676,9.336839702222884,1.2774182323468475,10.007976607752424,1.3383870399148852,30.20777808637223,1.7205053113027358,32.615742321447975,1.62870539355969,0.2735681497391929,0.15025620140421778,0.38279718895778,0.14726877545246178,6.771016542594329e-05,8.33444352229022e-06,123548366.0608483,1094733.9102693084,161362247.70692965,1017576.6034965519,-1054.4447512801853,665.4411640322501,456.9072846574023,0.9630735126425067,48.534538335270355,0.07810837998496327,-2.4337083863724716,2.5714770848167827,-7.243529435336916,2.7055485775357364,1027.8702767258371,6.637235774931423,514.8185017903646,4.41708659057283,0.24941146476730106,21.629514790244667,456.91209485205167,456.66268338728435,1.1601239836645618,5.469728476607411,1028.8230115520462,1027.6628875683816,0.03472879761607276,18.6097287285359,9.990636219823402,9.955907422207328,0.05350932787092925,15.461872914264154,32.58106008596997,32.52755075809904
ca9a03d4b2,0.17545760099882776,0.07094390559811355,0.17611334423103425,0.07285729098616944,0.26992089764627236,499655.0,6992705536.0,258.3,20,19,0.334,none,False,False,graph-blind,transformer,mlp,mse,linear,,,0.0,0.0,225.93453005949655,0.2196885037267345,480.35871746142703,0.18564236046069363,2.0444979083161647,0.09440409191871017,2.1957710013325076,0.09676738361281398,5.4859005493012996,0.3359036920886559,5.853528664377582,0.35852565113584767,0.09564063291376128,0.035241989238234454,0.15958694324256895,0.04011367002598861,1.4098654875299206e-05,1.2160183420339653e-06,20183284.04383837,222350.99443591683,25600370.727262318,282374.4839846983,-37.19986220356166,0.6278413649247512,377.98849861576196,0.2620568514538608,26.8058867322074,0.030163820273712966,-0.05167665346715499,0.03352005580876731,-0.2637577518684571,0.06035610223360076,730.1795022425157,5.743480057948179,325.2449035644531,1.3986178260557527,0.0,0.0,377.98967409187446,377.98967409187446,0.0,0.0,728.9074611349308,728.9074611349308,0.0,0.0,2.195933936186014,2.195933936186014,0.0,0.0,5.854125264870587,5.854125264870587
71b2d4ef27,0.17677371559335772,0.07381809305652084,0.17661274417347636,0.07480533287055872,0.2735056359027337,889621.0,13755447296.0,305.7,20,19,0.357,none,False,False,graph-blind,mlp_mix,nbeats_g,quantile,linear,,,0.0,0.0,340.9110246896744,0.05523062627354719,725.84588616093,0.2750690013203332,0.6356915637831358,0.0023463635123190385,0.6872223585287266,0.0016904799470277379,2.082910027376974,0.01934452641287888,2.2322780798283115,0.024983896892662515,0.0072677369230917535,0.0015465839338311917,0.02371615329475617,0.003917391190169288,3.184564364476395e-07,3.309170079210504e-08,6884949.848043767,12098.66252094805,10452634.468748474,66427.28821021393,-35.832489219034684,0.48687047919924614,400.5795258419362,0.11166492885980502,43.92896318435669,0.08519372527667989,0.006143893713323152,0.0017966798662872399,-0.02297577033896268,0.0010020861718486364,990.4837237374314,8.682474076458364,464.6615702311198,1.3640505536869483,0.0,0.0,400.58732098007533,400.58732098007533,0.0,0.0,992.0383300399957,992.0383300399957,0.0,0.0,0.6868057970401924,0.6868057970401924,0.0,0.0,2.230281874912369,2.230281874912369
7ed1e4b3ac,0.17596851302855865,0.07263226328976283,0.1763299124752186,0.07401280609363484,0.2720529472246806,904497.0,139172295476.0,532.4,20,19,4.542,mixed,True,True,uses A,gru,nbeats_s,quantile,linear,,,0.0,0.0,294.3387821018696,0.16506031006138955,953.1815591889123,1.593892171932327,4.6715364274083795,0.36210016260617756,4.975492265406334,0.3768798423244469,16.341833634196288,1.408738843292663,17.774119549522027,1.5052656219403562,0.055429666801110666,0.019561543298396593,0.07817166584935258,0.011789365727910736,1.347534000061653e-05,1.943467660955458e-06,28410207.1409851,600451.4406453146,31921214.391829353,700732.7179927727,-195.4427412298976,102.03277694465214,448.99141470840544,0.49142099992650456,61.16493464840783,0.29067142111336836,-0.007555967877731616,0.03786347268435245,-1.0342179804415867,0.30449865754996364,1038.4906986971762,5.919276806747807,436.46460978190106,2.726096838238662,0.20758202545876733,34.610781061683966,448.99015077269223,448.7825687472334,0.8265178427013401,1.7174100218458115,1033.3162446018953,1032.489726759194,0.00849050631357399,11.764525101428124,4.943488719791243,4.934998213477669,0.014023798504506857,7.064381906712,17.65501606422278,17.640992265718275
252730b558,0.17419544484922495,0.07099210328513893,0.17492747375626175,0.07265346415820707,0.26954306549827445,484347.0,7502630912.0,238.6,20,17,0.337,none,False,False,graph-blind,lstm,nbeats_t,mae,seq,,,0.0,0.0,134.43567188580832,0.10449887130939907,398.8974672605594,0.10142082750861038,7.4018147305080975,0.10541592943639304,7.861420158715419,0.094051545040084,26.79926688572711,0.32772501585454544,29.228803481620577,0.3528848212861774,0.047231131594058735,0.03029796356266592,0.07701933467825993,0.06743562796638879,4.386784284281689e-05,6.427819149639109e-06,3270483.131731719,70544.9899029351,5382335.057935397,126061.96951102921,-32.321983878957255,0.06939170555825705,399.4460858960281,0.32189122690044625,31.05992817878723,0.03712569575045329,0.6103952031947021,0.23574804955266124,-3.4250962512325054,0.5553069868351215,612.5102729867959,3.010949215503167,246.38248697916666,0.3060130828092238,0.0,0.0,399.45633491719025,399.45633491719025,0.0,0.0,612.7641318915561,612.7641318915561,0.0,0.0,7.842030091677909,7.842030091677909,0.0,0.0,29.122486321350003,29.122486321350003
a4064ff64e,0.17324097047041195,0.06935402240906396,0.17405200520595976,0.07127122158232176,0.26696670500705094,920067.0,323326208820.0,712.8,20,19,4.541,mixed,True,True,uses A,gru,nbeats_t,mse,linear,,,0.0,0.0,278.55651571353275,0.30392123007379235,972.4623510297388,0.35534963874922715,13.38989452200864,2.5926318590914876,14.264163429099318,2.8866849210531185,42.68720507177533,7.661621944438074,45.65795734679671,8.130570431872966,0.23018768922899577,0.28402052546304124,0.2866314632052758,0.31705018977536176,0.00022941878664883053,0.00010665147854626105,51422573.60462081,2637067.900305361,62989288.95867505,2690564.3761677695,-340.8059184915566,128.88403779510492,463.6401434090423,0.7136344136883943,66.86408355500964,0.019830471318849525,-3.142855224744896,4.043492795223864,-8.091720279961091,5.917691783758733,1186.7707521715176,10.995496843522165,511.64671834309894,8.450942402692743,0.23025006982499008,19.196793473719843,463.63946266256653,463.40921259274154,0.9334756356005679,4.13999207698901,1186.8952528867198,1185.9617772511192,0.0535476410175549,14.535131541856178,14.304141945303384,14.250594304285828,0.09639715469136927,15.125847558166518,45.815204006434875,45.71880685174351
1ce1140e97,0.1715286918068251,0.07049625892383427,0.17167425094079566,0.07172462890062703,0.26781454198871846,1141203.0,139811403776.0,635.7,20,18,3.102,mixed,True,True,uses A,tcn,nbeats_t,mae,seq,,,0.0,0.0,406.24128845830757,0.24224503244800027,1137.478861026466,0.4453248371478304,6.112756687398966,0.6257205298982517,6.53446229296446,0.6929397667962334,20.107675988873467,2.341175155217685,21.74019416582675,2.632113718829412,0.09377168144158426,0.016607144841160496,0.14319532001653693,0.03525570796778061,2.0511464598782444e-05,1.4201982381223068e-06,6778473.922263331,566941.052517087,7418115.595000139,597538.6066559467,-703.9678954684765,53.485858895010736,449.02119572027556,0.52049173016541,61.71584267086453,0.16450879839398386,-0.03298666455436179,0.11243535723328092,-1.6164894664571106,0.35276470595848547,1971.5417633426998,8.52978187567386,832.5308227539062,3.0634697640541884,0.26242336875859945,30.18649957635594,449.01433936500445,448.7519159962458,1.3331946137650448,1.7484387971138216,1970.7527221430898,1969.4195275293248,0.013758004702243495,6.606333225137029,6.532454354299359,6.520818687105109,0.017903939939322083,4.166291124400473,21.722119403306113,21.706719357538688
1def844d2f,0.17652191214469456,0.0718268563218734,0.17707512235293846,0.07369563293123882,0.2714693959385456,896583.0,15266873344.0,293.7,20,18,0.867,none,False,False,graph-blind,transformer,nbeats_t,mse,linear,,,0.0,0.0,272.5783160030842,0.2308143454602817,713.1175380895535,0.15406545793418622,22.394185953139033,1.171226325010881,23.732216252937548,1.3143180092320172,80.49590319715615,5.281892943598688,87.49010455383234,5.697100457748234,0.27508264710627023,0.029423712817993684,0.5288816134669778,0.04924982530752023,0.00024521109264822195,2.714889986256547e-05,8260708.430095065,49296.551146365564,13717571.562443754,65251.587977508825,-32.10965966070771,0.07757315326764518,423.8238367204644,0.10628099058896197,54.65314502186246,0.21579683576053077,-1.1216381410164906,0.5388858938312452,-24.96003972059127,2.8543554149474586,1026.3614075401022,6.3382468372261105,458.75829060872394,2.716537948006978,0.0,0.0,423.820828975892,423.820828975892,0.0,0.0,1026.469389872482,1026.469389872482,0.0,0.0,23.658823178100274,23.658823178100274,0.0,0.0,87.18462445900914,87.18462445900914
215094cbd2,0.17539081881199156,0.07304472120581192,0.1748166127743727,0.07380666024303957,0.27167381221427944,1034623.0,17333755904.0,323.0,20,19,0.422,none,False,False,graph-blind,sep_tcn,skip_connection,mae,linear,,,0.0,0.0,357.89777541160583,0.14088063605889548,826.0383483568827,0.5075868318522334,0.5729929958836996,0.09624311571991356,0.6070996583199998,0.09833784739406645,1.5967214865721513,0.2892464839285966,1.7046497346879033,0.3056082283017007,0.0037454028482817813,0.0026563743438781577,0.00985404537411933,0.005741746529819198,2.8938514965837944e-07,3.4509934303148415e-08,3770404.2860480696,46100.54416038149,5479249.884443703,56648.87190949128,-38.9076758432197,2.225047493956657,412.93215681227974,0.42605332730857354,54.01905102199978,0.07994820836069672,-6.0564352924227675e-05,0.002448165564639597,-0.017305721306985756,0.011846053065404158,1222.6978380650755,19.569781851609278,603.3432820638021,4.077208162988298,0.0,0.0,412.94058277446106,412.94058277446106,0.0,0.0,1222.4958441749332,1222.4958441749332,0.0,0.0,0.606746040539248,0.606746040539248,0.0,0.0,1.701489648216657,1.701489648216657
d830f2db15,0.17436437283885114,0.07226868861942659,0.17435120656307818,0.07354023803663717,0.2711830341976378,700919.0,11042246656.0,322.4,20,19,0.864,none,False,False,graph-blind,gru,skip_connection,mae,linear,,,0.0,0.0,210.6347047885259,0.11261072781489025,641.7958141465982,0.51937577326877,2.192581851083863,0.059750534798917315,2.3286316564902054,0.06253520544133773,7.2377546981764596,0.15019326547358358,7.770803836295808,0.16123714862071922,0.040398566621117876,0.023484242065669663,0.05519738329433695,0.03218443708682783,4.9914150429495615e-06,5.972493670949624e-07,7982084.39357316,191195.18709715,11386341.735653559,310076.42045791645,-33.68961698707054,0.31305812323833304,401.0634616154319,0.2472656548957251,40.74353885650635,0.04438877410214816,0.004842700704293076,0.012157461544386532,-0.33014171673102566,0.026425776554371973,796.0496344465182,10.711280617691951,316.30431111653644,1.1987640071440753,0.0,0.0,401.0662113679417,401.0662113679417,0.0,0.0,795.363123965759,795.363123965759,0.0,0.0,2.32526946810226,2.32526946810226,0.0,0.0,7.761626137995313,7.761626137995313
a44d7ccca9,0.17178241756867219,0.06860165358431902,0.17313776260302974,0.07098898934347517,0.26643758995959105,1602467.0,26308571136.0,484.4,20,19,0.895,none,False,False,graph-blind,sep_tcn,nbeats_t,mse,seq,,,0.0,0.0,510.8934879153967,0.48751562484422994,1387.0173895905416,0.6867268764902734,26.771069744238048,3.3961885424653167,28.903984900036633,3.7321646565515127,93.0703585839088,14.003308610520524,101.3542573175291,15.566699346834,0.2934821895058523,0.0038911745255792015,0.5395472608801524,0.0006355196082489773,0.0005437998328770424,7.115575469096344e-05,5427598.99398562,4088.0983252451997,8142751.877152909,37943.05003776118,-32.03025933389816,0.0019417346533854589,437.09447635709444,0.12251287176109638,114.02982625696394,0.05007619911697035,2.730684572208677,0.42388317323718316,-16.080256178691226,5.156611670367825,2264.5613067755926,18.939371952111998,967.2880452473959,3.723404845873911,0.0,0.0,437.0956566957241,437.0956566957241,0.0,0.0,2270.140736067156,2270.140736067156,0.0,0.0,28.715879938329216,28.715879938329216,0.0,0.0,100.95090736102638,100.95090736102638
24c14ec46a,0.17383610837747898,0.06946800005531933,0.1741810343788432,0.07127295306828303,0.266969947874818,1110095.0,60425866036.0,394.3,20,19,2.606,gcn,True,True,uses A,skip_connection,nbeats_t,mse,seq,,,0.0,0.0,280.6469918191433,0.10720900988286206,876.461476376901,0.5748488694379473,17.653620612147886,1.299559167246903,18.750819180134382,1.3204940737259692,62.59203665944003,5.096189618730337,67.78397776034647,5.421128241636631,0.19391092952421818,0.025811965032958156,0.33668734785777527,0.045494926092067886,0.0002706830109904406,2.94905169550745e-05,8301505.8326656185,96805.28798788073,12968624.920423234,124038.69546139445,-66.42657173716886,23.584065520700083,443.85285646489257,0.9511016173120213,64.25165518124898,0.051918571764600296,0.8902148860622466,0.7157841201120633,-14.5489758638367,4.400529359900248,1087.1872825021564,5.699061355958357,497.7393086751302,1.833478796366983,0.17108626069682487,44.25555346959728,443.8558024447915,443.68471618409467,0.13540306215054443,0.9021407855731544,1087.5075328324613,1087.3721297703107,0.003601127952406339,8.029854352161726,18.81821738466188,18.815344925362538,0.0065131597668208014,7.875924746890645,68.06626107945472,68.06105112370231
f95e10cba7,0.17424255348255263,0.06981925202001014,0.17475582923590774,0.07180619595588195,0.2679667814410621,889771.0,179359887772.0,577.7,20,19,3.575,mixed,True,True,uses A,skip_connection,nbeats_t,mse,linear,,,0.0,0.0,262.34079066912335,0.4919160269240789,1004.2026528144876,1.310637531413529,7.882570465017731,0.8860617662906198,8.397003650917574,0.9509840772946618,25.408710420598357,2.8477804720196938,27.436676485627373,3.1121047929986827,0.11770873551298722,0.0926274950464277,0.15247163720107126,0.1271332821321517,6.594650704197302e-05,1.1190439367540473e-05,32254024.268650044,2900479.866108075,36156899.91112884,3191333.1204932053,-257.69722515279733,102.56109337196787,454.48520809447865,1.2961080252162358,52.12008077568478,0.06792869761079252,-0.08445369354070904,0.5601886455577381,-3.4513483422920004,1.4648752997493824,952.7961016639634,3.655620586527569,448.3223571777344,3.6251370696791674,0.15691712575464103,16.928464654093695,454.48436410878026,454.32744698302565,0.49578902148732595,4.556357451141549,954.770543230721,954.2747542092337,0.01129115378856523,12.320960485827902,8.412656233151656,8.401365079363092,0.01541445556095411,9.438388734588585,27.45760965881642,27.442195203255466
c028f069f3,0.17427610896416834,0.07235674409066171,0.17445931781902638,0.07385017574376643,0.27175388818518575,1017199.0,17983170560.0,291.8,20,18,0.452,none,False,False,graph-blind,transformer,nbeats_t,mae,linear,,,0.0,0.0,308.2449519733588,0.2836629140854401,738.8224576413631,0.26547202083407295,7.85822884728744,0.7190960548752167,8.28699954010956,0.8045350514970065,29.19218334202368,2.642094554375932,31.52498039034329,2.9257047521163777,0.04492433158878143,0.01363517295014695,0.08274385285315926,0.02629344157110974,4.026304667862582e-05,2.5299664340472042e-06,8293915.676060956,86618.76174577593,12796653.455743464,157694.27448183158,-32.19404484106757,0.008795750851737416,422.58006194725726,0.13502218787696596,60.287640611330666,0.08492494808783439,0.27589221650902207,0.10826975550889661,-2.6584312583958005,0.7911684497853083,1035.9345466594675,3.81126772820723,485.5483703613281,2.848005595514328,0.0,0.0,422.5806922921732,422.5806922921732,0.0,0.0,1035.1019747275277,1035.1019747275277,0.0,0.0,8.284035587127763,8.284035587127763,0.0,0.0,31.51769997662391,31.51769997662391
396c7a9b6c,0.17313654774211887,0.06930484629735074,0.1743261652612744,0.07143623753929486,0.2672755835075379,843075.0,76092328756.0,384.3,20,19,3.574,gcn,True,True,uses A,skip_connection,nbeats_g,mse,linear,,,0.0,0.0,326.9301732579867,0.27375865239201874,732.382476894185,0.4950799144122555,2.3303746097129383,0.0787624865577837,2.5320328323185985,0.0723854837677053,6.645511077726558,0.1365657635492386,7.0833620554598875,0.136677889843909,0.04009167897672446,0.010568278134041952,0.058278108022985886,0.006153649660100464,1.08925849537773e-05,6.937253032226206e-07,7354481.576620313,173574.28735777186,9844301.45513978,142025.07971484255,-1657.2045509845975,1159.827738270673,438.2558763957463,4.948405260861842,43.924760381380715,0.02761600960330021,0.013265691036562527,0.021572662987388518,-0.28897827543144655,0.02319027154686366,994.6484663978582,7.262847094568039,499.771728515625,2.312466157738605,0.34061289503841863,37.41800824669017,438.25277582880295,437.91216293376453,0.5036523514567838,2.0376620314511023,990.9628066191767,990.689589034014,0.0035226751654753308,-3.5021444543554123,2.5298583201460336,2.530962422064285,0.005315927070861666,-4.992984870640813,7.08316019201702,7.085104614150003
48d5b09e5c,0.17459497558005635,0.070602511653727,0.17538071650998127,0.07274844167914744,0.26971919041689907,888807.0,36144775168.0,403.5,20,18,2.133,gcn,True,True,uses A,gru,skip_connection,mse,linear,,,0.0,0.0,281.27005429069203,0.18539437089384658,832.246696062386,0.14526629657811518,10.834191322811725,0.07865551876760586,11.545673987933704,0.1101879443045377,39.660080981811355,0.2301336609686055,42.69489610513066,0.10660362358064526,0.14684695587987168,0.016464911931453198,0.23851637747545873,0.031174041805121705,9.603420963031594e-05,8.293713431436056e-06,7750260.302429106,64767.638483220995,11704055.165203316,109773.4884649386,-340.7573251087605,100.6459193135161,427.9768548861439,1.0333398556342124,53.264845225546104,0.03057998684379824,-0.18526141732359547,0.06680896533317578,-6.939589406653103,0.35597718410304824,1022.2907619686733,0.7160064371346248,437.87669881184894,0.6413418034174632,0.25303710308812316,41.514019722207465,427.97936532364605,427.72632822055795,0.17500284131275143,1.0892240838577707,1020.9643616841786,1020.8773366845259,0.0016680828305144502,0.9641144445432762,11.540749684402993,11.540285438790557,0.0030127251079482185,1.6691036572325448,42.72734005428877,42.726960501061434
edadc3ffd7,0.17366422365516632,0.07011471401681584,0.17467825835342107,0.07223016803095146,0.268756707880848,1907687.0,34433056768.0,392.9,20,18,0.665,none,False,False,graph-blind,skip_connection,nbeats_g,mse,linear,,,0.0,0.0,564.2463278025389,0.15128269184258947,1283.5888306895893,0.4711135623252697,16.789336347210337,1.2790970642712174,17.721715403797614,1.298229107710077,63.65500647430645,4.474072875735255,68.51069252392669,4.909183648194155,0.19667257835992977,0.06273712640648073,0.3467935404399383,0.14929024797321086,0.00015317534945887888,3.164444748543505e-05,9560727.868944837,88216.71582475485,14634005.891336076,141059.67296752954,-32.92037405375424,0.016659189920951903,436.34207695068653,0.12113441532797946,102.79989952511256,0.06180148990681029,0.8921206724066755,0.4522736750190315,-11.639935176760714,3.443776001231718,1690.2362077728358,0.11962211190523803,848.8167724609375,0.5947644848522203,0.0,0.0,436.33874984477865,436.33874984477865,0.0,0.0,1690.534788388143,1690.534788388143,0.0,0.0,17.716469519614385,17.716469519614385,0.0,0.0,68.48378163303433,68.48378163303433
1617f95658,0.17302514354587145,0.0716142899828528,0.1732392242112687,0.07315905490847144,0.2704793058784192,1164229.0,142275231744.0,541.0,20,19,4.549,mixed,True,True,uses A,transformer,nbeats_t,quantile,linear,,,0.0,0.0,434.84800094366074,0.27619950174170327,1013.3886614801983,0.06076331936724004,2.5613843727902954,0.05239509397933666,2.72119466713873,0.04941756900225563,8.45285251884558,0.5604438844724761,9.169387641264747,0.6120738232503072,0.0077321801313290075,0.022368466176376476,0.018592713560458267,0.021101344247394203,5.144205248999577e-06,4.353978812999742e-07,11422783.70274588,481172.09939861123,15246717.569212621,564966.1126620936,-296.2233128404254,176.0500009069394,450.1190824911004,0.41141784534376685,71.49486609299977,0.19748696424332923,-0.023360910721722167,0.05830049897582419,-0.27042563591344676,0.039263603828307195,1507.309816897762,10.824671027402903,703.4771525065104,3.913972903503874,0.27463034691313243,32.89089956678007,450.13661347226986,449.8619831253567,0.7113043617590241,1.895538566579861,1507.0098458773202,1506.3546828017388,0.0032230606855055597,1.3123340546080124,2.714203420536094,2.712626875072145,0.003912934451207069,2.650655250223844,9.139694985460531,9.135837267503076
a01d33cb3b,0.17493049978793337,0.07098975702916478,0.17520781160125176,0.0729792893095845,0.2701467921512016,1383167.0,24196048896.0,405.1,20,19,0.506,none,False,False,graph-blind,gru,nbeats_g,mse,linear,,,0.0,0.0,395.027716755867,0.2335479806467532,1043.7684498329957,0.3977529627494869,3.587720613072937,0.2506297778732665,3.8335416374643407,0.29809348860026913,10.620987239516287,0.7013165711707645,11.371536369964332,0.7763082824602393,0.08640256856011934,0.05020849626491293,0.11682695618297034,0.047746675989890665,9.739609565812339e-06,3.6039338778339034e-06,76603440.3443288,1210411.8209010588,109383236.67870736,1825555.3547162046,-34.743567446324604,0.6036680573033999,421.53951096750933,0.0868486198491848,78.25781921545665,0.006101111408005413,-0.31243824314710805,0.1037336220022481,-0.5692529834316261,0.1737350378164299,1370.93637964813,15.063289649337772,652.8923136393229,1.2882821315492217,0.0,0.0,421.5378032338302,421.5378032338302,0.0,0.0,1371.8550892381838,1371.8550892381838,0.0,0.0,3.8392494110851434,3.8392494110851434,0.0,0.0,11.370154859229327,11.370154859229327
4731cbf172,0.17502848069579433,0.07278534000729833,0.17482155425652843,0.07392864298632194,0.27189822174174283,918685.0,14772830208.0,279.9,20,19,0.864,none,False,False,graph-blind,tcn,nbeats_t,quantile,linear,,,0.0,0.0,269.89698640505475,0.12679958479556686,629.5022713889679,0.16230707522511165,3.623344624376235,0.21234630269981436,3.8700552477113916,0.2505250471336516,13.536538994822115,1.059696494848961,14.71620177615714,1.121815934303799,0.024309342898099467,0.014457663393528471,0.041865997738527054,0.033637676568107316,1.6231752547195266e-05,3.1203080213083846e-06,8366822.502607617,100954.65800034745,12802895.672061557,153082.26838092838,-32.22969527565123,0.043501997309108816,414.6699498001655,0.19147531359897874,49.55318809880151,0.043351200534866345,0.13155862884054728,0.051570497766614515,-0.7072485404064496,0.21380481947076424,895.7723717285749,4.978840242957473,404.9855143229167,0.8518680060706263,0.0,0.0,414.6965889572387,414.6965889572387,0.0,0.0,897.1595751729715,897.1595751729715,0.0,0.0,3.832700924450305,3.832700924450305,0.0,0.0,14.564337588004623,14.564337588004623
5459c8d9d5,0.1755675632507741,0.07124359435955104,0.1770824630849996,0.07360759369331896,0.2713071943265032,1394991.0,25136695296.0,343.0,20,19,0.879,none,False,False,graph-blind,gru,nbeats_g,mse,linear,,,0.0,0.0,378.90694836775464,0.28698924636656037,988.2976250201464,0.1440918182306324,15.057541799498722,0.310681775835324,15.97894160000484,0.28769875357467894,53.85608422382114,1.474309752535803,58.12560858694721,1.5673917333828926,0.17358881486168806,0.026752708013130514,0.3487921530485047,0.051796685669849934,0.00019327926797208512,2.0980183390594268e-05,1036508.3374351877,29041.75351685069,1639587.135436979,34556.26553256202,-32.43601139383809,0.072317634518708,429.5428808237107,0.18995514914618233,93.16482016775343,0.10779390208973369,1.1556471557764314,0.49850553882646703,-12.797690034122006,1.3382208909520492,1278.612114538367,1.4433861002389383,611.7697347005209,1.1639645184635412,0.0,0.0,429.55710464010616,429.55710464010616,0.0,0.0,1277.436230675451,1277.436230675451,0.0,0.0,15.960807670721634,15.960807670721634,0.0,0.0,58.02163505824033,58.02163505824033
1d4a2b3b4d,0.16959967683583035,0.06878825976416826,0.17176961332088833,0.07112681274534285,0.2666961056058803,1369409.0,288783372288.0,750.4,20,19,4.063,mixed,True,True,uses A,transformer,nbeats_t,quantile,seq,,,0.0,0.0,488.95615218083066,0.35654445471777135,1219.1529889206092,0.4836614684220666,4.117685035227623,0.13714361614086057,4.420601290255681,0.14665483986243413,14.49132693689883,0.300061950570538,15.745172910975947,0.40609666709724757,0.02156584291579819,0.021024754427476835,0.03860926420743647,0.03171513680618418,1.0960863304162178e-05,2.3823883806937162e-06,101093620.39351535,7695960.628113219,107359750.46179928,8253959.087824146,-209.55180366491277,166.06619158649931,457.7294731869045,0.22099506775766126,74.01064138942293,0.11212712189626332,-0.04018590402203833,0.03763495397922611,-0.6227816919964743,0.05614068602721304,1910.1284454324195,8.08585394567045,840.0415445963541,2.87866578520529,0.13438037989463206,10.536871249688737,457.727035638918,457.5926552590234,1.4358217619127724,3.345092436144858,1911.1765849581595,1909.740763196247,0.007075670299392378,8.671799955250018,4.412962539640578,4.405910494500119,0.012124695158046114,6.506236505860137,15.707326192721144,15.695201497563097
fdf360c4ba,0.17660026429761547,0.07395914012458106,0.1760695428561469,0.07479884670108086,0.27349377817617876,997543.0,16052316160.0,372.0,20,18,0.494,none,False,False,graph-blind,mlp_mix,nbeats_s,mae,linear,,,0.0,0.0,387.83015885949135,0.5246598278510909,1009.3724548021952,0.6359076445121092,6.690624090207469,0.4181001593086916,7.096765882644184,0.46334860352738066,24.391377936069674,1.8568180409905852,26.42278341675571,1.918682063123981,0.06647000473694308,0.02732064081423177,0.14260121359440947,0.04852489697396693,4.0338005092789376e-05,4.964844563125134e-06,4225311.956244364,40460.652090136726,7145376.31293353,73764.4438601011,-32.027783834315564,0.004243686171387069,426.0015569835288,0.032365340335853233,77.04478765858545,0.15510617544945182,0.3911453637588614,0.07756359098796081,-1.505185319291801,0.3369800392885854,1495.510613980926,9.344925233042604,643.9943237304688,0.513791156258826,0.0,0.0,426.0007028474018,426.0007028474018,0.0,0.0,1501.5703716538378,1501.5703716538378,0.0,0.0,7.08248813779976,7.08248813779976,0.0,0.0,26.372672159836977,26.372672159836977
5e973cdea9,0.1762989927292667,0.07159911226045393,0.17721034361916352,0.07356311147296994,0.271225204346812,907031.0,15428499456.0,308.7,20,17,0.865,none,False,False,graph-blind,lstm,nbeats_s,mse,linear,,,0.0,0.0,251.38438199957213,0.19127874601947717,752.4554277509451,0.12562817141763763,15.367937660920992,1.2521086108457673,16.132090378172865,1.3395367886032574,54.485200227506596,4.429210296011684,58.694296243460734,4.808184935003239,0.17258920522812904,0.08409108864048499,0.3153292574658839,0.14464059560101045,0.00025356294006918714,1.5365081779694266e-05,11583416.928389141,150210.97974116157,16572998.281688904,266838.2820416792,-32.078084594674614,0.01265012309171424,425.4013910174122,0.20003006538029885,65.83446065584819,0.18250025593288705,1.1166960872489125,0.9152287878964157,-8.40835183798895,3.190629430610606,1031.9680060457358,10.561580226149614,422.56175740559894,1.7397799368292077,0.0,0.0,425.3767245909082,425.3767245909082,0.0,0.0,1028.5559940620883,1028.5559940620883,0.0,0.0,16.193787505440106,16.193787505440106,0.0,0.0,58.90415959164406,58.90415959164406
ba092c4bfb,0.17514270250194525,0.07316886051126398,0.1751529620745347,0.07432463494461043,0.2726254480869503,1576639.0,29837275136.0,391.6,20,19,0.686,none,False,False,graph-blind,gru,nbeats_s,mae,linear,,,0.0,0.0,381.38239060839015,0.14188236057356737,1066.048889135321,0.0915940779444804,12.620537781282716,0.8827972855330567,13.375729741578018,0.881020250146419,46.25254906661496,3.764958748650261,50.25693823373202,4.09338969044662,0.08687820196216378,0.04105181160622164,0.16020977792082014,0.07848652771069912,8.803634747969127e-05,1.6604770990648785e-05,13297123.988694884,138770.49315432136,20328913.121001337,271776.1171586645,-32.01930562888037,0.0010567693206829242,441.7073204000687,0.4450479538116278,120.2372507519192,0.09045069816019985,0.47127429719067365,0.18644905840518353,-3.8533990249567487,0.5868679435359149,1318.741560575426,11.305974789607866,629.5751953125,2.321670611602791,0.0,0.0,441.7126149610327,441.7126149610327,0.0,0.0,1317.3523166061693,1317.3523166061693,0.0,0.0,13.288016510761906,13.288016510761906,0.0,0.0,49.968611355417195,49.968611355417195
a318921af2,0.17524312987620255,0.07262268017686561,0.17452627123488546,0.07346620809010718,0.2710465054010237,1179357.0,80524200756.0,447.5,20,18,3.101,gcn,True,True,uses A,mlp_mix,nbeats_t,quantile,seq,,,0.0,0.0,411.350569670399,0.4787732499321105,1162.5431596785784,1.2697265287192676,0.98612243531079,0.10520533995036004,1.0598717767890944,0.11008069395048409,3.0252391459224968,0.33330835557937727,3.26776578249906,0.3507439231911362,-0.006321738096951464,0.01404207024429264,-0.011844901839201635,0.02130777834266734,9.464585209228258e-07,1.6223351435578508e-07,141674573.0580947,4018764.3740373505,153036704.30191728,7466232.166102374,-1389.4600572444585,988.0678063418568,448.71972223744984,0.39298369057938076,69.95482420921326,0.46955280764942603,-0.022173799421743384,0.02033553442581436,-0.06761028761652761,0.02507507800040674,1640.0736269739255,10.745837311374036,693.1773478190104,3.4892575670601604,0.26416220611508834,50.74703037511159,448.72270161103745,448.45853940492236,0.41344068496338576,-0.2829389335957624,1644.0314773246978,1644.098305288239,0.000618367449117215,5.9707502845813485,1.0594742795138765,1.0589441227426377,0.0007221338678696417,1.9210323678419747,3.267131246357374,3.266599644767837
19994743ee,0.17424905967545778,0.07266394493564289,0.1742692747462274,0.07397599279301134,0.2719852804712258,743471.0,12159977472.0,305.9,20,19,0.866,none,False,False,graph-blind,gru,skip_connection,mae,linear,,,0.0,0.0,225.17026727398238,0.13852258506864276,690.6386924833059,0.16521292553624617,3.545917420007754,0.08251204220135112,3.7548653223856157,0.08360504919278827,12.881823078213179,0.23372403101734898,13.93477236712522,0.2643589045847858,0.01889024534989094,0.012975762488984122,0.03661577189034496,0.024496938380241858,1.040012956818132e-05,4.296844930509221e-07,3361113.65278675,5697.831688399471,5516660.010057092,12443.784040816421,-32.089605660252325,0.020293231247970347,413.2651200636661,0.2210090666892787,42.03353620900048,0.10278647871797213,0.05871482004767629,0.021262824784391506,-0.588514370890261,0.0320824097030552,879.6191069562532,4.152834982642319,363.8594563802083,0.9100971933823372,0.0,0.0,413.2542466106204,413.2542466106204,0.0,0.0,878.260553363632,878.260553363632,0.0,0.0,3.7666915805302277,3.7666915805302277,0.0,0.0,13.93990503325578,13.93990503325578
6ccabd9512,0.17275840037229828,0.06894843810979663,0.1730466127975019,0.07087185899223476,0.26621769098283976,1490275.0,25276278784.0,453.9,20,17,0.577,none,False,False,graph-blind,mlp_mix,mlp,mse,seq,,,0.0,0.0,495.0109239021937,0.3712921588006122,1198.030958533287,0.678084461811046,8.839949536176087,0.474130213621123,9.545775838882824,0.4855918256451288,29.882175337284092,1.9582850740243443,32.600401494250384,2.1082338372332887,0.18541204805747,0.04419085768140424,0.3333584424298734,0.050009970051238424,0.00015160235331882402,2.8664073624866032e-05,32079010.838171232,471363.3231397993,46138211.030068636,712075.2976655337,-33.21353231841824,0.08827842931960538,430.60396679975884,0.043906202962876575,85.41819863849217,0.024059947886614638,0.3752843143424047,0.12367546762366134,-4.712021024147371,0.8254975942432322,1820.642906448952,7.2854127547314755,862.0209757486979,1.6993964218071476,0.0,0.0,430.58494316598313,430.58494316598313,0.0,0.0,1814.3839173234953,1814.3839173234953,0.0,0.0,9.583867426746686,9.583867426746686,0.0,0.0,32.711151452243335,32.711151452243335
f226301d02,0.16882538895989507,0.06829574151319488,0.16914059353917657,0.06962581226921313,0.2638670352075324,1450787.0,189005663848.0,573.9,20,19,4.066,mixed,True,True,uses A,sep_tcn,nbeats_g,mae,seq,,,0.0,0.0,433.53861923019093,0.27693884043049444,1245.784547323982,1.1612174325471525,3.7811774312382718,0.17562038335413568,4.078080336542352,0.1597737417091906,12.521051116610517,0.3807793834215582,13.527821168234047,0.41090360670040005,0.053193802519212206,0.010837212303909214,0.08192990640312049,0.013613305242760932,2.1820354631846452e-05,5.602019197026029e-06,23157400.55302221,564770.560016569,29855752.81157145,1456895.2964970253,-326.1377848099105,190.72832478226132,457.08948417276537,0.9448251626875404,63.77887197335561,0.03292493056518081,-0.12231634846650119,0.08139685183303179,-1.0468102203926188,0.17726039026387455,1613.688522412045,8.248513758165926,774.8154907226562,1.994746518723911,0.20773125025685127,31.321320472758536,457.0903328935905,456.8826016433337,0.8884895156891162,3.278846296067899,1614.3713663958401,1613.482876880151,0.006533218020950156,5.8126472661142135,4.0756334063748145,4.069100188353865,0.007567009856269162,2.972206682009055,13.530055011281638,13.522488001425367
2049ab126a,0.1742355410576736,0.0722817761268307,0.17419528693214223,0.07344668122282294,0.27101048175822084,1462349.0,25209186304.0,326.3,20,19,0.874,none,False,False,graph-blind,mlp_mix,nbeats_t,quantile,linear,,,0.0,0.0,428.2657648722331,0.27011558507696776,950.3575610319773,0.3158292295667822,3.3956222114162906,0.039623324107305596,3.5768470735868108,0.032498589333725236,12.515951935805077,0.21911584183656035,13.493680216518468,0.23514017544452015,0.018919987736282288,0.011428227416429763,0.03823170342609665,0.026108618066490143,8.526734540452463e-06,6.992565814018921e-07,7846929.783012298,26378.376903832515,11836077.945188498,39204.98596786549,-32.220735879954084,0.04448718482295686,430.2246616979469,0.1203198807891161,105.81026915709178,0.08637091633959121,0.07947222865016661,0.014486655446404801,-0.5140481898850424,0.02857436178280921,1326.6805792147773,7.894188267845546,682.9903157552084,1.3044767098440617,0.0,0.0,430.198374197074,430.198374197074,0.0,0.0,1323.350133534599,1323.350133534599,0.0,0.0,3.579393585289635,3.579393585289635,0.0,0.0,13.50607479944557,13.50607479944557
d2c6f06e1a,0.1748070274486762,0.07295936465815765,0.17438503554858095,0.07351250646869004,0.27113189865578347,1062487.0,18143801344.0,367.6,20,19,0.471,none,False,False,graph-blind,lstm,nbeats_t,mae,linear,,,0.0,0.0,300.66781510412693,0.19632711425105817,885.3366783161958,0.3162679226739703,9.082694495476366,0.4280344016236467,9.591411229260624,0.42697092260164354,33.27694725921174,1.4307429967758718,36.02048723287715,1.655494658446543,0.03661721943529984,0.004883825107049129,0.06488308358299244,0.018180749226636938,6.62459285310987e-05,7.796585302113482e-06,1297271.1453480048,2429.9122083985703,2120190.538357247,3349.9954439610656,-32.03282952337802,0.0036138978853109626,424.99074689925624,0.16145924673756432,77.56788274976941,0.16576377839989478,0.46605630085563415,0.24239232837233368,-3.6510672722509567,0.5726752332290312,1170.1115765432558,3.3224300091498384,478.15659586588544,0.9800296541542279,0.0,0.0,424.974415760826,424.974415760826,0.0,0.0,1167.4746178353596,1167.4746178353596,0.0,0.0,9.568781580374896,9.568781580374896,0.0,0.0,35.90951728110267,35.90951728110267
b1c4d165c5,0.17378204029514158,0.07174065861249905,0.17401302985186132,0.07289551301686181,0.2699916906441045,1254825.0,144711713588.0,490.8,20,19,3.578,mixed,True,True,uses A,lstm,mlp,quantile,linear,,,0.0,0.0,394.6474942962329,0.3195826827458006,1034.6143381794293,0.3771572811091497,1.8404263465757442,0.04556229007495803,1.9526846205213328,0.04650431371415024,5.701251017952036,0.2522970072994093,6.1639883970040215,0.2842334761032341,0.020820806858086332,0.039602444260883676,0.03078116531195113,0.04229582047082804,2.444339561829135e-06,6.675348991487576e-08,11355281.340251496,123554.42398774496,15097508.936254794,193505.8977085088,-1209.4734959400857,301.329265885782,448.56022259237767,0.4301386526346912,76.46424718697865,0.15249715142742587,-0.034070218587511664,0.03616216683767484,-0.23143975542366188,0.02532032255595903,1409.164451266514,13.405597803981832,671.0957845052084,2.8755498980162417,0.15064129155399542,22.53720046007634,448.55594574755844,448.40530445600444,1.1523530720163915,2.294367141963275,1408.7528162425317,1407.6004631705152,0.0036068816448667405,10.682986556081593,1.9518909763702166,1.94828409472535,0.005865367534043209,9.123715616260121,6.161526562921319,6.1556611953872755
4d02c8b20c,0.1810882863249325,0.07748753177661441,0.18051372305518368,0.07815899603059775,0.279569304521433,1572957.0,26874648576.0,424.9,20,16,0.884,none,False,False,graph-blind,mlp_mix,nbeats_s,quantile,linear,,,0.0,0.0,510.3609666824341,0.403572518175714,1337.4132626354694,0.44615768603799066,7.726121251854427,0.2700375286196946,8.119676057531617,0.3182488447408055,28.599973244833325,1.1154298058144507,30.817475629793652,1.2355033748025552,0.08912882283494157,0.026818761236379034,0.17749495807644808,0.04935287478613796,4.143454361964973e-05,1.9074802403016007e-06,12978407.088214478,219778.41454852207,21667714.289972328,406469.56544369075,-32.06214855005482,0.011057792383260814,444.4291989185097,0.05542754787062878,103.48323639233907,0.0676150232228712,0.2708331226881913,0.1466670705815014,-1.6883134322310311,0.35417268024103843,1812.1996524291274,29.904236803191264,787.7888387044271,6.171437611016967,0.0,0.0,444.4422268663122,444.4422268663122,0.0,0.0,1810.4573506653278,1810.4573506653278,0.0,0.0,8.15707251635751,8.15707251635751,0.0,0.0,30.962294179099107,30.962294179099107
bac583e1c4,0.17492365797252069,0.07286916637187017,0.17470443543875058,0.07389984025482998,0.27184525056515146,1771373.0,31210838016.0,435.6,20,19,0.644,none,False,False,graph-blind,gru,nbeats_t,quantile,linear,,,0.0,0.0,486.9071596513192,0.3180988598654507,1248.8504430949688,0.3624310117085343,5.871438646190654,0.44721254089797036,6.233584231520749,0.43860278303263955,21.702369729014816,1.666126099117409,23.47085749420491,1.7033652404576485,0.020940159159690993,0.014696300547635136,0.043480500547768274,0.030165915761362346,1.5733479641246584e-05,1.652335661211677e-06,7291162.4648387255,13443.481216779897,11400436.158873362,13238.593147366752,-32.03732700470595,0.00272465784675587,435.7121846480132,0.14573781686335258,93.43857212861379,0.11414069203347998,0.04284228091536626,0.1477651120740591,-1.714576022574274,0.6200328958386698,1572.2911795303187,11.711855590176963,731.9161376953125,2.65641630998453,0.0,0.0,435.6926498209134,435.6926498209134,0.0,0.0,1573.2856554371374,1573.2856554371374,0.0,0.0,6.1928687077393505,6.1928687077393505,0.0,0.0,23.334460529722882,23.334460529722882
98dd821117,0.1751329499975739,0.07281630366714628,0.1745212874211199,0.07342946368245859,0.2709787144453575,1182659.0,18693406720.0,406.9,20,19,0.875,none,False,False,graph-blind,tcn,nbeats_t,mae,seq,,,0.0,0.0,361.6957416733106,0.36084423348873085,1069.0803297162056,0.7482775514482944,9.876969449536857,0.5517748430047945,10.395255162439584,0.5589561985109313,35.42633837428151,1.9114939412935597,38.466436537699714,2.120938940299677,0.0817824898352927,0.028206671106552676,0.16294302051034415,0.04266053405881866,6.635072645166575e-05,1.6319997053897792e-05,1190901.1702075645,24369.433581379963,1995893.1945528751,39673.75509654179,-32.031054503809465,0.0024702098575940306,424.0957387739145,0.2759160159189776,77.88729348447588,0.17974658832795942,0.3684910442038123,0.1527618738624586,-4.466447315373291,0.2959305855504254,1739.6947947050642,10.770914351215962,674.943603515625,3.9602813829369303,0.0,0.0,424.0924474001759,424.0924474001759,0.0,0.0,1736.877471392592,1736.877471392592,0.0,0.0,10.424042349277444,10.424042349277444,0.0,0.0,38.58942367237582,38.58942367237582
7a8c5d3e01,0.17774035316837916,0.07438805212377958,0.17619234341607493,0.07461741187339276,0.2731618785141747,914339.0,15267241984.0,302.8,20,15,0.451,none,False,False,graph-blind,mlp_mix,nbeats_t,mae,seq,,,0.0,0.0,243.70887879033884,0.19157479570801345,800.7338387221098,0.3928566053999837,9.620432429643794,0.22939489510323283,10.188327473616313,0.1753615698513809,35.54636983375958,1.0522542148398868,38.57186516433806,0.8815698355230445,0.07779912543172224,0.037439153014117245,0.14175778958821747,0.06962452892573914,6.780132803817218e-05,3.4715261175672054e-06,2408791.2272853246,65605.448827469,3979402.7186749764,110692.03357126615,-32.05139662819359,0.0075475038915601205,424.57617634931245,0.40074887224380906,59.26812940173679,0.10782444087463772,0.7278598753360739,0.13881904994245386,-2.9761966823045984,0.34199433258169226,1018.0151912452416,3.345597414167024,365.6076253255208,0.23092470800895526,0.0,0.0,424.5341811887588,424.5341811887588,0.0,0.0,1018.4496623979136,1018.4496623979136,0.0,0.0,10.155567389810676,10.155567389810676,0.0,0.0,38.45043640559576,38.45043640559576
b3ac21ea5c,0.17437033843791294,0.07196421346895168,0.17416950136893863,0.07293775062080142,0.2700698995090001,859693.0,301692266496.0,651.1,20,19,5.017,mixed,True,True,uses A,skip_connection,nbeats_t,quantile,linear,,,0.0,0.0,324.99355278412503,0.30413678577468417,643.3230932590862,0.32164848545259084,2.556341872936173,0.3199839409894192,2.7352385707924776,0.36524558969986415,7.940269149128585,0.6351271593646167,8.58082829078659,0.7046854721453331,0.06583280927060102,0.06380024710638373,0.08277127965501296,0.07305806799059762,1.2552362428567868e-05,7.384520033095129e-06,332745625.6526055,21495094.283616424,344011876.6872749,22443545.10937761,-844.2936875463976,509.12106278932043,453.9550964987614,3.0190275170516556,61.75856423377991,0.07379029361223251,-0.1325518193666085,0.15345705146304572,-0.47690122637724475,0.19207599715152987,973.9618139499186,13.65841111903175,534.8825073242188,5.130745505918543,0.3450979340165645,20.52749857930796,453.95575602678457,453.610658092768,0.3186806937469555,0.9514017576445635,973.9416932083723,973.6715198672904,0.013437387089559513,16.35349111622719,2.7428427247431104,2.729405337653551,0.016370267277164768,14.685834665571834,8.60828293142853,8.591912664151364
e9af1d5424,0.16859785696721954,0.06825931144318513,0.1697308617221918,0.07004059389468965,0.26465183523771313,1355995.0,207579634896.0,671.3,20,19,5.028,mixed,True,True,uses A,skip_connection,nbeats_s,mae,seq,,,0.0,0.0,471.8661803553502,0.15637073469333684,1612.4782964040835,2.1214317293866034,8.05004996918918,0.9918741099596883,8.637540544588047,1.0128686031763925,27.6890993311015,2.8547961455686006,30.014989406097573,2.8882627299225123,0.07095126668193324,0.03588236723478075,0.15876039051919025,0.00035389362939809005,6.414641902910099e-05,1.0735209753089599e-05,84293090.22282322,2074471.6156349026,90079846.93160726,2554406.789539186,-87.65989378896809,24.922700504756474,464.0657331254856,0.728485237055649,87.5190187825097,0.052886895071856926,0.05702006758590422,0.26098917202963956,-1.6913327289567617,0.7329347829428862,1945.1868438276954,11.395357008166592,868.9733072916666,4.9635823211626136,0.08580246268085527,21.574582219755143,464.0633852981926,463.9775828355118,0.3575924544153016,0.8416427901698835,1945.510222713556,1945.1526302591406,0.004727690636209776,3.5605722882884487,8.661812732046117,8.657085041409907,0.004216584898766011,0.6802030361052651,30.11300567267517,30.108789087776405
4558d8e2c9,0.17033539353370378,0.06951461115014912,0.17105308984421003,0.07103633150947196,0.26652641803294463,1090735.0,97804380572.0,559.6,20,19,3.584,gcn,True,True,uses A,transformer,skip_connection,mae,seq,,,0.0,0.0,397.7412306914727,0.031315768944260615,1471.2645454888625,0.5686934272377598,4.225261873441791,0.03164725715549048,4.498388638809271,0.0576552216985682,14.740261829819614,0.4055529297719114,15.927749008361701,0.48136427578157204,0.016148509959826474,0.026651612511410922,0.020859201374179615,0.0557938863890428,1.2104769457572243e-05,2.12034980866215e-06,10429319.75196012,212657.63798872763,14897643.895469328,238863.30266404586,-481.91647185700367,314.3061473107618,448.5594482532756,0.5821426356129459,44.10817062854767,0.0421553935020607,-0.05634804069575922,0.11757567136776542,-1.2655278198439577,0.03024992763147723,1972.5076123455738,3.264820448248722,762.9500732421875,2.9686420525617865,0.14746422767645603,50.293613423846544,448.5593066948622,448.41184246718575,0.26215105558799223,0.49558084622708404,1975.2440414236698,1975.019185093446,0.00034612330144797215,0.5449404209676428,4.497426828568124,4.497259837822378,0.0015417076216870385,0.9387838454825855,15.921065755821749,15.920521017846164
6046fd7aca,0.1755407441897582,0.07124649376057449,0.1758043906161446,0.07296262414422099,0.270115945742233,1043143.0,18197420032.0,367.4,20,17,0.465,none,False,False,graph-blind,sep_tcn,nbeats_s,mse,linear,,,0.0,0.0,290.84543019036454,0.12132557096379686,848.5253704488277,0.2821148428560433,21.594027721585007,0.2297973972919154,22.792435274903237,0.2330087919077896,79.4313022154337,1.3264587873236127,86.275167636824,1.4637420200338565,0.09465487186665485,0.047178623066446435,0.18343866986531474,0.0951335302155264,0.0003600040794718871,6.318774783880926e-05,5684645.606737505,76428.68239156819,9492665.204905739,105079.54042658373,-32.02480752657029,0.0029890593453265127,423.70854657373184,0.4833893397914073,64.48291575908661,0.1734683077851543,4.655049517488783,1.1598603125748734,-26.289272928878386,1.3176517041221985,1105.3164584793847,2.531759993813106,459.6003723144531,1.0584423627324968,0.0,0.0,423.68956808709646,423.68956808709646,0.0,0.0,1105.312559442735,1105.312559442735,0.0,0.0,22.76693769194803,22.76693769194803,0.0,0.0,86.12522980989918,86.12522980989918
c9ab92ff85,0.17466412939242193,0.07041161454392218,0.17471320597615594,0.07197114524690668,0.2682743842540817,782603.0,11427059712.0,326.2,20,18,0.869,none,False,False,graph-blind,gru,nbeats_t,mse,seq,,,0.0,0.0,229.23160966237387,0.09137123467642495,771.1017054766417,0.07149465595428176,16.15140913221694,1.0469194716050736,17.167949676256626,1.1072586871644814,56.95056270835303,3.4760226218306762,61.71628319450692,3.7486717146518096,0.000612065491337202,0.05225480255292606,0.014117397551661645,0.10382870012577962,0.00021530074231965266,2.2372437948027502e-05,2434948.68943671,79057.77406450358,4054837.4116742103,127497.05991731051,-32.04233700218169,0.007220073531787093,413.7639682466159,0.3015412482145628,43.95368035634359,0.2321115676194007,2.2642624779720077,0.7491610166910779,-12.058696925283996,3.7027151580537283,1124.030317079312,1.0361711253317711,410.61081949869794,0.7154622365575865,0.0,0.0,413.76395016756874,413.76395016756874,0.0,0.0,1123.8364597102484,1123.8364597102484,0.0,0.0,17.224010223563134,17.224010223563134,0.0,0.0,61.83968978464031,61.83968978464031
4143c44693,0.17107236967174452,0.07026224816345364,0.17131095929105256,0.07147768683016373,0.26735311262479017,927323.0,217471827560.0,645.2,20,19,4.058,diffusion,True,True,uses A,tcn,nbeats_t,mae,seq,,,0.0,0.0,311.8674559990565,0.36485110584152153,1214.5138856321573,1.5677931025113134,8.84358442090767,1.0436732915959437,9.387347842076242,1.0607278747777396,31.60009132957973,3.5104309146566437,34.212770859808174,3.841509282968253,0.056856965955333204,0.03204195821561089,0.1125867754019315,0.05681912988806854,3.893744076459029e-05,1.0784276309003503e-05,27795884.518223643,1694834.4258626655,30116992.33920768,1760163.2095243994,-104.23839535868551,42.135607799912094,451.304250082557,1.0008881675310872,46.81378323502011,0.4132721541543431,0.016553522499608692,0.4647952523598948,-4.321748900033831,2.14827359000502,1674.9341183012364,3.933278221554539,611.5434366861979,1.7638241819582534,0.05300709575220708,5.409178413607484,451.3070663729068,451.25405927715457,0.8617111930382938,2.8021719384043413,1673.275588623367,1672.4138774303285,0.002247925103053087,-0.17332712012253207,9.403669163904592,9.404048814867396,0.004354753078027092,0.5202569766438271,34.288537866145646,34.285965169145896
fa3aa8c293,0.18475098981298743,0.08046930927394988,0.1833638279978299,0.08036460783581542,0.2834865214358796,1193053.0,21296627712.0,331.9,20,19,0.479,none,False,False,graph-blind,skip_connection,nbeats_s,quantile,linear,,,0.0,0.0,327.1446331342061,0.19449718652208048,784.193053121368,0.33423554386490584,1.0165484293065674,0.017353554824572993,1.0786139181579835,0.02043398652805535,3.5947254403086064,0.11649444133343988,3.856721099896848,0.12711339106467645,0.006905206487829638,0.0061108815861681525,0.017241740043537353,0.009896072009052747,3.0352435576634615e-07,1.875956572682859e-08,5182678.762382071,61323.69304030506,7917473.653277705,75159.51861587778,-32.07934686307483,0.027542083864537447,421.1250793118276,0.24818704117837687,80.48744271861182,0.018945181262998916,-0.002685728339245285,0.003160577979851183,-0.04430628075672344,0.004544283516831156,987.3028092424876,2.24096222311439,465.8544108072917,0.9102134298928205,0.0,0.0,421.1300139314055,421.1300139314055,0.0,0.0,987.8339332627513,987.8339332627513,0.0,0.0,1.0784315316967306,1.0784315316967306,0.0,0.0,3.856644552100029,3.856644552100029
633ad4ab49,0.17927167464338584,0.07643611062192439,0.17782615454706793,0.07650843362254911,0.27660157921195805,564755.0,7807528960.0,286.8,20,18,0.348,none,False,False,graph-blind,skip_connection,mlp,mae,seq,,,0.0,0.0,150.8664840410153,0.20588148882603838,626.7510325709978,0.25617894588679396,3.348304105950471,0.1535734183008236,3.5325073278897214,0.1607812933066232,11.261895197717239,0.5119851006721807,12.159908349567269,0.5252423719118471,0.06233239950556912,0.01702585298103559,0.1063327192175848,0.029201058057896002,1.60278583602359e-05,3.5445062304532266e-06,160719064.35388055,4764521.360705106,173168621.763777,5799013.301436218,-32.64519482510736,0.038830681529840094,399.6016529635885,0.36550487526283354,43.35046194659339,0.16953044341230672,0.09235527636136687,0.026653352412932218,-1.0482119809763468,0.15313992441037894,922.5236196777314,8.466212051095463,279.78692626953125,2.146745189224706,0.0,0.0,399.58389705196066,399.58389705196066,0.0,0.0,924.9230158049355,924.9230158049355,0.0,0.0,3.5446044039170914,3.5446044039170914,0.0,0.0,12.201625422665627,12.201625422665627
409ea86c17,0.17291362940884766,0.06922108637900817,0.17355646620326895,0.07096355558709125,0.26638985638926127,1085659.0,118445216976.0,582.8,20,16,3.578,gcn,True,True,uses A,mlp_mix,mlp,mse,seq,,,0.0,0.0,412.8836826880773,0.6064400378479697,1488.5598997026682,1.8521975170220368,9.036813750314954,0.7073134855802138,9.739314444334026,0.6890365060021475,29.810321856486116,2.811756945474234,32.32371019326665,2.8502835353196723,0.09149622925656299,0.051477992938603896,0.1646405613046269,0.06172711893280004,8.689299980265651e-05,7.089202537763834e-06,12387419.840157455,399669.9333451378,15097307.950966045,484949.8336132313,-243.93698380547082,73.28424418715053,454.294805002494,1.0953072765054348,72.05086432562933,0.12877515571421488,-0.36321148826490207,0.37243136573046526,-4.852770452947506,1.216967562453505,1881.6388117244535,1.1507063450501414,781.8467407226562,0.699513959102193,0.1072090403221182,43.63829137133407,454.2974744673418,454.19026542701965,0.5588263811697894,1.354080244985007,1879.1576692727253,1878.5988428915555,0.003866828188509549,12.680876348423439,9.720313716982446,9.716446888793936,0.00533936726555595,12.755649384785576,32.28019454451016,32.2748551772446
7302fb4261,0.16927819031417207,0.06891308699071462,0.16998361650388122,0.07027251776737836,0.2650896410035261,1694683.0,235011573352.0,715.1,20,19,4.064,diffusion,True,True,uses A,lstm,nbeats_t,mae,seq,,,0.0,0.0,448.1509427726269,0.4293554120856014,1460.5249520155292,1.3932373403917675,9.96706330997828,0.2692704402034616,10.516345550752115,0.3199660824453117,35.33427768855503,1.2905757572222674,38.392029785444514,1.398011502274497,0.021190535538276104,0.04206836495986117,0.025718803657486775,0.07231822021359627,5.048478945939751e-05,6.197995073651695e-06,29719941.326262057,1181149.8993963534,32948750.752460957,1361838.1021969197,-99.73696562276378,55.40440714278682,461.9011888193865,2.1336881231268485,101.00121851762135,0.3962223792785906,0.372970726097986,0.12404047917467079,-2.370488359161156,0.4929850162554398,1815.9910197098245,5.662751204567798,829.9041748046875,3.9461426582293777,0.030382194816695574,4.63851016086236,461.91173508898447,461.8813528941678,1.244320402015622,4.005360790525037,1811.656080416482,1810.4117600144662,0.002510050149374147,0.15063742414594652,10.55590614061917,10.555833784261896,0.005093775680923803,0.21618539920262572,38.564323905158915,38.5635166490775
e47f9e415f,0.17389098583601487,0.07203795868406467,0.1732561692577376,0.0727471225733166,0.2697167450740065,1432881.0,22577553408.0,437.7,20,18,0.886,none,False,False,graph-blind,gru,nbeats_s,quantile,seq,,,0.0,0.0,437.75336735447246,0.15076131008390942,1251.4940939495962,0.46917775856688243,6.044386456887878,0.2668358583745807,6.454662286787396,0.23809881830620472,22.180186414519923,1.0376863055654608,24.137922897011634,1.071315967788643,0.07119939792100123,0.013037167772216895,0.14416226027436796,0.027200549611287938,3.402012317635003e-05,2.1865719405816247e-06,12951696.009105695,131911.47850170013,21097571.385797817,207358.56520950058,-32.050850343216446,0.0003793831553724214,432.9347788629486,0.1603429624232373,77.8211669921875,0.08463892648526623,0.21228929644617822,0.09209681976130166,-1.317136895926349,0.09002635372599005,1840.2850747520645,9.125813177351903,746.49169921875,1.5248696890380276,0.0,0.0,432.9444228510772,432.9444228510772,0.0,0.0,1835.6581280435691,1835.6581280435691,0.0,0.0,6.412893766334207,6.412893766334207,0.0,0.0,23.990028983650184,23.990028983650184
13b8684747,0.16934701433590357,0.06896061595021066,0.17055056482227576,0.07079996201656713,0.2660826225377507,1756183.0,173131938612.0,679.7,20,18,4.071,mixed,True,True,uses A,transformer,nbeats_g,mae,seq,,,0.0,0.0,538.9805937955776,0.7462681174832209,1647.900216908815,1.4229333786306513,6.743247206235385,0.5366765343545636,7.155025897191055,0.5751406851190835,24.277584260132574,2.016268204902585,26.106610595405147,2.231096715116801,0.05904927694567821,0.01605063686919046,0.08938571668917199,0.021944966001169294,2.61984739947789e-05,6.864896008357626e-06,28823400.61807352,1866887.6997305343,32646779.80519064,1968147.8232278593,-625.6945720942236,367.1896551331527,460.22607900791473,1.790987473466868,110.19896803961859,0.11394265994713251,0.15390500518760342,0.04381784259564716,-1.0628853656271822,0.30118536899749876,2386.248417032242,7.50812176694062,966.8656209309896,4.26454927527996,0.1936271535256727,39.88354291533911,460.22741796168657,460.03379080816086,0.9859188985650084,1.8413176410372503,2385.3624311483836,2384.3765122498185,0.004994371295856818,4.062304491795156,7.182208511159565,7.177214139863708,0.007745650978994452,2.299249209227685,26.236492697896637,26.22874704691764
4ca1b93a0d,0.17428565551013217,0.07245462026477621,0.17469545311655482,0.07398209324330635,0.2719964949099645,1237541.0,21668079616.0,355.8,20,17,0.533,none,False,False,graph-blind,transformer,nbeats_t,quantile,linear,,,0.0,0.0,366.98704862594604,0.3531731053902114,889.2502186944088,0.11556262573667433,3.684824394833413,0.27156267729336725,3.8876643663085884,0.28448520720601234,13.591150398254804,1.0404739694398295,14.556170567724708,1.114543818039849,0.011343921278085112,0.007895014381837338,0.024047543934445442,0.012753395643615308,9.406810844568778e-06,1.5824704748398746e-06,35711188.34701926,262517.8490212281,48178186.14028933,294742.5670443171,-32.557277798350974,0.16095633387520655,430.3171654515074,0.2872937736302826,94.51985376411012,0.05479611390469649,0.07281755027244531,0.017568767092399778,-0.4242849023752307,0.07143205545512415,1222.298497642046,9.551674317196612,584.8978068033854,1.9873626140261675,0.0,0.0,430.32162375106134,430.32162375106134,0.0,0.0,1223.3711425230567,1223.3711425230567,0.0,0.0,3.885037668540891,3.885037668540891,0.0,0.0,14.553540533490855,14.553540533490855
7e65b7b036,0.17328067774542266,0.07194577127160796,0.17415900488597943,0.074284356227767,0.2725515661810935,1319313.0,19129935872.0,480.3,20,17,0.887,none,False,False,graph-blind,skip_connection,mlp,quantile,seq,,,0.0,0.0,427.4229630927245,0.21730734463017945,1222.4721133559942,0.2113356779075819,1.676625102755376,0.09325867166511419,1.8080793680650347,0.09536992337054372,5.449532481584889,0.3086471378311019,5.923090906872846,0.3220782550438651,0.009056980344178,0.013300698419696557,0.021694673389249634,0.019756711692722573,1.6846446745139849e-06,9.800669762439649e-08,8921920.601789301,149163.57729995754,13044939.532922124,206550.67302374958,-32.85247922428116,0.1446122996056134,422.6938873071842,0.2041297150084792,74.06777895821465,0.13615539291111053,0.015060178051175639,0.005566852456546705,-0.09711481933567291,0.026659678338295602,1981.7979000136017,11.587687679518087,764.2127888997396,0.6925557405866237,0.0,0.0,422.70424656215783,422.70424656215783,0.0,0.0,1982.3924705315537,1982.3924705315537,0.0,0.0,1.8068861331841584,1.8068861331841584,0.0,0.0,5.919485852297886,5.919485852297886
88f85b0bb4,0.1723070479171032,0.06896487222285445,0.1729769043868831,0.07106113531609787,0.26657294558168854,973123.0,15204745216.0,340.4,20,19,0.878,none,False,False,graph-blind,lstm,mlp,mse,seq,,,0.0,0.0,284.3424145032962,0.36487157980135976,798.6877496242523,0.13451143676449753,11.211045359435957,0.639418196141636,12.076112420846528,0.6680987386204567,36.109124489938104,2.588569820317885,39.23460014393649,3.014651731143786,0.20742010262631072,0.07598754315934358,0.3885767033450647,0.11028701576073657,0.0002568721631084827,2.6052291825537243e-05,60868145.606770486,1712823.6014758353,63260635.442864716,3260127.112110042,-32.40378143044712,0.04108337591391459,413.4280981553693,0.004472915699615676,62.75629411803351,0.026920167632718636,-0.39952821349866685,0.7597888381194551,-11.124232636412145,2.5096003917719827,1196.0100643314074,9.897060031391144,533.9675699869791,2.2368852958701018,0.0,0.0,413.4070462011733,413.4070462011733,0.0,0.0,1196.1669519711063,1196.1669519711063,0.0,0.0,11.994880559110557,11.994880559110557,0.0,0.0,38.9387700785246,38.9387700785246
44178697d5,0.17447984220408552,0.07223897177609438,0.17465446871294577,0.07348798595613291,0.2710866760948109,750699.0,11241238528.0,315.8,20,19,0.868,none,False,False,graph-blind,skip_connection,mlp,mae,seq,,,0.0,0.0,200.03149164716402,0.18946823106504093,557.4747612302502,0.26899535700283433,3.6058387379865358,0.06031844599486231,3.8589829905941433,0.06072769817494091,12.22262357805593,0.28883827415856733,13.213652429436946,0.30402432806013063,0.015576538854984745,0.007155053052298876,0.05069924386071017,0.01735050282217522,2.6678391678633172e-05,2.7937347282218458e-06,6543836.636144731,61322.307641953244,10367109.999368055,92865.82413588357,-32.96253288783047,0.20558325797981494,399.9639855238047,0.05148594387050196,42.47482864061991,0.0736620608410062,0.16946845941305147,0.027304850810249335,-1.0129650470615834,0.024624431572460873,852.4807248394042,2.7912383429438834,367.04201253255206,0.454557457505619,0.0,0.0,399.9779009742513,399.9779009742513,0.0,0.0,854.6406050671093,854.6406050671093,0.0,0.0,3.8670058434216754,3.8670058434216754,0.0,0.0,13.239335333024917,13.239335333024917
d71d352d4b,0.17174264676789677,0.0701343612476563,0.17228636147402326,0.07165654772215886,0.2676874067306097,761887.0,237610301032.0,623.4,20,19,5.021,mixed,True,True,uses A,tcn,mlp,mae,linear,,,0.0,0.0,310.40040522317094,0.45988616325059767,905.5832234262489,0.6282393258600358,1.765310362582871,0.12538416374329872,1.9046833242555798,0.15330887634238052,4.755634177528819,0.10863158333016107,5.091002779579333,0.11986131535698871,0.04280637243641163,0.02908091814130114,0.05886338879197314,0.044609164097875624,9.883230378666681e-06,2.838297115773024e-06,36234252.23628677,3396549.6675553625,41619482.028878994,3583607.628955274,-708.5045994700591,143.0903252521541,453.14645895404925,0.6120129524978535,71.41862972577412,0.19406086128771158,-0.05501957175346326,0.0361799687802177,-0.2028482313029579,0.049895965737247146,1195.2683955145815,10.732098680790862,582.239990234375,5.102512678841699,0.2464313622492682,21.432464250143198,453.1447098434164,452.89827848116715,0.8083897850406174,0.6678748782436092,1195.6303143231328,1195.1886279104863,0.011461100922194767,12.781999328177676,1.8976299662867728,1.886168865364578,0.015212380819708512,10.318246966042702,5.081173263127687,5.065960882307979
17e3560235,0.17432195766832068,0.0704498939766271,0.17452658694758016,0.07207637431410074,0.26847043471134907,779803.0,11918262272.0,285.4,20,19,0.869,none,False,False,graph-blind,tcn,nbeats_t,mse,seq,,,0.0,0.0,180.15351374944052,0.1292805662374978,600.1953453049064,0.2989362565172125,13.86421588177715,1.9449476054439279,14.636886302976398,2.0656982863175406,48.17514752513754,7.204814835555375,52.26853538767515,8.06481900920974,0.0756703448020724,0.0666052907757814,0.14772354108358135,0.11470267434387255,0.00018763006519432383,4.8361613377711964e-05,12133596.959434731,117117.63993912718,17497275.851612773,185146.97794035502,-32.215358223091265,0.038605750762797944,413.84459496806977,0.2053916721072598,46.65256561173333,0.10559501594519163,1.7273752111450726,0.47297323528641694,-7.726447806812971,3.1704662927805853,887.2197843672492,4.391658014424916,355.12782796223956,0.4464760452858888,0.0,0.0,413.841451352374,413.841451352374,0.0,0.0,884.5448620204198,884.5448620204198,0.0,0.0,14.686016877064713,14.686016877064713,0.0,0.0,52.448111362180015,52.448111362180015
4f876543b5,0.17583765610667645,0.07154057056744097,0.17645526156825256,0.07349835195887566,0.27110579477184854,1041375.0,19343663104.0,328.0,20,14,0.522,none,False,False,graph-blind,sep_tcn,nbeats_s,mse,linear,,,0.0,0.0,299.07344884177047,0.193028085657621,803.7054441670576,0.1006698188942052,10.386289158981526,0.9388640226323388,10.942076303043912,1.0465667843192623,36.77645329598744,3.3900523479432447,39.59476872108751,3.698099158730499,0.06544347325282375,0.02133387846853297,0.1265256824294313,0.044896724036998195,8.494257568310847e-05,1.3444364906642802e-05,29281790.36590303,398478.02409456554,43303527.557591006,561812.332956691,-32.484169099153135,0.09987262627571963,431.4275479410337,0.519189823834601,75.48700307475195,0.20919983554532234,0.6097124070681962,0.10825056371889079,-2.9270697505586156,0.6352875533637679,1055.3208117612703,6.142815535902841,500.21034749348956,2.8994552338422546,0.0,0.0,431.415962106814,431.415962106814,0.0,0.0,1058.5599220669471,1058.5599220669471,0.0,0.0,10.967162569920998,10.967162569920998,0.0,0.0,39.73568295726534,39.73568295726534
d4b2aa4a52,0.1738167797331026,0.0695621861182821,0.17466427646532093,0.07159532192881747,0.2675730216759856,1214391.0,349624198760.0,760.5,20,19,5.029,mixed,True,True,uses A,gru,nbeats_g,mse,linear,,,0.0,0.0,361.7952278852463,0.0762013722043937,1114.4945851725836,0.6882234667186855,12.881952622284492,1.220411265600291,13.933864388987658,1.3989822648881147,40.61837752543773,1.6936590196297214,43.911571010215475,1.7980084684941244,0.3679607167116758,0.2970488134355297,0.5280795096061338,0.36830296552901254,0.0002340753108013802,0.00010621925349157355,180196396.17049387,8553545.440027937,191630824.22613963,8682234.305560403,-469.48276664687245,182.79707006380502,465.007132824089,1.962028207397738,64.29144402345021,0.14062431701590405,-7.339584311053695,8.492273377669232,-16.32390346972214,10.593079220068956,1181.4526990149377,11.873753249222643,589.8876546223959,6.479484403698661,0.23881053788043496,19.121237781237486,465.00139254388523,464.7625820060048,0.4874305527625893,2.1811467823719703,1179.0491467047182,1178.6630071221095,0.03132700259935165,4.918570811994375,13.921352852012147,13.899919486872651,0.034507712625445684,4.480097974317188,43.848693362121345,43.81983308085779
dbf099027f,0.17581514219080774,0.07273229952325433,0.17621900010876637,0.07393634306631285,0.2719123812302648,984097.0,14093852672.0,361.6,20,19,0.879,none,False,False,graph-blind,gru,nbeats_g,quantile,seq,,,0.0,0.0,372.6018007993698,0.3988334385319458,854.7040053904057,0.33582164413923943,0.6473371256588507,0.012815830037757872,0.7596933703184291,0.012391580558060243,2.393415782863945,0.059624640136422935,2.592962294956663,0.05830059508562833,0.020851277397167783,0.006110363385522964,0.03566367605291826,0.008465952496639352,7.366201660226707e-07,1.568725853554185e-08,13234095.04233405,81510.00320948516,19933204.622112036,107125.15052981315,-34.249428895460916,0.1693159376196195,399.22873176713944,0.162759394189574,35.9539731476042,0.030488400059399196,-0.01823133656234999,0.0007122309531680151,-0.03650060656862796,0.0016878039321623984,1458.9539481184372,18.90311515862384,625.0761108398438,3.2700973489331187,0.0,0.0,399.2272180979532,399.2272180979532,0.0,0.0,1458.1721991251482,1458.1721991251482,0.0,0.0,0.7586064360277183,0.7586064360277183,0.0,0.0,2.588227804230534,2.588227804230534
6f0b562b56,0.17340411840329883,0.07182012493850902,0.1731458650867965,0.07300697696165499,0.27019803286044664,1613903.0,51068575744.0,438.5,20,17,2.131,gcn,True,True,uses A,tcn,nbeats_s,mae,linear,,,0.0,0.0,402.2509263555209,0.1689990860096723,1142.4042530432343,0.20408109054801726,9.57572015110054,0.41538966938076094,10.167393238866547,0.49284072843119325,34.71744337585275,1.5567090195299007,37.75994390634709,1.7433273549170805,0.06575229715816266,0.035981089904185644,0.13562663460104324,0.07032228493091884,7.469351782989288e-05,7.982314056826461e-06,8153292.939187973,120001.48672364627,13377452.510990545,241814.56415106816,-110.78212846674529,10.704152497656677,450.91350875728244,0.3936985822877585,108.62173283100128,0.05079560632511916,0.34610830349579236,0.12251641452722507,-3.0949876939055216,0.4477763935830716,1437.3232922566506,3.745282075070081,656.1551106770834,0.8517857316337579,0.10863162928111099,43.921243861537306,450.91521292319123,450.80658129391014,0.2384948902223035,2.266905115741886,1438.304829830581,1438.0663349403587,0.0018130940139435836,4.50647576195838,10.17423182206231,10.172418728048367,0.00360581687783205,1.771719324537377,37.790399331456555,37.786793514578726
27f748cb9b,0.17151770260115953,0.06976472163944757,0.1731130335737984,0.07194838729004668,0.2682319654516342,1199529.0,285483662544.0,769.6,20,19,5.026,mixed,True,True,uses A,transformer,nbeats_s,quantile,seq,,,0.0,0.0,444.1937039593856,0.3439353822100349,1491.0021669802566,0.8663240874213356,1.8410309285027324,0.14287570112178885,2.0405631610445227,0.15068799507090058,5.393502987507073,0.5218701643922977,5.897782761548075,0.5682403284100663,0.040281079328825846,0.01047352241496887,0.0485805235743044,0.011822459134610627,6.605074370242133e-06,1.4073148619642471e-06,535147161.0016468,41652473.982863985,556772776.147245,44711696.09186231,-1021.1389445649756,447.04898870507077,464.5580692009512,2.5881960811835216,72.32265657848782,0.11441269135930004,-0.04736498623939813,0.02917407962085031,-0.19074682241904595,0.04566101133816465,1841.6887784358169,8.069079830275738,807.8668009440104,2.7410465206723145,0.1362591707515056,24.004185921878243,464.5550773207703,464.4188181500188,0.6314583524494234,0.43437512683115415,1842.6264741471907,1842.167266954233,0.007981519778658205,14.75559245972729,2.0406502506608244,2.032668730882166,0.012268728353718098,12.761314648881752,5.904113888222772,5.891845159869054
70057db4e8,0.17441082022013327,0.06995109479338954,0.17578500679457607,0.07202987943211274,0.2683838285592348,539019.0,335578120604.0,674.7,20,19,5.018,mixed,True,True,uses A,lstm,skip_connection,mse,linear,,,0.0,0.0,187.80834533274174,0.07532127120848757,805.5298672995219,0.16462844589345746,3.4948664579824253,0.8060007201407277,3.7972552078221695,0.8869906144856405,6.3653591107468115,1.1200348330132015,6.693350948607453,1.1826546113518612,0.11754869418964681,0.08336859359152594,0.12519163235967395,0.07129396198156007,9.82960782866588e-05,3.4891350846283004e-05,1084278824.8668158,73332239.63412143,1118846915.1146767,75513992.10159227,-1599.7678255321327,840.0241949818059,454.96302830135954,2.594495212585237,28.63758446110619,0.16092333690099173,-3.558786079166134,3.2623775531037893,-4.010173043104791,3.3342711963127565,848.0236746093988,2.2503002270859724,368.53944905598956,2.38435634439884,0.17988704775780207,9.707100821197047,454.9622377579741,454.7823507102163,0.978218206908385,2.6220113204794426,848.6154711549825,847.994000376477,0.04978714348380242,5.843061267088157,3.797645160421572,3.761737493780693,0.06254891141238339,4.412858917012623,6.694654701297952,6.657822361575268
ca9a4af55c,0.1731353342551223,0.07121190450693908,0.1731361033958479,0.07270461061057315,0.26963792502274814,1052999.0,121874788352.0,455.3,20,19,3.571,mixed,True,True,uses A,tcn,nbeats_s,mae,linear,,,0.0,0.0,307.05130548775196,0.13491494903934903,754.6584853138775,0.1296697757816711,4.610530560274735,0.5126376509296835,4.876334686980935,0.5344497687008005,16.011646757431183,1.5520390435629374,17.279906805482813,1.7244984186744678,0.034444981801994505,0.02114489194930962,0.050395727981285075,0.03634876134454063,2.044436873382564e-05,1.131305267172689e-06,28604952.58039348,364452.3899215528,38533075.547161154,539587.490895609,-166.1436552338062,79.094251605494,443.5538399621223,0.7487075714070446,71.44718231095207,0.06447545216780178,0.09422552168955178,0.03708798824780513,-0.72649891867477,0.21340639467331973,1090.4452579399833,4.570428742533279,553.0764973958334,3.300762814627686,0.22108343630221347,26.967173908159527,443.542542306162,443.3214588698598,0.8656582241279315,3.0770026198092215,1090.5064902709787,1089.661853174556,0.007355386987978403,7.5782796879601655,4.876665915768649,4.869310528780671,0.01589277672279839,5.425350243833379,17.294633802580595,17.28135314468773
e6544d64f6,0.1683740371929335,0.0683200732801722,0.16948085873051663,0.07009776101367297,0.2647598175963886,1005283.0,14806800384.0,420.4,20,19,0.868,none,False,False,graph-blind,transformer,nbeats_s,mae,seq,,,0.0,0.0,399.4669272005558,0.333577912161458,1016.8957092215618,0.6482142883144274,3.33773961289747,0.11357390234276585,3.711440504911058,0.13460793793201942,10.70389737205088,0.44031014801496815,11.792535906656788,0.49764068137308987,0.06154746815532184,0.008555478631740434,0.10448221572096912,0.0012748612822030244,2.2014213066526336e-05,3.6582303198618505e-06,17709744.682904664,357810.72604983737,23745489.01379713,667275.7785410659,-33.60657665848231,0.1317119627125944,414.2863214459332,0.1090935581097648,50.1104070742925,0.07864486892137348,0.08344182901920487,0.008570331546951668,-0.41166691037193354,0.06881604024057429,1751.306849347742,15.674009242646676,741.3133951822916,5.448262705352793,0.0,0.0,414.28198211012506,414.28198211012506,0.0,0.0,1754.0616294872361,1754.0616294872361,0.0,0.0,3.6998966107659053,3.6998966107659053,0.0,0.0,11.77308228328519,11.77308228328519
eb7b024ff0,0.17513504167506486,0.07095052389724028,0.17567952051487176,0.07294485741549535,0.27008305651316844,975271.0,17416679424.0,280.8,20,17,0.398,none,False,False,graph-blind,sep_tcn,nbeats_g,mse,linear,,,0.0,0.0,286.09451248745125,0.2649027198507377,661.4020329117775,0.15119829567719575,8.677517836971674,0.20530621471842717,9.188228835322864,0.23957857412634753,30.63223676258419,0.9568773416221328,32.91878257492019,1.1213999023416366,0.16350360225573046,0.08521680191760497,0.2699363623660912,0.14452194950535793,7.426090249769254e-05,1.5563406499204807e-05,39121395.135534495,550269.6670268272,52041353.696914464,825559.6198043028,-32.4284044743683,0.06602358284637647,412.54584690781275,0.12647139515030892,61.072818146811585,0.026871197782789978,0.5939212475872172,0.2546088779045761,-4.798591602644609,0.715718899841736,941.6881221469952,7.764567526857942,481.0474141438802,1.6804469532525714,0.0,0.0,412.5404008565957,412.5404008565957,0.0,0.0,940.4683104330505,940.4683104330505,0.0,0.0,9.210216063913403,9.210216063913403,0.0,0.0,33.022266457944745,33.022266457944745
682a103158,0.1748144621184009,0.07246298541489506,0.17476325477603574,0.07366200914902936,0.27140745964145746,373181.0,4357525504.0,247.3,20,14,0.309,none,False,False,graph-blind,mlp_mix,skip_connection,quantile,linear,,,0.0,0.0,212.95615458488464,0.11336808907574886,396.33622511227924,0.05687693894295371,0.8800280117623819,0.03547479899683707,0.9300099216738374,0.0367644722052811,2.8291160658748886,0.14015045350233138,3.0461887943336383,0.14602151729410234,0.017899464958735064,0.009465071026493379,0.028726894838296723,0.009537052189997538,1.0647307617238136e-06,5.9419212238671146e-08,27468964.281334355,225104.44595129072,40693890.85115624,407125.8183862063,-33.526055184745026,0.13012656283013885,384.18729516523246,0.07983360752113712,28.49418048063914,0.09883034652361844,-0.0071605110162264686,0.002677601229812064,-0.07852321128612898,0.008191111563909195,630.1882657598734,0.46217231927143687,308.21726481119794,0.5503573631498196,0.0,0.0,384.1813321529373,384.1813321529373,0.0,0.0,631.0197744984713,631.0197744984713,0.0,0.0,0.9326896789849387,0.9326896789849387,0.0,0.0,3.0542594733814394,3.0542594733814394
d47993fe3a,0.1750714928047594,0.07284025157188,0.17424785518704178,0.0736994629642074,0.27147645010977917,1378863.0,210025719808.0,571.8,20,17,4.059,mixed,True,True,uses A,lstm,nbeats_g,mae,linear,,,0.0,0.0,384.4304516663154,0.4147918030205014,948.4331812777091,0.6123706598346725,7.2715267912498875,0.10965113964566162,7.677069568811437,0.10635215306051354,25.56900810479853,0.615843829976147,27.48117550453209,0.6626944308373915,0.11220701233472914,0.05434711664606588,0.1537250233855821,0.04612872873619241,3.3700365073477585e-05,3.1392949299540753e-06,15797369.023209767,741744.7792328994,20907154.508643065,837302.2432367086,-671.0073536502858,410.4468967546187,452.13320864148767,0.887317698296288,86.91420971022711,0.08414442824892686,-0.04457572827265823,0.4145068637285837,-1.633574179877766,0.29401146182735327,1355.8637489143387,7.580253053362435,686.0310668945312,3.058418771132239,0.1751042057786852,16.41636299027936,452.1245782430574,451.9494740372787,0.9526263941583389,2.7362048405853647,1361.1473867582267,1360.1947603640685,0.012611518783870382,8.757646804308697,7.677858325160188,7.6652468063763175,0.017890668082472416,4.736106606350612,27.476209741122,27.458319073039526
4a67e3f4f6,0.17599200712026197,0.07119064686626911,0.17676209288118533,0.07295494083029966,0.2701017231161246,1094599.0,141658787432.0,476.7,20,18,4.067,diffusion,True,True,uses A,tcn,nbeats_g,mse,linear,,,0.0,0.0,332.94720119734603,0.09546196771178479,941.3290712100764,0.8959531310008285,9.310505183125011,0.3917307543108335,9.90296447162787,0.4009913793630641,32.0488548267856,0.49215141481073627,34.404930766992045,0.6018922980004265,0.13031594899673016,0.07155100351650534,0.17660234305747421,0.13435106815478642,9.22866849280983e-05,1.6915528444075922e-05,28952226.387575146,1133995.6807869948,32799116.329655528,1084073.6480469021,-489.6138450251694,159.81121160457334,443.0577200189294,1.1663494817533786,53.627251942952476,0.056862187531893545,-0.599531797495605,0.3254324774047295,-7.971030702846227,0.8949205499160019,1134.8161605889638,4.689977321531175,562.3233846028646,0.4692368636924175,0.061016280082336984,5.418553681747325,443.0638670756575,443.01788165733336,0.012244782131953494,0.0606897383401687,1133.4512516864147,1133.449266447062,0.009446970721808038,14.032278613825008,9.933215446301206,9.923768475579397,0.010570712639425514,8.108288175344567,34.523432968996,34.51286225635657
474f134f6e,0.17549589251863382,0.07326983863760077,0.17476887396227836,0.07403633166851424,0.27209618091497395,1964893.0,35172859904.0,438.2,20,19,0.885,none,False,False,graph-blind,gru,nbeats_t,quantile,linear,,,0.0,0.0,503.07707149287063,0.11407940047752593,1338.2469262431066,0.5732734637012935,6.447716284292255,0.4498969359090007,6.785792412941678,0.4992628467148201,23.77858153918811,1.94055709804074,25.748602794506553,2.2031421352134015,0.02991036454974021,0.007576029179524909,0.05816241323776062,0.014275487991852345,2.2387924269140008e-05,2.3695680766834387e-06,9243950.260156268,170512.03046616423,15440635.562080203,230150.33903804453,-32.02308878349333,0.0015645629278421079,443.0100689357769,0.22937042490336196,113.8383504152298,0.03183401067071073,0.17491917059735848,0.012606161331047432,-1.3095187094811813,0.2824838418484142,1653.849791688176,18.05605760276648,767.3358764648438,2.427227679893701,0.0,0.0,443.02841896880227,443.02841896880227,0.0,0.0,1653.3744345918674,1653.3744345918674,0.0,0.0,6.796520072742328,6.796520072742328,0.0,0.0,25.777685141212263,25.777685141212263
17822e617a,0.17251323376771202,0.07069196237239277,0.17242022171924354,0.07174603529681847,0.2678545039696336,887915.0,13633126400.0,308.0,20,19,0.333,none,False,False,graph-blind,transformer,skip_connection,mae,seq,,,0.0,0.0,278.76448198159534,0.33485540436683664,712.4492854873339,0.3152681315205567,1.1840646089015838,0.03866099095282596,1.2946878463312228,0.045131898101036474,4.566069995276583,0.1396176618858228,4.909630270917103,0.16380491877781314,0.019162124445834303,0.009112103824385619,0.03056262663410753,0.014411756170735016,1.5823927927603355e-06,3.7522043059416197e-07,13200988.25092087,210162.92181034587,19842351.150694367,285952.418199338,-36.04078586388218,1.505503653816893,399.34109573529145,0.21828226411556348,36.34250499142541,0.03042543639212723,-0.0878051880114452,0.00656139425790106,-0.1771166674684919,0.01287882376821206,1080.6110059352677,4.650766814419703,454.83875528971356,0.6281658163365714,0.0,0.0,399.3338105166991,399.3338105166991,0.0,0.0,1077.9718594448755,1077.9718594448755,0.0,0.0,1.2988323135496302,1.2988323135496302,0.0,0.0,4.924828357012212,4.924828357012212
76225276a1,0.17306354155623055,0.07073172460534007,0.17319471201659117,0.07207091105592642,0.2684602597330309,1065821.0,182332450408.0,540.0,20,19,4.058,mixed,True,True,uses A,gru,mlp,quantile,linear,,,0.0,0.0,381.6328789194425,0.35749557374877555,1014.8693612826368,1.189398760550942,0.6869794006755304,0.06043258671753275,0.7388143151246891,0.059192488198045234,1.8053445169510953,0.08419016572998286,1.929026256574257,0.08584261229442089,0.012774290995415443,0.004548308417695729,0.017344977630747285,0.0033902361966520163,1.2223787186396331e-06,4.965927574141965e-07,36355857.81988713,2066107.702977293,42723357.54786851,2145325.041861983,-3476.4130082180804,2569.4939087626635,452.6406123551583,2.266481385423635,72.40954030884636,0.1608636390541316,-0.031187363883354816,0.025074443133150486,-0.04007240006747653,0.025892317096874326,1225.9593856920883,1.751400345738004,620.3151652018229,1.4688634577796076,0.23311576701305134,28.389098238138686,452.64061942307944,452.4075036560664,0.7081003997034259,1.643688216218654,1227.7635179748945,1227.5423139008433,0.0019100424726391507,7.560949600496682,0.7375762694316547,0.7356662269590155,0.002925928236196418,5.7389846737413315,1.9247319587964198,1.9222127853951987
95dc4d97af,0.17497692881783103,0.07200074563297013,0.17529271014333495,0.07340570316533417,0.27093486886212,1379565.0,128054093416.0,523.1,20,17,3.58,gcn,True,True,uses A,skip_connection,nbeats_t,quantile,linear,,,0.0,0.0,396.1143220414718,0.223449821110873,1139.8861518080619,1.3003349281130057,2.70707041087735,0.11982375476233498,2.8902741344456047,0.12508158380703338,9.305201738831416,0.6543555999641647,10.084391452200153,0.6984300010261407,0.008549732575030092,0.02502421385500123,0.017947431095562526,0.0332559489540784,6.134009114032574e-06,1.8870592180439368e-06,18206285.330184698,650178.5588899107,21035424.831854466,813191.4339121322,-497.22695315730624,519.2611625576329,459.6540978276303,1.6527922912446769,83.20540885130565,0.08723777900585468,-0.007413557342080852,0.00962034847918522,-0.2965087787947956,0.0531486848852902,1236.333515072902,7.273946206432243,622.2019449869791,1.8469800244813923,0.24127192937008127,45.540805646255244,459.6582223779567,459.41695044858665,0.43747924261803445,2.0337419230990625,1236.4363941097533,1236.0888231388233,0.0035624921388929622,8.273641776903816,2.8765884120429175,2.8730259199040242,0.006897384331338093,5.231651131639104,10.020359759440343,10.014965881449255
9e249259d6,0.17718608327384272,0.07402269307900909,0.17689949846209763,0.07498778067846056,0.273838968517011,569621.0,8022738944.0,283.3,20,16,0.369,none,False,False,graph-blind,lstm,skip_connection,quantile,linear,,,0.0,0.0,173.8987972935041,0.11828770894568898,557.819014797608,0.33530207818316665,3.4237135882661582,0.23529794081403943,3.6331447059737356,0.2524583068311028,12.217917398882795,0.83350183231102,13.270575761240542,0.915272753870154,0.025904466023408762,0.004456679820366214,0.05045931089685366,0.0076553380677029555,9.378079734455513e-06,2.3315586692845338e-06,6062517.166616949,49294.16384652977,10049087.23774025,58723.68680214811,-32.022828856615895,0.0006002730958206147,399.98928147474226,0.039695948852576594,37.3842538860109,0.10089847766343092,0.07386533354013396,0.02755701482836503,-0.813863143654998,0.1657624458241261,785.141430336284,4.464898121251518,270.12518310546875,0.48255264836659284,0.0,0.0,399.9869916235413,399.9869916235413,0.0,0.0,784.7026129265636,784.7026129265636,0.0,0.0,3.6236727873499195,3.6236727873499195,0.0,0.0,13.23337206452424,13.23337206452424
f17b3f615d,0.17574015585748087,0.07074315179692905,0.17711579975279396,0.07304322704183953,0.2702651051131824,182939.0,308508695348.0,605.3,20,15,5.012,mixed,True,True,uses A,skip_connection,skip_connection,mse,linear,,,0.0,0.0,178.90232028563818,0.2820247851360477,444.40510699152946,0.4102121198434624,5.545317742148957,0.6804374414831945,6.264363788185688,0.544574222093754,7.776991965172081,1.1507101920016836,8.152739067389549,1.1084957335026244,0.7044828249195628,0.12244770942410868,0.7703281936106436,0.14408639077750127,0.00020948765805532698,3.9781384591741684e-05,347318879.8237525,29284092.942840952,358617610.23819965,29607441.76998132,-896.4119153442275,346.95980859214507,449.9921574224041,3.3288970867667325,16.036055988735622,0.05542725630276941,-10.434374503379065,1.3375827045899442,-11.649123828156755,2.19005177863207,655.1328912910448,7.356310723453961,332.41858927408856,2.9105555117888304,0.3866314248202419,19.805983051558822,449.99235372814707,449.60572230332684,1.215873164809712,7.03065032430683,657.7148775301605,656.4990043653507,0.12844937128214026,19.19939877522967,6.263146277933341,6.134696906651201,0.19247588616995928,17.735176833521766,8.149996010083793,7.9575201239138345
bb828fca55,0.17069356265726585,0.0691232878620847,0.17142411114088965,0.070828652142899,0.26613652914040004,1056187.0,100786433640.0,495.2,20,18,3.564,gcn,True,True,uses A,gru,nbeats_t,mae,seq,,,0.0,0.0,311.662821829319,0.21419261028352524,1051.6986441810925,1.1258150332024235,5.047061096867158,0.7157177294998727,5.33504501523295,0.7598239772059214,16.72949569017967,2.8601947103567857,18.082643437281348,3.0627512759488114,0.029099197675977267,0.023556368261532765,0.04606132213624168,0.030091016940074853,3.1096779888784895e-05,8.627838366278157e-06,84705125.10402589,864926.1675298414,88826689.28263421,1857988.7370228814,-203.8719465585797,147.28809064988388,454.0700846730499,1.38411427113004,73.90508533848657,0.41257354909338434,-0.01926978396431092,0.2150806001899388,-1.5251407343483547,0.5027304956260018,1309.4393825062566,6.041582752651702,580.3750813802084,3.4839154901751854,0.20313955359695987,42.947117744555214,454.07237862445663,453.8692390708597,0.27415473737596585,0.3483857908568528,1309.0464094604117,1308.8900810143325,0.002519410894623597,2.807619385272331,5.367830231001238,5.365310820106615,0.003544983021680418,0.21292397971019994,18.23710935202685,18.236927107036735
30e9c5c7fd,0.173870378073426,0.06920824336656065,0.17585365345672152,0.07202421145045164,0.2683732688820771,751203.0,197009428072.0,588.3,20,19,4.532,mixed,True,True,uses A,sep_tcn,nbeats_s,mse,seq,,,0.0,0.0,313.6320051352183,0.12010932467482872,955.4480742203692,0.5136068614914585,9.729120777706461,0.853118900300542,10.66092824633401,0.9241373192928097,29.122208799082557,2.8155474677888663,32.04735119904556,3.050682292414849,0.2730535702922545,0.11961262655597439,0.47925554774027646,0.17715860521033333,0.0002707537696495723,2.988241388301691e-05,105018220.3561378,4293273.659504032,111541892.60854085,4787594.5757738575,-234.20050036980706,100.78028510846563,459.22900162636097,1.5414600998248182,59.35008011923895,0.17847267569684036,-1.647569911964317,1.0334949200208978,-4.889846977441771,1.751767466659259,1300.653817756107,20.853521679120085,606.3747762044271,4.935798124446282,0.27604703277078596,32.47374310048306,459.2310007280319,458.9549536952611,0.569269691246897,3.724838265665443,1302.7475404749086,1302.252342678587,0.007497583023593417,7.251411968021797,10.714351993148123,10.70685441012453,0.011225649624021136,6.050917514168028,32.22212801064502,32.210902361021006
b2fe0bb5c5,0.17449845027702623,0.06980381189952756,0.17516492144232967,0.07191226113574038,0.2681646157414143,544383.0,111170006632.0,452.0,20,19,3.569,gcn,True,True,uses A,transformer,mlp,mse,linear,,,0.0,0.0,224.18475137650967,0.15353503883188374,801.8214406470457,0.5818620936823801,10.636046106181917,0.5420978774880962,11.422870875467021,0.6234747702690151,34.73453062398143,1.4793130712049227,37.64093403147645,1.6359094579142213,0.08691125355306295,0.02007920398381493,0.26103427808109375,0.03249274231015499,0.00010082891702351144,1.7811715526926083e-05,11982046.835377159,365503.43873702665,14671132.084863449,410485.96337761584,-334.99176906219355,204.24511593728306,453.3040822109747,1.5043411683050214,38.88944882816738,0.19586253758390113,-0.11016748856064303,0.4104781890114717,-7.969685720679023,1.1563085176509384,931.9427308665096,7.023280795789334,378.5420227050781,1.4970617084625035,0.34990411730332954,41.037325874369245,453.3012038794835,452.9512997621802,0.18779960310932134,0.7754815775930771,931.2601709591781,931.0723713560687,0.0032936706252855905,12.659338043615648,11.446175204330874,11.442957112852426,0.006747582886880821,11.364962153260747,37.718824418116164,37.71207683522928
ebcb73d087,0.17680804872904024,0.07112442485623648,0.17783817467828567,0.0735654212072727,0.27122946227737266,1180167.0,227664475752.0,605.0,20,18,4.533,diffusion,True,True,uses A,skip_connection,nbeats_s,mse,linear,,,0.0,0.0,323.9080378015836,0.28388422235020466,986.4338882130882,0.5872993106702346,21.460755651769432,0.6757698156841078,22.90863849599927,0.8440890768469249,77.47140648404752,3.1372365718333706,83.59195603772476,3.352556919946074,0.38470584811328074,0.13616551304392066,0.6831408638354276,0.21427827074639286,0.00033350068562640404,5.148176233308233e-05,16217980.518041683,1086020.6293722156,21230675.786585074,1109857.2284122454,-72.90873364570363,24.174257694695424,458.00915610798205,0.5305590802627594,78.52377801471285,0.18644693530368958,-1.0463170163705338,1.8142590223002204,-20.289602196279194,3.366555957635609,1089.7690118548244,12.56923227138948,572.439453125,7.689890689590971,0.07736346690658517,9.139240962569326,458.01381311061687,457.93644964371026,0.7529550750296039,2.73616993645041,1090.1354354506032,1089.4314313921063,0.03897953108291219,24.314728076449025,22.877392849110127,22.838413318027214,0.07499187544720105,23.014311881596836,83.50065932325911,83.42566744781192
a80c7064f2,0.1750276776721723,0.07313338486266621,0.17666559149471553,0.0753849498194304,0.27456319822479924,1216495.0,22113337344.0,350.2,20,16,0.544,none,False,False,graph-blind,transformer,nbeats_s,mae,linear,,,0.0,0.0,358.79560911655426,0.24939745382975154,892.0049905329943,0.2769416359744992,9.986444001532314,0.9269935688296365,10.546195492676592,0.9680684320777425,36.27549416207135,3.1388336013725437,39.44720889618284,3.593970887682191,0.06413435904709015,0.03868794055978927,0.12056157139189422,0.06711255036539286,6.76002593667017e-05,1.0108845226580692e-05,5131740.810235671,23678.139264665348,8532978.17978174,53846.282135149566,-32.709540230168926,0.09515359233862518,430.6471864757923,0.26237298373953194,89.79844217830232,0.13077307570975624,0.4018249727492063,0.11554805049950845,-3.302600955506435,0.934021696758269,1288.4761656292758,3.9329943983680846,610.8832397460938,1.8588833539575094,0.0,0.0,430.6372254245834,430.6372254245834,0.0,0.0,1289.1508277727849,1289.1508277727849,0.0,0.0,10.558045014687536,10.558045014687536,0.0,0.0,39.50168156704996,39.50168156704996
c68bca084a,0.1729528026237056,0.07208565019005449,0.17306874897036778,0.07331378347854857,0.2707651814368837,767503.0,11620624384.0,358.4,20,18,0.402,none,False,False,graph-blind,transformer,skip_connection,mae,linear,,,0.0,0.0,278.85642580191296,0.2983204499977229,884.6641253133615,0.21967482340497257,4.814458538312465,0.16231568992682796,5.14701201839213,0.1905113654725493,16.68006425540219,0.4692858585770633,18.050733642514107,0.5503720277256574,0.06290819635690963,0.04364595450000134,0.10747591400514507,0.07956562699799885,2.5446770906019725e-05,1.2019106315565962e-06,22892321.973257244,373805.5354613292,34088936.1142388,575497.4005289872,-32.17101152934412,0.0182572935158454,413.71181377310023,0.3401065499636499,56.31511216693455,0.05339697996393655,0.20745075955367387,0.02640055527089886,-1.207192840556021,0.2298069652404087,1283.476667093019,13.980634740951174,464.38307698567706,2.2118856337467507,0.0,0.0,413.72700022523793,413.72700022523793,0.0,0.0,1285.7249404657803,1285.7249404657803,0.0,0.0,5.144673125050131,5.144673125050131,0.0,0.0,18.025613668530386,18.025613668530386
3da9455b2b,0.17038626513811492,0.06962924530552499,0.17047039353326054,0.07092862266635258,0.2663242810303871,730691.0,214002720768.0,680.3,20,19,4.544,mixed,True,True,uses A,mlp_mix,mlp,mae,seq,,,0.0,0.0,358.12615571916103,0.3308517793235921,1006.9669242159774,0.3088389215400048,2.2294734086844983,0.3841532581694857,2.4253335732879417,0.4305183233953005,5.384003425871597,0.8249388217013977,5.804474512218536,0.893425366872071,0.005624561024099722,0.04108459469291476,0.011918309991281217,0.04048731167049731,6.308159197343776e-06,1.4377498102405532e-06,314260678.0537012,6039892.981696373,332269072.5568306,11127596.29270289,-1584.3034776896736,505.02279809557166,448.0878036113486,0.1587447801879518,44.63923245006137,0.037623152109470495,-0.3336589812666008,0.11860922041187123,-0.4615702523045792,0.14324457351222153,1597.1517983355086,15.237658761895766,632.0299886067709,6.228356961624201,0.339491894852074,23.83534457625577,448.0868848704037,447.74739297555163,1.7914238480085867,4.26928550075466,1598.1842113353312,1596.3927874873227,0.02451490946800483,14.302538744304881,2.4182759909184157,2.393761081450411,0.035587516268854515,12.46092820025834,5.779616580821248,5.744029064552393
86c08a8130,0.17705284216164166,0.07181216541149087,0.17669595540801056,0.07315557314261777,0.2704728695130396,807143.0,14658988032.0,264.7,20,19,0.376,none,False,False,graph-blind,mlp_mix,nbeats_s,mse,linear,,,0.0,0.0,229.4227213859558,0.2518442354603398,510.57970555126667,0.18073565561567964,12.219524642374987,0.20794507152150316,12.929399525700985,0.2252060676269082,44.290913211988425,0.8916770753226843,48.02515609118762,1.0701309190780428,0.2303313199771693,0.009129654917730505,0.4450988939731477,0.021037859826163102,0.0001052209569882174,9.155591892089443e-06,7935163.572443862,59863.98148932246,13088470.913824162,115668.31308947381,-32.460535607606865,0.10728393246474022,414.03021404922333,0.12561414655582676,56.77469260162777,0.08651050297509687,0.048645743184878874,0.07286529080176067,-10.70497758697774,0.5745645460408697,706.5187563912499,2.072788085543491,361.2175598144531,0.5029664337906365,0.0,0.0,414.03540953847437,414.03540953847437,0.0,0.0,706.7790776449978,706.7790776449978,0.0,0.0,12.916334801414145,12.916334801414145,0.0,0.0,47.99005812115969,47.99005812115969
410ee20048,0.17208361956657373,0.07100296563170884,0.17210481767593583,0.07220032543197437,0.2687011824164054,1431649.0,105538973696.0,513.3,20,18,3.105,gcn,True,True,uses A,tcn,nbeats_s,quantile,seq,,,0.0,0.0,438.2680221349001,0.2020973628604947,1109.649127246191,0.4302092133749401,3.7695056039361248,0.2067650265426842,4.036758941775891,0.2125940125825886,13.30021595055912,0.7828074862284121,14.510356892295304,0.8735698236082202,0.0090371589560593,0.011508379518240063,0.01460185787482536,0.02048054499763291,9.14861916242573e-06,1.2388232777758317e-06,14801697.873992505,470622.1091843085,18413588.203566413,539372.1010840351,-439.9261174002834,444.27995513365704,458.32148632825846,0.3445875669276533,74.45031887955138,0.05076872579756964,0.054713472617239946,0.021530230846260812,-0.4540769881164515,0.08656744704359283,1787.3921752271362,7.234248629562627,801.7332763671875,1.3646799807381045,0.33155370182508176,49.5896602104188,458.3160995813034,457.98454587947833,0.44048108507467987,1.5205836109004154,1786.4122070443975,1785.9717259593228,0.0023016096529455687,8.989072509388153,4.029849273437287,4.027547663784341,0.0036916952542641233,3.9274628088867822,14.466123244651792,14.463929882712204
bf998dfd70,0.17304485576270887,0.07072802919546944,0.17325443214083935,0.07213767328246395,0.2685845737983921,536529.0,131573703476.0,457.1,20,18,3.56,mixed,True,True,uses A,transformer,nbeats_t,quantile,linear,,,0.0,0.0,232.45402204990387,0.13377042050168042,587.6678935810924,1.2296390330456448,2.7078456565686793,0.10526590616784756,2.888057503969636,0.11101201566222209,9.679006859453123,0.2707825040378303,10.46476167453214,0.32154182602532894,0.02633935433036902,0.0029127118149998403,0.05142280687051257,0.003617069585613816,5.0081320496271365e-06,2.392855214261219e-07,13694792.550641738,809669.8790105975,17668398.845006812,807728.5021685241,-251.57052528366305,99.45486389553494,441.7987961592594,1.8715424468431743,32.560699396663246,0.058973838861732866,-0.000344404649033468,0.004773658171373248,-0.5688829690046137,0.0432888536013494,764.3324109397905,7.1653411016080835,366.4543965657552,0.5580128143849514,0.2519658226141246,25.858583562666166,441.79811259991305,441.54614677729893,0.19290321198858842,0.8726818536759705,765.8851243028732,765.6936638021974,0.0016238641597463577,8.63906449162438,2.8829639351541245,2.8816927829503958,0.0025006782105059244,6.122574284274809,10.446299320402376,10.444283898379217
78752597d6,0.17294305291754683,0.07159963629820615,0.172277168163697,0.07238671361476653,0.26904779057774575,964745.0,199924172800.0,586.6,20,19,4.54,mixed,True,True,uses A,skip_connection,nbeats_s,quantile,seq,,,0.0,0.0,326.21443569660187,0.3295817855731744,833.5595838191608,0.27710465175883764,2.003732143297384,0.11908401346842483,2.1504065289833902,0.1384982462071842,6.63088492047313,0.519370761941043,7.159069741898176,0.575610519749443,0.015334078015014746,0.01229665113130077,0.027879308604019687,0.01843886219734408,3.7689315915935913e-06,3.642339593908896e-07,26361690.403569076,2876004.353313885,29896978.5656794,2869083.3245610115,-504.3839646403771,168.69492037504523,445.8273556544165,0.7982807105141478,57.10376274585724,0.14735236366795967,-0.005650976162122865,0.008771999662349168,-0.18005818390615017,0.04873750450783074,1370.4755475444063,7.591463193156537,568.1417439778646,1.6785363683596821,0.2205829418430767,15.502609521025299,445.8293887263815,445.60880578453845,1.1525376171139214,3.8225181511722104,1373.94246422306,1372.789926605946,0.005687218394554956,9.715996882561653,2.1483382665265474,2.1426510481319925,0.0072349277785216754,5.065096521736546,7.146032218606079,7.138797290827557
ebfd654eaa,0.1759285091430139,0.0728199667900357,0.17537517655518625,0.07365621622755925,0.2713967874304323,729389.0,196743157760.0,494.5,20,18,3.57,mixed,True,True,uses A,lstm,nbeats_t,quantile,linear,,,0.0,0.0,244.58195723593235,0.2515287392736722,628.1206171984473,0.268102080527096,4.5612796573849055,0.44589107854706456,4.8296817467840345,0.4633913720779627,16.186374016930426,1.5674185189307464,17.457987371385276,1.566467045714484,0.04728600898306368,0.014396941251739983,0.07677793590747076,0.024898630452453052,1.1283908886427371e-05,1.3935253093181387e-06,8481336.443010965,402053.29460846004,9875247.29675871,404130.1735142802,-109.6045981005052,59.34730639863815,447.3369696575342,1.1232660165511639,49.56011018488142,0.5136630480187228,0.007918462891448439,0.05635890022279152,-1.1243955236100591,0.29191039210544834,886.4658702886937,16.717243390831058,406.05467732747394,8.178368283864069,0.22551491267637402,15.811477256900071,447.34600187872473,447.12048696604836,0.5829803946573596,1.2730743129317752,885.565124951026,885.0663366218296,0.0036674235963115955,3.4298702914023265,4.838692426616944,4.83616286944496,0.003923154035556209,1.1018896595826315,17.4860287718185,17.482972038358554
97eca7224a,0.17060690541392,0.06991438211975616,0.1711498750769788,0.0713221738941035,0.26706211617169423,786043.0,50576930408.0,588.6,20,19,3.579,adaptive-only,True,False,control,tcn,mlp,mae,seq,,,0.0,0.0,315.52984185516834,0.29332646430511544,1271.0205441912015,2.6909953134338815,3.216891715824507,0.30284967806028085,3.4797220171075254,0.3037745902109022,9.733674434155128,1.1891599464083655,10.666493278292373,1.3056028203933578,0.008649759714996434,0.016566874611119258,0.009114406530650385,0.010372590116864464,1.3215258820353551e-05,1.6508666664643563e-06,6979420.544634494,204614.5229228794,9606589.310260342,258756.58141993717,-626.9985551435159,498.2045909614856,431.6610606733166,2.0375490171199084,42.73418252997928,0.12319414903360533,0.004716134329845352,0.01576688933253544,-0.6238546890151705,0.12474236978316079,1793.4708292692667,3.8934198446755524,615.3956095377604,1.2032971241815107,0.0,0.0,431.6626014260883,431.6626014260883,0.0,0.0,1800.2222625527559,1800.2222625527559,0.0,0.0,3.4719285524897185,3.4719285524897185,0.0,0.0,10.623217929164204,10.623217929164204
e077f9454a,0.17316867537010916,0.07092423896655889,0.17438737821752795,0.07259680293636218,0.26943793893281287,872517.0,158803572328.0,525.6,20,16,3.566,mixed,True,True,uses A,gru,nbeats_s,quantile,linear,,,0.0,0.0,288.7054359118144,0.4160956180401786,864.6009137065461,1.9657784255388742,2.7911788837518543,0.08631056418420135,2.9563858701760424,0.08998907639394878,9.518337080437517,0.31546449366378065,10.285781576540423,0.33739534580514335,0.033158599794169026,0.03460349384427268,0.04379457518707269,0.03418484911468634,4.932262634326295e-06,3.5363342830472674e-07,30905161.021951605,4029822.1395428926,37440681.30603028,4216127.917626861,-482.31585413183376,326.6331340403196,451.2536539403862,0.6948542127741194,50.542370557785034,0.07432600013784389,-0.1120549748043234,0.031853343471126304,-0.5475090903020366,0.019376255150941754,928.0519310087844,7.8433551556817,442.0255432128906,4.327515174050979,0.13318065017684452,18.62250710215263,451.25425618248823,451.1210755323114,0.3164763786782032,1.1904231237029406,927.9469866388184,927.7883703337458,0.00331746182806499,9.052380093414046,2.9537743369651035,2.9504662162629955,0.005463300123301096,7.106987979529755,10.28066894637715,10.275205646253848
af75a271fd,0.17363071907113584,0.07175745526161718,0.173615695693658,0.07307669994752868,0.27032702407922277,755077.0,53230415872.0,336.2,20,19,2.611,gcn,True,True,uses A,tcn,nbeats_g,quantile,linear,,,0.0,0.0,260.9032103916009,0.1938323656887322,596.5872692366441,0.4631065940859343,1.2981590557513603,0.07720414238477036,1.3940166385084192,0.08380026661604535,4.287011839667724,0.13536187357816057,4.613197983117849,0.1473052867291508,0.0028984167701241784,0.014409253796747405,0.008042075848984115,0.023892649484151512,1.8600655601875411e-06,2.4038446099482544e-07,14155295.45262553,306411.8046486009,17777194.402455393,363075.7477011335,-226.1370315167388,23.087162784149868,432.97308657199886,0.9084580940371483,43.625615252388855,0.08032223522413719,0.00656266638160102,0.00946098048213941,-0.10983794297035802,0.021848350795663857,875.6232120727162,4.182542186924881,416.08118693033856,0.5949789712886462,0.4018378879394315,46.29634783562926,432.96463719028947,432.56279930235,0.44827736908409105,2.329600242492427,874.0847629974288,873.6364856283448,0.0011949678507963135,9.546869744007942,1.389011637192682,1.3878166693418856,0.0015651013208343538,6.626550443045766,4.59835069597824,4.596785594657406
559c7f44eb,0.17210163221791028,0.07014620009344495,0.17212193224800892,0.07133416383372188,0.2670845630764194,630785.0,295807851316.0,735.8,20,19,4.547,mixed,True,True,uses A,sep_tcn,mlp,quantile,linear,,,0.0,0.0,327.08839750289917,0.37036642385443763,857.1397809895376,0.683272476563346,0.8595009647142433,0.20413687278244586,0.9102357294762088,0.2176742947828061,1.920487749376801,0.49487984954168757,2.041128656875616,0.5340984891696271,0.025175552088351805,0.018667757081540847,0.026861601166622034,0.019685906829484172,1.7049840770399682e-06,2.2920715940503426e-07,37836113.79239168,1709892.2119377928,44159752.73465332,1909615.6586464709,-1105.2640076751425,343.2137437755234,452.78390759706673,1.3948302767453888,61.3289329873191,0.07173548609924466,-0.061022264905839695,0.03012387560950047,-0.07209728203174669,0.03276152393566927,1240.6270376424961,15.331275803078519,589.9599202473959,6.930971814773662,0.19532770268356595,10.694311822919747,452.78040629742577,452.58507859474224,1.8321887535943613,3.522166252149877,1240.165385801773,1238.3331970481786,0.005405355342708473,13.312414129866669,0.9110431320663069,0.9056377767235985,0.010714159676203483,13.180776505376251,2.0425473800049923,2.0318332203287888
c7cf724bb0,0.17039604090206242,0.06886867751868,0.17099013850364478,0.07044468107174987,0.26541416893555225,1668889.0,231898025576.0,779.0,20,19,3.598,diffusion,True,True,uses A,tcn,nbeats_t,quantile,seq,,,0.0,0.0,523.4902887990078,0.29861578048822185,1658.9405082526307,1.5718233880503745,4.0338925661635585,0.17237458907516992,4.692949270172466,0.2730735184332915,11.563859897242926,0.1965948038535945,12.706385025415528,0.24178216134709235,0.1920014812306152,0.0255833001124181,0.3384799418565374,0.02674883285094421,5.857272884886658e-05,4.1816779990310925e-06,183567195.6436251,5784555.536830592,190454538.99775863,5949656.36560495,-93.12277984328598,21.34538747475372,461.33865336150524,0.79478087125458,96.76844191551208,0.016088574802225156,-0.04434802736853832,0.012595562717940916,-0.49483891470533353,0.05747058477821884,2231.4239847432355,11.167037269588214,955.0292561848959,3.5829036296980386,0.03782949124242426,4.181196314801984,461.3322021954084,461.294372704166,0.7341436360317554,2.7079419950977184,2233.3503515595726,2232.6162079235405,0.005097400192459449,6.809330540131573,4.662257565435381,4.657160165242921,0.005794687850463258,2.9136291260113403,12.681116495797433,12.675321807946968
590109f119,0.17485581065828915,0.07055358034260038,0.17532561614403314,0.07225186402206722,0.26879706847744306,550439.0,172605155328.0,468.2,20,18,3.569,diffusion,True,True,uses A,sep_tcn,skip_connection,mse,linear,,,0.0,0.0,248.26256373524666,0.28377693094401124,594.2456194497645,0.31995317394786205,9.655057032202118,0.18705701650810566,10.244955983796068,0.18066262620816176,32.57978014656957,1.1342678581417456,35.24591942031878,1.1605345470884074,0.05664614369953295,0.03105041832115727,0.09680227683283903,0.060414290116196284,6.211212434745447e-05,1.961509826857663e-06,16817279.720647413,1288016.3071411524,18854899.033970933,1343710.6637761986,-194.0639268901286,83.98870167971887,432.2691965177426,0.340799893984847,33.64267195595635,0.12189470424192143,0.05112183097749031,0.13895236140888917,-6.736231242921616,0.499140282194903,942.551015536931,10.747999983447057,446.44923909505206,5.49697386818794,0.11432080928909727,6.2341691309616305,432.27689632945044,432.16257552016134,0.33120172615076626,1.3049542975924493,942.3072224708944,941.9760207447437,0.007163789227320787,10.870692289471146,10.243491444788257,10.236327655560936,0.009932133354174274,9.763307308693454,35.20538450928329,35.195452375929115
a20a2f61aa,0.17223915987031432,0.07037735194764722,0.1732436057863664,0.07197446569818483,0.2682805727185344,781771.0,340440660788.0,771.0,20,18,5.021,mixed,True,True,uses A,lstm,nbeats_s,mae,linear,,,0.0,0.0,262.46051492293674,0.128132352413523,819.712088389943,0.1789213933801967,7.508275350439362,0.2097513471731796,7.9917101155630705,0.1975639079360065,26.139364689529117,0.15132987726172298,28.35574532922335,0.1802131749810087,0.04597024228198255,0.05023519388365881,0.0715361781014165,0.07865689735362441,4.7193228204712485e-05,5.624242069472935e-06,113181968.39348392,6169830.927852803,122699006.7027266,6649058.922946179,-267.06885412408104,93.45947179596469,464.72722101789867,0.7724919725278345,48.19146341747708,0.07805001322266063,0.16351220635419392,0.16830056258742895,-2.1664465825684074,0.20634060054105866,1059.5424514555414,12.435502340968954,480.50892130533856,8.884739095152984,0.27918530642589684,20.42417760925518,464.73031023885824,464.4511249324323,1.6325737236998066,5.876163445177665,1059.342823010625,1057.710249286925,0.025181664421273453,10.272540668755733,7.97955817539159,7.955678360615078,0.03836562203586998,5.024939755616837,28.31451806206602,28.278880480090795
c1211d5eef,0.17062849421716322,0.06966947551575593,0.1711113889263728,0.07109782689976374,0.2666417576070255,956671.0,36317383476.0,436.7,20,18,2.121,adaptive-only,True,False,control,transformer,skip_connection,mae,seq,,,0.0,0.0,323.2859107603629,0.1800390201628805,950.223082697019,0.4413922866908674,3.7505576696882295,0.26243932688870264,3.9993541160213772,0.264909339100828,13.082908653939194,1.1405399027927632,14.121430254975685,1.2128220737148834,0.02776400273427454,0.026886353623458887,0.059725267480898646,0.04489573101569624,1.4463011122299994e-05,1.5959767926766448e-06,3709896.1602747566,59529.709888365935,5427643.719420479,77975.00281418541,-184.36261674969353,60.922374206071666,427.2911402766827,1.1266913777990537,63.850332180658974,0.08231605810703883,0.08451441030210638,0.04281219793577467,-0.6154296736392196,0.18293831998728013,1382.6756059605434,11.75577233046789,590.5518188476562,1.635204138633978,0.0,0.0,427.2918837900909,427.2918837900909,0.0,0.0,1381.969517958596,1381.969517958596,0.0,0.0,4.0052389420285355,4.0052389420285355,0.0,0.0,14.144602770860772,14.144602770860772
f68c559e71,0.17214532534752308,0.06871383909313775,0.1731106757321016,0.07068135515126973,0.26585965310906,1521635.0,169861002856.0,577.1,20,19,3.585,mixed,True,True,uses A,sep_tcn,nbeats_g,mse,seq,,,0.0,0.0,478.5219299644232,0.06964105112973194,1323.9581253156066,1.1299999686554263,10.251695120357908,1.158740076253223,10.985927595879906,1.2725115867274697,32.44643098158723,2.548886751203432,35.035040753065324,2.791083397485327,0.11538470190500116,0.1543371602402125,0.20514962844240583,0.19862167869544944,8.83177416578635e-05,2.112047898385421e-05,33590588.039322905,586595.6327553546,37291749.09867052,637552.2022739316,-368.45810625102746,195.4810162734759,457.0984313291479,0.5755314314836194,84.25014384587605,0.16178795234217716,-1.3644031940349015,1.3001476949614628,-5.578623083564776,2.060314156090701,1761.25312429377,10.642738517348233,864.8589884440104,4.9835445880068034,0.11834977167757188,19.328044525869117,457.0974840844847,456.9791343128071,0.3128092342386329,1.3620365069868263,1757.9922644431626,1757.7601917318227,0.01397762021411945,12.222023541288792,10.972099707004556,10.958122086790437,0.02021019888176549,11.904214513124302,35.050827697905774,35.03061749902401
ec03282ce0,0.17371696244616236,0.06970901120102033,0.17519239188689073,0.07220243397344216,0.2687051059683127,1569227.0,151911353140.0,594.4,20,18,3.579,gcn,True,True,uses A,lstm,nbeats_g,mse,linear,,,0.0,0.0,413.22836997111636,0.3155222803748535,1106.204395937423,1.1303270866816262,6.094761048870471,0.5174680486525837,6.6802666938793545,0.7145997576224153,20.169946077973005,1.2467942754503458,21.85259345011782,1.4209733638478081,0.15988741055152708,0.13230261945392235,0.22912432742704078,0.14976413630806215,4.5718567866221424e-05,2.4918604026140883e-05,41404788.68710952,5132330.443438357,46872507.420621626,5383719.785953707,-2654.4244089691906,778.2584338027078,464.0451175180537,0.9071384773626896,82.68126885096233,0.1543703836277546,-0.7485865732225295,0.6944873849809001,-2.317761362588815,1.0527329800708596,1418.6254386082117,18.611466483349588,691.3572998046875,6.422058230475413,0.37617457104947033,44.326606482088216,464.0432824026311,463.66710783158163,0.12878532541412824,0.14576099545406596,1418.0810440405642,1418.0779634004148,0.0058367758501726525,8.263750480451227,6.6851642523199,6.679327476469728,0.007289640264245871,6.803652521080828,21.866980596042797,21.85969095577855
9232f2fbaa,0.1735176583964279,0.06967752018903245,0.17409831102607026,0.07150426181089835,0.26740280815821355,1122167.0,60316986984.0,450.2,20,17,2.619,adaptive-only,True,False,control,tcn,mlp,mse,linear,,,0.0,0.0,362.98484366138774,0.2980766452805033,1035.4258737191558,0.3044096641816881,2.739437677519163,0.19952374101360626,2.918537256863844,0.2137409405014688,7.52872631804649,0.38234859183248837,7.997786616456089,0.4098345288527136,0.046890078023474356,0.02460831449419265,0.0663637537609035,0.016752430489050223,7.278830848402276e-06,5.12673347638174e-07,13806509.198186114,23060.767097121883,19333300.823115267,57061.50962816793,-1091.2465302337816,548.5714184626041,434.9469703158164,1.450100224176232,64.48293186558617,0.04202886617087557,-0.23459462798228922,0.09643033294636956,-0.4152525150364899,0.10727014451181875,1235.3866313197668,5.079981963566431,612.1285603841146,1.6823833052356685,0.0,0.0,434.9499106876947,434.9499106876947,0.0,0.0,1234.94683802436,1234.94683802436,0.0,0.0,2.9213985691197912,2.9213985691197912,0.0,0.0,7.9994375952740375,7.9994375952740375
e25671ed24,0.17395554598849872,0.06966119134853546,0.1750182299755903,0.07171221931135668,0.2677913727351139,812735.0,155415755572.0,514.7,20,19,3.091,mixed,True,True,uses A,mlp_mix,mlp,mse,seq,,,0.0,0.0,366.6106709241867,0.1793298221237476,942.3915792964399,0.19639485762541337,6.603255867987173,0.8376388221135126,7.062588543215633,0.8701540503044244,19.824473678288914,3.3352973200607137,21.39733616892458,3.6870718982469213,0.0641631171834576,0.04540206418277216,0.10609683670291144,0.04448875874335225,6.80684035901126e-05,1.1202807007599928e-05,131562243.7405142,8495447.499145921,144643100.7771136,11645308.118654214,-394.8951470660038,182.86482265549284,447.38022039102293,0.8249328728935593,52.803136375215324,0.12734702797003192,-0.8980296881346316,0.5379820548734734,-5.073418125438742,2.0262467287263486,1494.3368666528502,10.191709256560692,728.2660522460938,1.0432257901081678,0.28940535497239733,27.983557268339865,447.3723707637298,447.0829654087574,0.5914539056226052,2.1906047425484996,1496.2964069054026,1495.70495299978,0.016547858678481298,16.402376220209888,7.091799560922768,7.0752517022442865,0.02203150680242653,15.800002363432377,21.493178176062486,21.471146669260058
3068c5f548,0.17526175673520156,0.07272606129995489,0.17529711339120296,0.07390419549488644,0.27185326096055284,649343.0,155187480576.0,478.0,20,18,4.53,mixed,True,True,uses A,skip_connection,skip_connection,mae,linear,,,0.0,0.0,202.3953041434288,0.2956432518039678,435.35326293390244,0.5822216506115897,3.360569003478304,0.3101424700730536,3.571802541856614,0.3342772678458128,10.944220521982004,0.6896817367026729,11.763227839620725,0.7024761009884086,0.07993830176886828,0.07911457676457263,0.09752767272119667,0.08688773602405117,1.07430393482069e-05,2.0277256319074654e-06,33547776.24041773,1647693.2347521891,39545347.554982096,1709623.8801926733,-827.5327213538358,397.01254958570235,445.9769456720804,0.45473171580405664,35.84159390131632,0.019489978740586337,-0.23318752571211152,0.19592207798558864,-1.1788721382837655,0.25555791804318767,684.8037591602457,4.460950294676995,354.83538818359375,4.013554541488553,0.4890762992197324,36.51868316811626,445.97774896719613,445.4886726679764,1.077208412060448,4.7289051345157835,686.245670969041,685.1985209873312,0.01967233951074728,14.412957902147532,3.571693742372884,3.552021402862137,0.027710140648717758,11.820724384553957,11.762386542333214,11.734676401684496
a31a407ff9,0.16942241761648918,0.0690747520384619,0.1699892081510398,0.07050815809468308,0.26553372308368495,1173927.0,61759853364.0,468.3,20,19,2.607,gcn,True,True,uses A,lstm,nbeats_s,mae,seq,,,0.0,0.0,309.3438701977332,0.4548328581538994,1065.728387414633,0.9673337483960887,5.310624457539234,0.8446761188949391,5.619169181602338,0.852616495493752,18.483081897699478,2.932633241810141,19.97967700003534,3.1241489891842207,0.0373526728264802,0.023498298120553342,0.06714265919691467,0.03346011675387297,3.051406974832121e-05,2.2475625059296853e-06,21366537.087247435,194084.65414857102,31367580.222617477,304711.1875719637,-148.06058594820976,59.0669295815175,447.1981222449311,0.6893107488734415,84.71156733565861,0.049131335392246525,-0.009740484450225092,0.08426182977216448,-0.866194575650181,0.38915952639807266,1413.7649090192172,5.940362438745981,588.1315307617188,3.0184409014062,0.12426761859474784,39.219895583380705,447.1887190238931,447.06445140529837,0.39120373415486637,1.6129706465672573,1415.836305848542,1415.445102114387,0.0009054601108526109,3.1093253868466566,5.630822911693277,5.629917451582424,0.0021514721988526255,1.6387208800463111,20.014099887742276,20.012924535116877
dd9b264e63,0.17593930863620516,0.07086775049598917,0.17665094957389346,0.07298712312885507,0.27016129095200714,804527.0,76822330984.0,358.7,20,17,3.084,gcn,True,True,uses A,skip_connection,skip_connection,mse,linear,,,0.0,0.0,249.50596981247267,0.07730072795807857,754.8513493773838,1.3172285779431046,6.290565439267084,0.41487409112307366,6.672047506778486,0.42181528097995424,20.736669964569202,1.2906226896957758,22.334668128222162,1.3810614119465239,0.04872482219020501,0.06515353489132857,0.08712712820232686,0.0820211655182644,1.910097276558715e-05,1.6395984336957862e-06,10424090.769253971,311099.9734157386,14199336.757295892,408131.1064390934,-1115.817002628872,288.5904200401929,442.7166570250315,0.6346266181232039,52.23695165581174,0.14807496601527462,-0.13297814093061935,0.10222055252888174,-2.016088536712784,0.3256342911944857,743.205962051658,0.819272286480506,377.2873128255208,1.2216022581097947,0.18614399407207807,53.558160005137175,442.7195204100354,442.5333764159633,0.16731447018147114,0.39879063214842103,741.6359230750472,741.591210075033,0.0026844604624948567,12.3760697563132,6.6754268252554505,6.672742364792956,0.00321649658986208,10.724791909084267,22.339232926062156,22.336016429472295
16ed0ef17c,0.17025726807675293,0.06918984633680536,0.17038456575983496,0.07038000292107373,0.26529229713859714,799439.0,237718412084.0,726.4,20,19,4.539,mixed,True,True,uses A,sep_tcn,nbeats_t,mae,seq,,,0.0,0.0,324.70816567043465,0.15462760880565046,1073.5885179204245,1.2408625454243303,4.31119697862717,0.021522748652964826,4.6688493231330135,0.024800430475139846,12.602953063551558,0.061278956465626436,13.70342308607548,0.09137182268959151,0.08853914157048132,0.06202845978134914,0.12272152600416038,0.061090812781365536,2.1007816550111395e-05,4.592283195246775e-06,123852718.7459231,21725161.422881804,135145822.83321095,22451501.438820034,-1010.3769873076104,861.1958931654608,456.2049239616064,0.6185256204982987,58.14050651921167,0.27237482717277156,-0.4999320303707891,0.09226448653059684,-1.4782393788843589,0.056523012086936136,1682.4123147979774,13.331098150598441,652.3987630208334,4.588029690810917,0.28203731316661634,20.416930842338147,456.20268518049033,455.9206478673237,1.3086845833961434,1.3860138476667139,1677.907010098688,1676.598325515292,0.02308761347381753,10.801322733993812,4.668623764742119,4.645536151268301,0.03347523363373561,9.871115006453913,13.698544695211496,13.66506946157776
51d9bd8c9d,0.1742254601391352,0.06981496808558603,0.17566502552348237,0.072272316988372,0.26883511115249065,509727.0,90619780712.0,430.2,20,19,3.08,gcn,True,True,uses A,transformer,nbeats_s,mse,linear,,,0.0,0.0,213.4654292265574,0.2782371414186801,709.5561957416745,0.24395258028533162,9.734000660653692,1.0198210187073213,10.452620586952014,1.169513302231335,31.55258430248769,2.571015417076803,34.33188646887236,2.819973656879458,0.24574135524409058,0.16673164969342247,0.34602850824596504,0.19251188090663698,0.0001431727129393382,2.2467817935219843e-05,19136739.601877954,1106243.4138846837,23893274.55028057,1186300.0205948139,-422.3606389379766,51.39039702385782,446.7170977174167,1.2762932421038606,38.81219646665786,0.02197720966044989,-0.3067067346251376,1.5597865273870553,-5.251119460041495,2.279926361294575,820.9619536403102,3.557107220378538,369.68129475911456,4.736445810575355,0.2881238924736825,36.321533229516376,446.72070533638504,446.4325814439114,0.3816570036771054,-0.9979862461973653,824.1728424342359,824.1592391775447,0.015635203066829934,22.816959537958095,10.424034189292726,10.408398986225897,0.025694888120883757,19.29811209787862,34.23015750178696,34.20446261366608
584a59f646,0.17378044154226727,0.06941784816657978,0.1743302022809681,0.07109121201539532,0.26662935325165404,1284575.0,186171044252.0,585.1,20,19,3.575,mixed,True,True,uses A,gru,nbeats_s,mse,seq,,,0.0,0.0,404.41476247708005,0.2127117752398335,1367.9504154374201,1.8740355982360728,13.828709937651487,1.9944855648265256,14.79822144538773,2.207827097344857,46.84381546348772,6.511248866749741,50.37224776572728,6.918922097091533,0.3258659259914624,0.17534946667711418,0.5121916858729295,0.2834153751806699,0.000209496572967023,7.613910526380392e-05,35970870.307702065,2951729.4482014095,41650341.28183179,3110012.039938523,-203.83470963407999,121.01254806958828,458.9880056459862,1.097205460390312,78.09746321042378,0.12316697278884982,-1.9347363848230117,2.8125848107713036,-16.610782060354257,8.630218748701928,1613.2677565607883,11.940657368572182,699.2029012044271,5.289064897645939,0.09784535280156585,18.72462275455232,458.9953871463206,458.897541793519,0.2774953142200805,0.36276560794102763,1617.0690096188405,1617.022229684547,0.01495922723634635,13.848610294374488,14.85619015320592,14.841230925969574,0.02260509375920113,10.87091899382913,50.60096099315887,50.57835589939967
f84fc9ec1a,0.17201318453054448,0.07023130341870776,0.1723420509699628,0.07175461795828322,0.26787052461643335,1059063.0,121794573108.0,489.4,20,19,4.047,diffusion,True,True,uses A,tcn,nbeats_s,mae,seq,,,0.0,0.0,271.4332916786273,0.27370145543169644,832.5210943434698,0.5902124332360202,4.974993901135652,0.13222758128419226,5.324713581193541,0.1375069505839803,16.790193183662975,0.3251052591139391,18.236565248268782,0.3278648279830571,0.01303277332554311,0.005274899131555091,0.04535976447577413,0.02898217166648353,2.0391199393001478e-05,3.346228695738661e-06,3361334.734713866,175153.65073094977,4541363.832345963,179356.26250324582,-653.694107552719,340.69190952708567,441.6271409809806,0.7841783357209394,66.57141553031073,0.03776166404875777,0.04375941889989974,0.12850136928194056,-1.0173750133904804,0.16432165310626534,1118.9457798587025,1.6548518258902418,530.4220377604166,0.5763370305948546,0.10844930418181775,16.298670880925336,441.6244898200428,441.516040515861,0.7600273381046918,2.218460328167462,1117.776770082832,1117.0167427447273,0.007528076662420761,11.238189427586175,5.29631047114486,5.288782394482439,0.01270235687196101,5.1197447179292945,18.129505165869897,18.11680280899794
53ab1a718c,0.17232009882587895,0.07057540681959104,0.17245388099808304,0.07191465619412836,0.26816908135377643,1092163.0,121629655860.0,494.9,20,18,3.095,diffusion,True,True,uses A,transformer,nbeats_t,mae,linear,,,0.0,0.0,336.41607441504794,0.24471455233104933,986.8933583063384,1.105497377768085,5.960825998869647,0.3690389808053641,6.322203224638147,0.4059941713789382,21.26959648974157,1.5396426249242539,22.931593861210516,1.591808434307428,0.025327772832066147,0.027033801155805035,0.056649116094358076,0.04023574089249772,2.19810120209779e-05,2.365790529882208e-06,3827582.275576938,79162.18024737439,5282703.298846585,83194.2291953167,-105.68815649411522,41.37778194243535,441.4140577525488,0.9391721145265465,70.12393326229521,0.06535414100133688,0.13108119949379754,0.03771709684339472,-1.7314566027720801,0.2868257923756768,1266.8515124097908,5.681197317812816,571.8837687174479,0.511638077677314,0.03884917453052594,5.772142672584263,441.415141656526,441.37629248199545,0.5586631054079589,0.8867408875389019,1265.7591515574088,1265.4221881525605,0.0037170928916368715,7.341410423693952,6.32005053433854,6.316333441446903,0.006037597746363588,4.233944956677865,22.92289578604101,22.916858188294647
4a03bace5d,0.17341990874408408,0.07116093084247813,0.1736257275428401,0.07240626456743313,0.26908412173042306,1281909.0,227104962152.0,597.4,20,17,4.068,diffusion,True,True,uses A,sep_tcn,nbeats_g,quantile,linear,,,0.0,0.0,413.070936396718,0.44030054854418765,1162.6767777825396,1.3093529874726888,2.5122380070319514,0.05432103654684622,2.656384638945196,0.05891294025907685,8.796991167362128,0.15737052701469756,9.428014398477847,0.15412588119266785,0.021818967745491812,0.010993299065937361,0.028927569311328588,0.02071361466754921,5.1446411909646625e-06,3.2503501807931403e-07,108517790.4046845,11297066.52078436,116589124.52551208,11477639.638574865,-1286.2819929724758,434.76204596529453,454.9968658322887,1.5869385975903578,70.72469533814323,0.06718333619459828,-0.05131095004625456,0.038504720479903914,-0.30433681540466506,0.04938655967776148,1413.4076802553773,19.395120309096704,681.24560546875,6.6054944055375975,0.08618348712993414,5.653385700240406,454.9958055202275,454.9278205916256,1.6967823041370593,3.286488511499006,1416.5419830783335,1414.8452007741964,0.006500430688922698,9.31458389790058,2.6585586999654347,2.652058269276512,0.011114998850681346,6.726878536247457,9.431240942535212,9.42012594368453
1c0a4f6c83,0.1719828352979598,0.0687618426428454,0.17346220777651808,0.07121762376219795,0.26686630315983684,1179087.0,202919451444.0,634.4,20,18,4.063,diffusion,True,True,uses A,lstm,mlp,mse,seq,,,0.0,0.0,379.31444811820984,0.08704472361854312,1061.4407426205773,1.0050880633442436,4.579163697774978,0.35646407651493917,5.107838495351377,0.574239281479905,9.471689007326594,0.434310348186633,10.186588691534112,0.5501023472110463,0.2144142602902516,0.2168299510402429,0.31617499272337635,0.2772969773119934,8.844787076245017e-05,4.880107473367485e-05,46857843.15169686,2530804.786658471,56878906.08251604,2497849.513912205,-2473.1171203404497,684.1439053528417,445.3344782682887,0.8830511123673067,61.88982933097415,0.06280481360078335,-3.051622189201417,2.39393026388146,-4.3790796875025,3.6444659184429944,1562.0289894609014,8.553527914368004,708.5451049804688,2.6236631706656888,0.13075584276672694,10.869043356557393,445.3342493961599,445.2034935533932,0.5632644114805316,1.8605820626189833,1561.7496931697476,1561.3100380762723,0.016669165299796045,14.393976158084731,5.100406020787962,5.083736855488166,0.025157611699112792,11.63107247335325,10.181744659014834,10.15675095223816
98738ae791,0.17230718972490247,0.07093190356514005,0.17251812788869456,0.07219661144881463,0.268694271336057,792455.0,340116072448.0,728.9,20,19,4.062,diffusion,True,True,uses A,mlp_mix,skip_connection,mae,linear,,,0.0,0.0,331.28839391469955,0.4817383693138614,860.3048654012382,0.3428816773218823,5.188133410424295,0.7687847902199536,5.491523748915135,0.8116220044912251,18.15711643841558,3.0875339935301134,19.588829036826812,3.312926210392542,0.01846840723197403,0.02172587385974727,0.03034836966626421,0.043763250081508304,2.324047041347792e-05,1.2361187652304818e-06,36868395.59469315,3090463.8403088036,39859988.90099878,3079029.2125431066,-146.7260116588698,24.443583278944544,454.1419972153094,1.1845859237670286,45.531897849506805,0.1884719708450973,0.14438546058178894,0.07712069982508529,-1.1455357064167033,0.5205813388858722,1213.2618492674728,6.892672293409918,555.3072102864584,8.009402393949184,0.18754547376427885,8.174545807681715,454.13892690420516,453.9513814304409,1.3048077857860487,3.946778214037044,1212.0406687693999,1210.735860983614,0.012544525801945797,5.450246133150836,5.5074647851879615,5.494920259386016,0.018295158849011745,3.8323091769113002,19.65457912334087,19.63688484985389
8753c2de33,0.17388455202535305,0.07181781781676039,0.17365647658687605,0.07300348087402914,0.2701915632917304,1076517.0,162549960704.0,507.6,20,18,4.541,mixed,True,True,uses A,sep_tcn,skip_connection,quantile,linear,,,0.0,0.0,360.02438918749493,0.2175650008260383,794.3151289274296,0.17761698868866516,2.439671359453314,0.0811333135536506,2.584826114684711,0.08498490431074163,8.03123710483746,0.42813382094199964,8.666845407834852,0.45715872134134916,0.017937465550047712,0.03635260734797942,0.02073771711220131,0.038098336995860356,3.997065740449388e-06,1.0014041588977593e-07,11344876.351638867,1018086.1982076322,14042140.563634822,1033586.2002598053,-1167.7820187879581,1367.3586504845616,453.89379774118896,0.6776065507329238,71.10669471157922,0.10273863908545476,-0.07048981289457122,0.03594696841371913,-0.3042305390483527,0.031768770839446535,1200.310665888939,15.06875073388117,601.3324178059896,6.086283903121319,0.341056842855797,41.333297714039425,453.89526414266214,453.55420729980636,1.496507998413411,3.314241427256288,1203.5085659853537,1202.0120579869404,0.007988640447367246,12.995499606538235,2.5873952463522256,2.5794066059048584,0.012063594571098216,10.13183235157915,8.675378507026673,8.663314912455574
f47fdfce59,0.1727997032669097,0.07082541099492266,0.1729876021351009,0.07210856034247293,0.26853037135950364,870211.0,240846453556.0,645.0,20,19,4.534,mixed,True,True,uses A,sep_tcn,mlp,mae,linear,,,0.0,0.0,306.07424600919086,0.2208156632502125,773.7537186238915,0.8865560464554164,3.33067780747236,0.06112489637966656,3.5451232990845547,0.06327625640512441,10.937419115423952,0.3683755046245511,11.80409334697797,0.38850308139846257,-0.021683858498176764,0.022017330042225374,-0.02445339498861478,0.030073256444680955,1.3868560073945836e-05,1.4353868712565673e-06,38391861.54395345,1226964.693742567,41960974.982265614,1176475.4965088032,-847.3231845141886,228.52296663842148,455.39574898338606,0.9911268515725161,74.4229572084215,0.07352992902434125,-0.022694145962574602,0.0791169749394341,-0.763067385778455,0.07436133318055822,1136.8353174502906,7.04659167500887,575.4506632486979,1.5133196450328077,0.3025229743928624,25.658217281400706,455.39604971068184,455.093526736289,0.6840123688652208,0.6842899122640332,1138.5311232713834,1138.3939752319477,0.007046924905000473,6.614794886126458,3.5447740270544155,3.537727102149415,0.009556207781498571,4.341731221512563,11.791837905434042,11.783974541388458
53aa01da70,0.17248699346580465,0.07093795060894113,0.17293651492526146,0.07243068942648527,0.2691295030770229,1168487.0,144838981632.0,488.5,20,19,3.09,mixed,True,True,uses A,skip_connection,nbeats_g,mae,linear,,,0.0,0.0,343.57810175418854,0.05025954664069813,797.0863687520226,0.24909626466678067,2.7487276577206408,0.07382831633591391,2.899842759648358,0.08128909880462752,8.92314033217289,0.32202581761899396,9.615272696405258,0.3678573480448032,-0.003361641830367768,0.009579032789033826,-0.0004985003833263175,0.012801442769420888,9.228592287303989e-06,1.2025297738122195e-06,26093960.02379969,670964.012729187,34959212.08200639,784189.2675708168,-992.9550644743346,743.5322394048773,448.26882832210885,0.8150193999685765,67.65968759854634,0.1905487960572121,-0.05407342802487922,0.07272496436728496,-0.6165091754260849,0.1248619247043362,1095.1879965085827,3.6225518853631113,580.5638224283854,2.106622518592908,0.2895330521677503,34.13430772534028,448.2663153976952,447.97678234552745,0.6690101629440809,2.0034405869318226,1095.707272877011,1095.0556071188316,0.005453429300602479,5.922693288706429,2.9044465236646633,2.900207528465215,0.008053510899395988,3.4668534036154597,9.622137733846111,9.616007193410645
dfd93625e6,0.17214351507603887,0.07033030052825841,0.17309653759002686,0.07208265398571297,0.2684821297325261,1372303.0,189687010920.0,551.7,20,17,4.052,mixed,True,True,uses A,lstm,nbeats_g,mae,linear,,,0.0,0.0,372.60042021671933,0.28951577654870503,1096.6402048120897,0.3848218484195344,7.123024178736766,0.12090933698282033,7.540650750759602,0.11378014289970777,25.715833113633153,0.5822173753663061,27.782966940469645,0.5148205697703441,0.03254943531139023,0.022377264869376308,0.06495634393839389,0.040715069171459284,3.216961814467198e-05,2.661215674077035e-06,28235163.37418406,839141.8307259999,30924103.05335683,904834.7204881334,-214.76933081978686,127.83341627180826,461.26766842238766,0.43756244692231927,88.3556887573666,0.17907076004762235,0.2852596487293377,0.06522511228060118,-1.7502635587028508,0.07132578505959113,1280.027174563122,8.16461606463285,660.5692342122396,4.188863172491803,0.17738482341510084,28.25635296465321,461.26158088905214,461.08419606563706,0.2056387204343082,-0.46770283427984105,1279.0695059144546,1279.2181851237565,0.004394134570823678,2.9999412567595494,7.5583679180717205,7.555521506231679,0.008725251786234622,1.4744295061614625,27.870122032862376,27.866746461010695
32a67beec1,0.17174542151715247,0.06860608025701602,0.17283025148572492,0.07082587801019592,0.266131317229288,1719795.0,256086128232.0,819.4,20,18,4.548,mixed,True,True,uses A,gru,nbeats_s,mse,seq,,,0.0,0.0,476.91698699692887,0.43797747335583576,1532.9316713089745,1.0065553766213298,26.837795307612396,2.7913999501207543,28.426513427207087,3.0354540075325374,95.81470678108126,10.922814598740755,103.19262135894955,11.753974866259629,0.30007234807022737,0.05168463608946232,0.5032202191797976,0.10791270371100115,0.0004223364080803243,6.893457966906023e-05,32134111.12331487,1858991.0305917514,38279709.260154665,1976889.5096451906,-93.91731677204329,61.60286866567071,466.22205603988533,1.5454494670829282,109.34205412864685,0.21390992858321242,0.4376587574532527,1.6254875815270244,-16.63688224517065,5.860046016204449,1885.126960028727,8.16206003070349,882.2309163411459,6.039487283499846,0.13201517420278228,16.34755481431645,466.2282059766041,466.0961908024013,0.5275718948563887,1.5288859642707542,1885.0247883871373,1884.7327671753576,0.021498444958531593,12.394543504342725,28.50846481366613,28.48794037996279,0.047740994687430316,9.298334926844465,103.56244449682043,103.53082931993282
e7f2144ae3,0.17019758119712808,0.0689235060922609,0.17089814521634855,0.07046126605057919,0.26544541067906824,539467.0,90830528104.0,420.1,20,19,3.556,gcn,True,True,uses A,skip_connection,mlp,mae,seq,,,0.0,0.0,195.15525798002878,0.0674266851548046,652.8378125069042,0.5301493929583434,4.382081345189363,0.37767663045066774,4.702520947739404,0.36264945073100235,14.402533352181857,1.1086902112434025,15.61392509338711,1.2179403321926552,0.052191718263958235,0.016182377175952656,0.09596875281110173,0.024609721992512445,2.5702028107781784e-05,2.591984529678799e-06,11585720.101453932,24480.25738518737,13871405.213056713,271348.7608625431,-202.92923974284395,88.0493034325536,447.4104790111107,1.1104464784773824,38.937518808576804,0.09390489216942005,0.09001907537365002,0.05152420501991994,-1.1025929529447607,0.2546727847914661,815.4592117764015,2.0713614228957415,388.75417073567706,1.6205223145554475,0.2864121547439898,42.986427892118215,447.40874364315334,447.1223314884093,0.4113329541373029,0.8331722875257934,815.6128891189103,815.3890374681944,0.00046070527554172475,1.5738642262919964,4.7002823757107945,4.699890332023477,0.0009292168255470301,0.4878791076019039,15.609412778594958,15.609331181826985
6925b4fbea,0.1732092399214655,0.06932534770522208,0.17353471249957567,0.07092340699739907,0.2663144888987437,1290339.0,227954261608.0,613.3,20,19,4.534,diffusion,True,True,uses A,tcn,nbeats_t,mse,seq,,,0.0,0.0,328.93787773450214,0.5418840807367677,1100.861374516661,2.380395484181748,6.399326804285617,0.26142715341456996,6.828310631691359,0.26088074986918236,20.992229393884497,0.884156856239082,22.554239741424094,0.9043318421160674,0.07398780794848175,0.01592561271946597,0.0798144596121501,0.02288736013758285,4.695590872456234e-05,4.610530377413845e-06,32530867.238280285,2109150.360504893,41694824.283592016,2139170.8699079133,-720.9822785243056,272.1089437634029,457.04624938540957,0.6536276982771471,76.22511598798962,0.05050923700997943,-0.20003437740629285,0.1341730877941987,-2.448942029567721,0.27782087316289406,1322.8598588023394,7.204102320163355,649.4179484049479,3.53837629369197,0.09409611533381697,10.396605842423654,457.0440105557215,456.9499144403877,0.683103613046948,4.391073374801717,1322.1798120364,1321.496708423353,0.017898401421681715,12.539305801073706,6.812727972534766,6.798146164477689,0.027658677322167573,11.07371976213195,22.45981056911273,22.436986302793926
cd2cfb1259,0.1728303077435718,0.07108226952781724,0.17275724722070218,0.07202733402227574,0.2683790864100177,1565973.0,192709797480.0,637.4,20,19,4.549,mixed,True,True,uses A,lstm,nbeats_g,quantile,linear,,,0.0,0.0,437.69919106860954,0.08499590909409535,1205.9301530644298,2.5077264900373653,2.0337833855343583,0.11824703091415041,2.168259003094181,0.12128069250328348,6.965268047219435,0.2753475317903654,7.4890593562885455,0.2848629709740226,0.01779313636341445,0.026927739256083702,0.03431458843474192,0.038253296545890866,4.489741880867724e-06,1.1126665051778935e-06,30371803.820619132,193802.85344195165,33682620.40066583,173525.94061290706,-574.2826920786508,117.86127520779921,460.5555931771296,1.527867735749775,99.5832633972168,0.135869173630071,-0.0025510669098340287,0.019154790579990713,-0.17481736689223912,0.03713143395826371,1447.5008424789087,12.773021794800737,733.9109090169271,3.8168063532653114,0.2266476920718977,34.02974866277423,460.5563968887439,460.329749196672,0.32696206353458973,0.7807085810936484,1448.641214260995,1448.3142521974603,0.0009244106208002497,3.447787948039969,2.172572974094472,2.1716485634736715,0.0011566264578659613,1.6334963521516095,7.511150994578996,7.510071243795456
445cbebd46,0.17144989107054295,0.06989689022121513,0.1728567341263355,0.07171593480635964,0.26779830993932663,938481.0,138030413416.0,507.3,20,18,3.084,diffusion,True,True,uses A,transformer,nbeats_t,quantile,seq,,,0.0,0.0,312.74730573097867,0.11607254125896199,989.954828714331,0.9629072538595148,2.3660717737032733,0.2498139606512927,2.5991302260817726,0.2654605047955297,8.171247339748541,0.699501403409577,8.905116905524986,0.7505154182446648,-0.007980301992150308,0.00924890639662277,-0.008184784636947636,0.0108188977178559,2.866711856478552e-06,5.448674149329325e-07,8513823.891317844,185507.67058923753,10842922.176130716,202136.9306175875,-239.46849721071933,131.03940305172029,444.82446594304884,0.48258177588714063,44.11996413601769,0.07818886517023375,-0.01142677267930014,0.03922673433656609,-0.43539964928894254,0.14221339357131785,1310.0619647727965,12.732338155764639,545.2501831054688,3.4550841072480702,0.013359413768436449,0.05181017785982626,444.8312728359818,444.83000842742183,0.2945267012524558,1.3151814254155176,1309.7526488636677,1309.4581221624153,0.001705670877017192,2.8404390777404083,2.5987086553488075,2.5974216448040157,0.0026343507968412303,1.8041965785994953,8.908985910363338,8.907057847256777
c0b4937eb0,0.17322088974980518,0.07104428269396941,0.17348207960658926,0.07216777397208776,0.2686406037293837,979877.0,200606419356.0,605.7,20,18,4.057,mixed,True,True,uses A,skip_connection,nbeats_t,quantile,seq,,,0.0,0.0,298.70081115265685,0.13343522755342874,1061.2583800281088,0.420092816273625,3.779776953617329,0.1554434674154526,4.0006213852842585,0.1662110860813954,13.164564946784543,1.0442926625753965,14.227939195315289,1.1391790866326046,0.020636409555631296,0.01206693261560511,0.027545583098744914,0.012261189833654693,1.0249663707198167e-05,4.339712256057729e-07,55301408.10645022,6581116.860497615,61336550.630512655,6513257.657629301,-344.0221893425124,176.77014868081366,462.7455533709851,0.6696616531138978,60.5512846575843,0.13151360954418626,-0.03383741620340952,0.1133817834891992,-0.5084564363125464,0.042806312387666086,1164.0162583437586,15.057337442171784,531.6859130859375,6.003608002718175,0.18964776961809093,28.846053557603888,462.73885373007755,462.54920596045946,0.750661172259773,2.569680849865115,1164.2376229289994,1163.4869617567397,0.004172282718940472,8.23618541564018,4.00742068472033,4.00324840200139,0.006516544934004405,4.619618519556739,14.261749844147344,14.25523329921334
58dcc8c257,0.1690871212501288,0.06877995040397882,0.1694185660647303,0.07016145275002696,0.2648800723913125,697399.0,50027860788.0,521.2,20,19,2.612,gcn,True,True,uses A,mlp_mix,nbeats_t,mae,seq,,,0.0,0.0,348.7438700646162,0.30047100012866806,1077.1663104469578,0.56212146741625,5.7728603276846115,0.3315093381127281,6.214392411843477,0.3466835874868571,19.544788521859605,1.3732580983363492,21.338875032114085,1.5836463339456892,0.026493782507519076,0.010775357198859439,0.05830760367684712,0.011783967298418102,2.174449288361177e-05,1.0622177591423504e-06,3323440.3042897223,162115.6941172022,4842324.163635941,167605.8161843114,-225.43845391444833,141.42432895657632,431.52743496299246,1.4271962729133623,31.355634305212234,0.06960452346718053,0.15623006724651317,0.042231936373969305,-2.021592246879837,0.406024627813298,1717.069245704909,12.044223122826148,666.3688761393229,3.0939724053663986,0.2671659849796697,37.595173902902644,431.5252151454754,431.2580491604957,0.8622724528678797,-1.3664210279275515,1720.9713566828848,1721.5831595540005,0.002033515085013704,2.9522423969695186,6.242450679094428,6.240417164009414,0.0030392882746864323,2.239628393812463,21.397329907296278,21.394290619021593
4dbc70a7a1,0.17403719768684275,0.07145927203476737,0.17540017606855743,0.07370578188037236,0.2714880879161595,1125073.0,163128001332.0,576.3,20,18,4.059,mixed,True,True,uses A,transformer,nbeats_t,quantile,linear,,,0.0,0.0,371.63009956975776,0.2696389546843885,1059.4336134617527,0.47752543538061587,3.9134025265077597,0.09416600822784445,4.130693635249508,0.08804715203878778,14.085012221993473,0.26500572775622666,15.25845946310343,0.2828490829411351,0.021500419103608854,0.008138889522955658,0.0442331832384058,0.012820062044667836,9.608502208976072e-06,1.6688787928430995e-06,5380382.317180645,485925.44602449686,6657225.080828495,527596.5133259946,-157.91239479866877,65.10347713900062,457.82652251169185,0.8836316813448208,80.12150553862254,0.0844816835168346,0.07806020079724561,0.018946597167937833,-0.3903971406386248,0.08431912197260502,1390.5310717932398,11.196018045446918,616.4128214518229,1.5424296554638584,0.247702783642031,39.7764802089738,457.8371922158056,457.5894894321636,0.779209436654052,2.403954198056064,1392.0436051877487,1391.2643957510948,0.0012298842468823068,4.214086476603746,4.152441654849034,4.151211770602152,0.0008277478691335697,0.7154558149893728,15.334796003551528,15.334250854139526
754621cd72,0.1810166375755141,0.07789973244953938,0.1797660896837494,0.07819069418626162,0.2796259898261634,1271061.0,104957478912.0,523.1,20,19,3.102,gcn,True,True,uses A,gru,nbeats_s,quantile,linear,,,0.0,0.0,357.35289427638054,0.2281564579679633,1071.9176000923228,0.33995874393268305,1.900906745919201,0.13087263557482048,2.0301159846710006,0.1282543615038742,6.490467365053086,0.4250229639259644,7.056297971642728,0.44855120745296345,0.007001600589902342,0.0142561996178673,0.016582220262103122,0.01649926038010699,2.95253221144846e-06,2.4255439597783455e-07,9770590.84620113,1306275.0918906573,10724423.07741174,1365862.5857851573,-953.7930658718669,213.39650911253267,456.8942035016914,0.6190178651894978,82.71289854579503,0.25122382099360074,0.021102713364495537,0.009535228161471248,-0.141501328039272,0.034743972700528154,1351.6071614497853,7.969510129154941,545.653564453125,1.3715185402171453,0.3872903213250917,46.35847776890307,456.89646514434315,456.50917482301804,1.2542060751505535,1.8156137724276948,1359.716803383579,1358.4625973084283,0.002054775615665102,4.131952955718526,2.0294279226544423,2.0283779034958442,0.002668296362645428,2.844905089732755,7.054348448100201,7.05288994732636
0abb2571af,0.17433063558661369,0.06982149746562166,0.17547608986225335,0.07198705230890473,0.26830402961734423,528867.0,89942780316.0,482.1,20,19,3.563,gcn,True,True,uses A,transformer,mlp,mse,linear,,,0.0,0.0,242.84340129295984,0.2359574410452757,871.9080359867463,1.458205199656116,2.337875079465448,0.45612538378707496,2.602678967841705,0.486115859573038,3.6534612721160755,0.47368482547164176,3.8655595998637255,0.4801723553007729,0.12453817686456221,0.13280735117539755,0.15097518879317928,0.14092142086032783,1.759798446912365e-05,9.292736771723565e-06,20994315.278858043,868778.1292656937,26854785.035057765,996484.864152966,-3358.4292911197335,268.30979406823127,441.2292706972183,0.7333416247272542,45.87411100334592,0.1481393106235007,-1.0487378388438129,0.7020551898465042,-1.2033663083967552,0.7240602488404535,1013.1514143333653,4.152287453584934,446.17125447591144,2.200096836097743,0.16818527325707086,34.3570577870735,441.2298113543,441.06162608104296,0.34267233065103636,-0.36675730040373516,1015.3459953523669,1015.4484367884315,0.0013347825956559294,6.469539286004718,2.602554928447335,2.601220145851679,0.002289130377972478,8.181943613244846,3.8662430063407562,3.863953875962784
c7dec42f7c,0.17340170563770552,0.07089397238538607,0.1737701821334452,0.07234616923448092,0.26897243210872174,740551.0,278796859396.0,693.4,20,19,4.532,diffusion,True,True,uses A,sep_tcn,nbeats_s,mae,seq,,,0.0,0.0,234.16443224747977,0.21915085229111433,1198.3474512267858,1.7287010610137439,5.110584796322352,0.5268402573545513,5.449547566014455,0.5937568845012274,18.186868296599176,1.2241440000244763,19.623757103569474,1.389529623734724,0.03588745047162763,0.006183225525902642,0.05313465296752248,0.016251978375533434,3.191001875944424e-05,4.825012819459368e-06,331440660.3663035,69674327.20284772,343173648.6911295,71281325.59502189,-207.3705976252618,134.3517039942134,462.4542966623995,1.224318954319236,47.75638880994584,0.1358222250125761,-0.08953415484488332,0.23976707088353924,-1.3385533093752484,0.3482858275828794,1035.8683966618219,19.863088057631263,428.1192118326823,9.56136288764208,0.08547991638268589,10.727521538691335,462.4502503388627,462.36477042248003,0.6400460304987519,3.442693591947203,1034.3798850178264,1033.7398389873274,0.005355800612652099,6.097803054921051,5.447344052596427,5.441988251983775,0.004674257030533369,1.5191559473299172,19.604107518280145,19.59943326124961
447c1b8696,0.17562504464534595,0.0727475583530675,0.17563326627848938,0.07391275600377438,0.2718690052282061,1578569.0,192531027560.0,599.4,20,19,4.06,mixed,True,True,uses A,lstm,nbeats_g,quantile,seq,,,0.0,0.0,434.20008433858555,0.4309222298316701,1201.3051584623754,1.1701499212695397,2.098960930849065,0.20017719954762364,2.2318889675900193,0.2084256745046274,6.817784626069653,0.610618340413111,7.314038262240903,0.6637358545606399,0.012816515480722277,0.01350374602509445,0.021632040314421397,0.01709389661004954,3.905246971789094e-06,7.637114624733493e-08,51891768.93564298,1870831.8007402727,54951160.095294654,1504841.8921193914,-785.270563377181,377.8638230400556,461.6170069246184,0.7380894194182899,94.97532812754314,0.21419529123690356,-0.06022701055869579,0.0319517910521911,-0.22917869307618707,0.07089011195957363,1447.7305485968852,2.016687211180346,754.2249145507812,1.3726829989017517,0.2005478703271327,28.88558230343299,461.6205790372528,461.4200311669257,1.0104795818016707,2.1499464317874124,1450.929629293388,1449.9191497115864,0.003657432780798775,4.549771830521733,2.2280251851729425,2.2250558874086948,0.007799035959414742,6.761847824426544,7.3050404239937645,7.29724138803435
74d3ef666e,0.17367963896754737,0.06954844915841496,0.17443698606615657,0.07136346364477571,0.2671394086329752,788539.0,278799788444.0,791.4,20,18,4.545,mixed,True,True,uses A,gru,mlp,mse,linear,,,0.0,0.0,344.7858477582534,0.12077727533937511,1265.9432317459334,1.3697101224286117,6.012957792091281,2.4012543260838943,6.859401414874846,2.9448438252530202,11.164225733774472,2.920281090346489,12.011484976416918,3.1436352718808696,0.6161686308393862,0.5971821824333737,0.7543153335538362,0.7459828161822225,0.0001788288375508102,0.0001661970902755906,145835800.60181293,18210490.40373132,155998495.91017827,18772317.80872757,-2504.015820397917,882.3386162184596,463.0397745186097,0.31369311505130537,57.67528455787235,0.10633450102824672,-19.23836779579142,22.803166675161375,-25.249091313478285,30.492357130373904,1408.6188823428577,22.477678218196473,596.2783203125,8.215802795162954,0.20146338470287142,20.63049342157447,463.04217040800927,462.8407070233064,0.907445710667389,2.9574358105175227,1412.081603984664,1411.1741582739967,0.044504753257729845,17.18169100443425,6.863526318731691,6.819021565473961,0.0567653268936669,16.767661418105025,12.017938393972772,11.961173067079104
7d21003848,0.1720035179285828,0.07027573053804584,0.17220551271629797,0.07164822280732858,0.2676718565843794,735771.0,196162332672.0,549.9,20,18,4.049,mixed,True,True,uses A,sep_tcn,mlp,mae,seq,,,0.0,0.0,286.54523012042046,0.4353645094906084,663.8669548177471,0.601109223346191,2.5010167207702807,0.20301490329630056,2.6672083504869892,0.22155265168678526,7.822301626902458,0.8512355378779661,8.419670239272863,0.8783910595250404,0.0177470138954797,0.01179813989993803,0.03563082833339654,0.025087050211917004,8.975073438898612e-06,1.2460575766170706e-06,62518743.0979502,1289934.5999709077,65856950.51511997,1787373.9073029372,-781.238400646519,439.49672516754794,441.5926815762247,1.933592419966898,43.38984244399601,0.037009101495268315,0.025215942882652182,0.027635788224194588,-0.6907366721093536,0.13964476473065876,1183.176234921804,3.54151164011909,589.3338826497396,0.5630764355054214,0.23939237798598847,15.407130524840504,441.58764972324684,441.3482573452609,0.37873390224391795,0.36597650380732727,1184.02904328453,1183.8018993801024,0.00824329132607667,12.585261128073103,2.6665468236473293,2.658303532321253,0.01158261250788506,6.681781606793516,8.424908672300171,8.413326059792286
9009ea2087,0.17333396544792629,0.07129252057910798,0.17341643537452414,0.07255848347778598,0.2693668195561324,1093981.0,284984281088.0,651.5,20,19,4.068,mixed,True,True,uses A,skip_connection,mlp,quantile,linear,,,0.0,0.0,437.5686546067397,0.15701815567179006,815.9116053332885,0.17655963613507647,1.0942695756408891,0.05557041201685302,1.17261671032401,0.06489213566853841,2.9484076379381343,0.04323840343919954,3.1394165016554294,0.044575828727463115,0.024076936467259575,0.015132664058332225,0.030404523283484936,0.01644592255595997,3.753783111577963e-06,2.7311755838990677e-06,272461114.84047234,8340794.751338058,284517470.4226019,8245018.039797937,-950.4324522497973,523.8574685946713,453.44774554945684,1.154974641015462,62.595377246538796,0.12404590087735769,-0.029055220646840296,0.023440730827696304,-0.06395930119831524,0.021574491361324277,1281.6940789339762,10.111939709194274,722.173583984375,2.1485230833404794,0.18013254499343626,10.341018624042645,453.44838697333427,453.2682544283408,2.791935259437499,10.698148403403149,1281.1656918870374,1278.3737566275997,0.010206472371575792,10.865279726691393,1.170287679212085,1.1600812068405093,0.01565678743401507,10.05982169282751,3.1365783566397987,3.120921569205784
3e3fabd9f9,0.17469044574866066,0.07230838029825082,0.17488144653173726,0.0738161747612032,0.2716913225725165,942965.0,98140581888.0,446.2,20,18,3.091,diffusion,True,True,uses A,transformer,nbeats_s,quantile,linear,,,0.0,0.0,352.5400134921074,0.3180142380427094,829.1038051570455,0.07521172176441553,2.825686327497048,0.06968182918475184,2.9879095377664,0.05635127536536784,10.213857333269369,0.25244328818702383,11.064715646586889,0.2919928401543665,0.002875743577279493,0.001665361030816338,0.0003806992152550267,0.010220478461813185,7.771895717929663e-06,9.287495290929203e-07,4199026.453729483,25188.419972728072,6233286.851627201,7830.617966626634,-149.1364294450069,92.95978287367238,435.8643773804481,0.21565666977127113,59.1353003581365,0.22107441692103347,0.07555773633955501,0.023375096452183282,-0.20751686257266075,0.03225170499998727,1237.2960111379407,22.595358897423132,561.8452351888021,5.379031447750627,0.09867720831546951,11.550396223460275,435.857746812965,435.75906960464954,0.6507855414077616,1.7509064448037606,1237.1660871978002,1236.5153016563925,0.002844429712265247,3.1428381569332005,2.9914445476971028,2.989961117204526,0.0047630133776290036,1.3147080757783174,11.080866833646937,11.078929507490052
cb46be3245,0.17058656771959632,0.06796955418229936,0.1725277806182968,0.07042739654405729,0.26538160551186907,1326791.0,185295201076.0,665.5,20,17,4.065,mixed,True,True,uses A,gru,nbeats_g,mse,seq,,,0.0,0.0,437.5421095639467,0.6271341161554108,1319.3473264835775,1.4563775310272469,4.7530286575978,0.524412149402202,5.624353538443676,0.6328635127453364,13.558586519244011,0.24204202468164435,14.903390018593475,0.2885836127883639,0.25748636971066996,0.15375590929493568,0.4053934845461547,0.21404989565450816,0.00011308273060953141,1.6095477071857887e-05,121260849.56600416,3687088.1941219256,135200632.65749142,6179803.840260279,-565.799309197969,195.18658365316952,453.0974776478977,1.629740980234809,54.7099787261751,0.11205127189878442,-2.4257101816346167,1.8351311783644102,-3.4900125696746023,2.764799007510606,1892.7663649248123,10.547548668162134,801.2539265950521,3.678738138284901,0.3375212990441507,35.782021391359336,453.09741265647153,452.75989135742736,0.7664202777889386,4.435798782480142,1901.3483607433675,1900.5819404655786,0.007724401053227285,7.128917820124623,5.6600448840829545,5.652320483029728,0.008150490901058424,4.426735950969253,14.987714800282182,14.979564309381123
91004c7cbd,0.1687869549485841,0.06848446750208007,0.16950642305764654,0.06997449609155644,0.26452692885896595,757199.0,233570091420.0,736.9,20,18,4.545,diffusion,True,True,uses A,sep_tcn,nbeats_g,mae,seq,,,0.0,0.0,412.8872793515523,0.2865952293579834,1381.8225862315546,1.4634960177667065,1.2318637524416165,0.07465210307704562,1.4609732333517276,0.06245529449455404,2.554378097045362,0.13005886833346245,2.898247001136338,0.10410037336215117,0.03925007137090577,0.015284917027800682,0.057248810381559045,0.016732198429218793,1.4860711265838214e-05,2.8531198587610173e-06,103165463.61865355,8418808.064136986,109860210.53766938,8886906.084735196,-260.9268316696827,75.50853387282476,447.0702435059945,1.9558735047511566,27.203564431932236,0.04255216418599377,-0.08666654041577487,0.018339669656211484,-0.11792240509286296,0.02200929194746955,2055.46691659954,19.13586043934958,800.3888956705729,4.950597486298851,0.09861988900568501,7.837067535270868,447.06921825398973,446.970598364984,0.7714930149803271,0.6062742483807027,2050.4568914117613,2049.894124241849,0.006680417296238843,2.952461186301866,1.4605343538389475,1.458399596581684,0.0096510092521472,3.744059023947115,2.896235219936845,2.891848020122664
09905ed588,0.17550367448366871,0.07103034028055022,0.17633997126598983,0.0731960358607378,0.27054765913002793,1512087.0,274268321792.0,676.7,20,18,4.065,diffusion,True,True,uses A,skip_connection,nbeats_g,mse,linear,,,0.0,0.0,428.8753382762273,0.11001452366989181,1040.7002467395116,0.35724161016289596,8.26038710961196,1.1917766659021654,8.765921862285031,1.2705908506044894,27.788187830180345,2.7631829796773544,29.81535971094262,2.9617763685353067,0.19653398398093105,0.14111774929197396,0.2471611597147972,0.1483581376997646,6.519738732129245e-05,1.7207829476235886e-05,23800049.995710924,2407146.6148118554,26988182.033136874,2462277.397984969,-495.0743761455154,120.43631997232427,453.29499491945415,0.49456972928639437,93.57886695861816,0.07325006247893212,-1.320594673559976,1.4228203347565913,-4.835115139554021,1.7378777548259559,1282.383321257923,10.576652600180921,684.8736979166666,6.739324294430305,0.10507704418146584,6.9181416946882806,453.29656453328016,453.19148748909873,1.014888128553442,3.4057426177125816,1283.9572811637324,1282.942393035179,0.0204396166627913,11.419811545203817,8.749311035422092,8.72888173708779,0.031550585922640074,11.291332690398757,29.728091259769492,29.6975699868424
437407168d,0.17114834873663984,0.06972516845856275,0.17169504135593608,0.07096475694115802,0.2663921112592451,1639833.0,234055880296.0,699.1,20,14,4.068,diffusion,True,True,uses A,skip_connection,nbeats_t,quantile,seq,,,0.0,0.0,515.5858386208614,0.3705670856554811,1458.5285847472649,1.8440177839411878,2.513729941075629,0.04926220314101629,2.718312182964054,0.0470142405386461,8.585277098796402,0.210435699472926,9.267886504754399,0.20852106751896282,0.056288517871540635,0.02522680140394206,0.0826027305450898,0.031103561573696998,5.3917623745794416e-06,3.559111496674183e-07,241123607.82566288,6751568.17127906,303665499.2118495,8395994.996525694,-660.0151309733034,79.37817791378262,458.4655483703971,0.913647286362469,118.84403234057955,0.10585704807849708,-0.020727651819937246,0.008953562243862135,-0.21998787986027676,0.0021010196854606865,1921.5889893642477,5.717796379432056,920.983642578125,3.268742129229472,0.03799678508463936,4.0936807321732855,458.4592893509644,458.4214345504279,0.3976488393965762,0.7811175226515531,1921.6328165802092,1921.3054437737178,0.006041241363117382,12.290411385938953,2.717575873184112,2.711534631820995,0.009978440294032017,7.556450558966162,9.268824946928847,9.258846506634816
8d11ecc4c9,0.17212643755746446,0.06895673262995089,0.1740883280628362,0.07182052748714589,0.26799352135293475,1675851.0,274353534976.0,739.6,20,19,4.071,diffusion,True,True,uses A,transformer,nbeats_g,mse,seq,,,0.0,0.0,565.9265207697948,0.5749061225406552,1308.6690564795088,0.7850467003681956,14.937571199541708,0.4759785102590458,15.941941054488572,0.4929953576272375,50.10370724137706,2.8969641196713445,54.20806622280537,2.9823774828695795,0.26439915731178204,0.10450339889600603,0.4030904817331244,0.13868561056519121,0.0001668627592923361,4.751859992702587e-05,256708228.35488567,20063301.327745486,265833364.81556478,19439936.943406258,-268.0736701321195,156.14473835885067,452.42763899098514,2.1453898964991915,85.82525589731004,0.16592685851817163,-1.9474580043964484,1.3794619780055222,-13.606866379517593,2.137159317147402,2222.490646138039,22.700195013408926,1068.6062418619792,2.231632437582377,0.14732614811420794,11.30638059741491,452.43166190788185,452.28433575976766,1.0372103495125582,2.871873407781019,2221.5874317945986,2220.550221445086,0.04999968702837817,22.528782694955087,15.858226054422857,15.808226367394479,0.06870398472539326,15.31622144164118,53.93999160002714,53.871287615301746
7aaeb7801e,0.17533111178342495,0.07020991254599035,0.17710463612149147,0.0728530706170118,0.26991307974422396,858883.0,240617957788.0,604.9,20,17,4.527,diffusion,True,True,uses A,mlp_mix,skip_connection,mse,linear,,,0.0,0.0,292.5529616077741,0.21285893800125946,929.3452653257797,1.907003765162501,16.633513781959966,0.871466874593618,17.732998522785547,1.0072430574669875,58.99285078351594,4.129180191758348,63.92745364201954,4.607981988049001,0.25298184310152494,0.020319007169282796,0.41048976097997963,0.02875712224450173,0.00022478405966527937,3.054236269885583e-05,27275030.734594103,2317476.4373281375,29410751.89620271,2414476.8759214343,-160.12332094598628,64.92118293509573,455.65029222815537,2.046282902445388,53.38701305124494,0.115559374201373,-0.5118198833920271,0.17603661481066998,-20.431027343081098,4.1333233549987405,962.6255667936747,9.305250010793907,500.97413126627606,5.738473785127958,0.043831655705237914,3.9903448825031744,455.64230728403146,455.59847562832624,0.8594803113945014,7.460291279586306,963.5584143279666,962.6989340165721,0.01719169925333001,9.077147768629994,17.708024120425588,17.691708296205036,0.03121367635707865,8.890304371709174,63.84288782736068,63.8127112118954
a428de15d9,0.1717977626585953,0.07040587363951983,0.17194280524445044,0.07176322947151026,0.26788659815584326,1158305.0,161987885876.0,581.2,20,18,4.555,mixed,True,True,uses A,tcn,skip_connection,quantile,linear,,,0.0,0.0,428.77427885433036,0.6190630538282261,1073.3544329802196,1.4587544545430666,2.033342664764253,0.06340136137396878,2.1637844334438214,0.06794355942691883,6.884465114807355,0.16592441371160932,7.4317047641097025,0.1611801500416867,-0.00560024812794475,0.016592907478520734,0.0002502799654572699,0.01756107285223343,4.384644333661092e-06,1.4060465279429515e-06,26430365.450531304,3812890.8250156427,27993158.318665504,3875985.824321049,-246.03068227544563,141.09114171670544,450.93563449128595,1.7961594643834502,55.07422496212854,0.0661987595145206,-0.05765917799473941,0.014849098990299642,-0.42944678825271093,0.05312062126076287,1430.594293784506,8.023342330401452,693.7414143880209,1.4436788264236253,0.2618439092005171,28.074717635150108,450.92698723150284,450.6651433223023,0.6940212968274864,2.6602866696040555,1424.925453365538,1424.3008112974178,0.0055444537157757585,8.660495190268804,2.1605902316812977,2.1557184837625436,0.007852454734009306,7.495302677525405,7.418071158019594,7.410218703285585
7f9c8dbd52,0.16883104463200987,0.06833873768864848,0.16944670577602572,0.06968593946856108,0.26398094527552757,1168817.0,241339620968.0,756.2,20,18,4.556,mixed,True,True,uses A,lstm,nbeats_t,quantile,seq,,,0.0,0.0,458.54019538064796,0.14068248567696737,1410.2622648105025,0.36075071730054176,1.4903950629215312,0.10028560432590926,1.6393906089666974,0.11632201800250326,3.9371991634323322,0.12788399406597506,4.233841267377648,0.14113703480252202,0.02714649236843932,0.024566261694247235,0.04487653588527607,0.019618705594376014,3.8117766322305404e-06,7.159239303749478e-07,327153224.31047136,26983177.39916582,351977947.88851017,23205297.502230864,-466.9423292396263,105.24605755934905,457.53517325475997,0.17326680027542823,53.458560241593254,0.17668123476718192,-0.043938963280237615,0.019166858372160308,-0.10687366921025315,0.021439790128720045,2183.6085120321895,18.367750702194492,909.3123982747396,4.345263344541814,0.13739768940346644,14.621420554899197,457.5325013896373,457.3951037002338,0.9678498263363812,1.564279330396213,2187.5685695615152,2186.6007197351787,0.009987493720705473,14.26655414228884,1.6387991666165849,1.6288116728958795,0.014792548874423161,14.226063412067253,4.236050153043461,4.221257604169038
7e94b654af,0.17123667797539524,0.06801197711809615,0.17319375289239686,0.07068070391801844,0.26585842833737366,1170063.0,203079830324.0,643.9,20,18,4.056,diffusion,True,True,uses A,mlp_mix,mlp,mse,seq,,,0.0,0.0,451.61875859399635,0.3665384263962357,1122.3116353365283,0.8198770770661713,6.548031287328437,0.42841609065435277,7.232751539662318,0.4333040688140064,19.24775190438442,1.4770292735497124,20.967886849497713,1.513496670226186,0.15009459124665062,0.03248732858694998,0.27516756831077344,0.06333074826909452,0.00011385122771845763,2.592186878288802e-05,79678977.75686389,12112334.103742398,83748388.20293798,12682801.661216639,-123.49269486961303,28.199248454607652,446.4018579858578,0.4284419545199644,60.18303884400262,0.023268418854483098,-0.5056819724534799,0.26790351842668336,-2.990549263718176,0.44737936252366134,1742.3288313857995,7.023255248781497,826.9469807942709,1.0229248970597977,0.11357885758972468,9.96998584468237,446.40200759322005,446.2884287356303,0.7849548096091136,1.0135786415593595,1736.1570020530469,1735.8072427973964,0.027017440868037628,16.31953369146805,7.178965971002492,7.151948530134454,0.04167901358237339,13.817334755845764,20.828064422768207,20.786385409185833
6621a7f832,0.1720077296143352,0.07026478344819641,0.1720404901597219,0.07143291332198812,0.26726936472777446,883239.0,261660276328.0,681.6,20,19,5.023,mixed,True,True,uses A,gru,nbeats_t,mae,linear,,,0.0,0.0,283.4532111386458,0.19279789078195556,1056.195791841795,2.555856406020604,6.534568359869506,0.2864070748902511,6.947873752532073,0.3345139261576259,22.220530194565722,0.9837056584220988,24.079623433678208,1.218257912033634,0.06601150599496046,0.015125712612000275,0.085634428510822,0.023294116170810373,3.237858603239934e-05,6.006496088619174e-06,16293795.373157173,1493679.178149012,18825025.515241724,1618776.8761412422,-221.9959730724422,108.89194761094542,462.47987439428334,0.8883205028799193,71.54552404085796,0.30731942493681,0.010933385567342182,0.0776272417542085,-1.3451368321580481,0.1443709487894333,1180.370104889099,12.496213421375227,517.948476155599,4.973224742639764,0.19825903846160978,18.916331161806042,462.47677448665553,462.2785154481939,1.729531815258876,3.713953234087566,1177.6112013373968,1175.8816695221378,0.009507116542842198,6.040150336586959,6.920232194277758,6.910725077734916,0.017333457968562744,3.3623722398008917,23.961137178723813,23.94380372075525
7d5520d562,0.1724980954783769,0.07053313743005006,0.1719501501951878,0.07147942906198061,0.26735637090217357,996827.0,202745473844.0,538.6,20,16,4.053,diffusion,True,True,uses A,sep_tcn,nbeats_g,mae,linear,,,0.0,0.0,326.15605759620667,0.2091894183551255,817.3609185681368,0.5974579917777871,1.428926489383836,0.01724418608062562,1.509435498618073,0.02265830562514092,3.8539783807247416,0.03402039307664019,4.082501488325799,0.027935961429411245,-0.0004012886094433288,0.026736621054141253,-0.000649926281585928,0.03158082850061785,2.345612662858362e-06,8.90425248106494e-08,26178948.89312622,396325.9691746861,35421687.49397946,564820.0468824118,-6910.121428306721,3211.6935365242757,444.9915983817227,1.958562822537958,67.34405303001404,0.06515229134423398,-0.06907458394971844,0.019575380202482687,-0.10941174586594364,0.018374192632167965,1029.8484865958274,4.709040042241282,565.8517456054688,2.568281860052107,0.15285853525909943,12.10086241662604,444.9953147630945,444.8424562278354,1.0201786203826941,3.127454212862812,1029.8210284692784,1028.8508595190176,0.003521870041267435,7.917497826681056,1.5072103250809807,1.5036884550397132,0.005829969055257382,7.235694633926082,4.080945166826079,4.075115197770821
48f64d37ae,0.16995765022034703,0.06895249729522707,0.17031390974037847,0.07036618556134756,0.2652662540945372,793217.0,70726245992.0,599.3,20,19,3.101,gcn,True,True,uses A,mlp_mix,nbeats_s,quantile,seq,,,0.0,0.0,425.5278344253699,0.5920910077627076,1358.2561484862429,0.7161715377484409,1.8366286042207018,0.08961578813423422,2.036982523851918,0.10234143652519155,6.153670644621478,0.3499629246687436,6.721082538336295,0.38953290929076967,0.023907148789768504,0.009764339544033367,0.04287693846308647,0.019309955638085824,5.262740853419964e-06,2.3824512639425432e-07,13702298.367408713,363859.87611165305,18178667.46823815,430479.96711816394,-450.77936097754963,291.2072026058846,441.51816180689974,1.356441182740147,38.50636382897695,0.07602540588443024,0.03037516964810787,0.011128939642423312,-0.13526138065546672,0.02291391760305168,2180.71285107007,4.786819649356607,786.6240641276041,1.2212514946002289,0.14802345109071288,37.861696946036545,441.51590484460365,441.3678813935129,0.3122750828250294,-0.19708992446583504,2186.2290244795004,2186.2794403432285,0.001037257750349611,-0.5497386823292207,2.029711003482605,2.0299841818924986,0.0013097930016513122,1.5590526183838191,6.687284326594556,6.687103114052278
f7b04a7e53,0.17496033224770452,0.0722119042559874,0.17553605363768768,0.07344192048288058,0.27100169830257625,1004615.0,244180131432.0,600.2,20,19,4.046,mixed,True,True,uses A,lstm,nbeats_t,mae,linear,,,0.0,0.0,279.0875380039215,0.03501107113617084,910.1113984286785,0.1445020238824109,1.8800202071045835,0.20419641147793627,1.9883838252107406,0.2253623853215605,4.080674399919756,0.3012746003218495,4.316446504796225,0.33403622774645214,0.024647286148898218,0.04569702345579372,0.033655753857319545,0.04766321397034414,5.524898871789595e-06,1.542917893122355e-06,69058553.08700655,6367604.154278799,80368185.33650166,6694356.827960375,-1151.5973204571703,736.9415995592304,457.9812596880848,0.2950084337865146,66.44056990411548,0.13293459638548114,-0.30597241314958196,0.1489159163942966,-0.35700613325932434,0.14933288008956475,1016.2111839272853,4.760906865188334,523.6941324869791,1.648123135153173,0.16428236101859284,18.181393567378944,457.97723293579,457.81295057477143,0.4921010040271388,1.940639477969186,1015.6690653281153,1015.1769643240882,0.012691410661565428,11.683978352418109,1.988875082031537,1.9761836713699716,0.018902627177779834,11.72360076467257,4.315893226548972,4.296990599371192
a0cc490e38,0.16854499097074718,0.06833667568670004,0.1693416127385085,0.07008392380082014,0.2647336846735227,1580999.0,189638259508.0,724.8,20,17,4.558,mixed,True,True,uses A,gru,nbeats_t,mae,seq,,,0.0,0.0,489.44922504822415,0.45716776318894764,1562.7491228332121,1.021393846433398,5.063692890767318,0.5059050376457773,5.43525761588793,0.5171309154426552,16.727558087064157,2.1027179805537,18.124935001207174,2.1815120050387904,0.06582495928196111,0.02488395290284674,0.09108086288032036,0.021728874778011595,2.022295395339566e-05,1.8947394991204295e-06,30723383.459411632,1352117.8763407953,38827594.51819219,1594441.65411505,-544.8388710512392,232.82781114028532,460.6551992465952,1.4958275759689028,82.61279502179889,0.058704431794454184,-0.19122202781693295,0.11656326892533941,-1.2842331559108904,0.3963086604941615,2254.7990170461244,7.354934142112355,915.63232421875,2.0882101757096034,0.31840100689178524,39.9300677198549,460.66452226994636,460.34612126305456,1.6151843179618481,2.0656790957821642,2253.0160226091693,2251.4008382912075,0.0071294286734016055,6.424082517358172,5.439406171049967,5.432276742376565,0.008715337275703542,3.3563125278793793,18.153508615436444,18.14479327816074
2b454a4969,0.17291873532274651,0.07066742712034711,0.1733507261965718,0.07194507532138582,0.2682257916781789,750047.0,401563483752.0,870.9,20,19,5.021,mixed,True,True,uses A,sep_tcn,skip_connection,mae,linear,,,0.0,0.0,289.3025659670432,0.11272058674205238,955.4664010678729,1.207229339900665,5.641180533127151,0.7080039576792277,5.995497392077418,0.731072991746935,18.826850058260536,2.1585183087794513,20.41349078555449,2.2682042177095902,-0.005911249193192851,0.032313127555075566,0.018821523300268622,0.0313150891717013,3.215216707458518e-05,8.139421456349635e-06,402198197.3179059,15257279.442451837,416337231.13304013,16011966.359085476,-550.2726836657381,169.5964654760011,462.79288048948047,1.1571813084481297,47.80777842468685,0.15408783416997107,-0.27186102503942655,0.20601121260857683,-1.544103348899115,0.47687209972949546,1141.137905464557,3.4182302024412685,534.6536254882812,6.791679111471261,0.2174462632315226,15.318960790028276,462.7964422136454,462.57899595041386,1.2180753682873728,0.5057380762750713,1141.4082834278702,1141.2164800358446,0.02205041200152961,8.884825809360079,5.978721308261228,5.958405319324097,0.03149455058755398,4.34173564054917,20.35909731174824,20.336980601864646
e80b465402,0.17431328841633653,0.07234418222386943,0.17418669439390538,0.0734684321563125,0.27105060810909926,709535.0,53095915520.0,370.5,20,18,2.612,gcn,True,True,uses A,sep_tcn,mlp,mae,linear,,,0.0,0.0,311.0441549172004,0.4208064849385112,648.0278537279615,0.49812862431847676,0.8256740132970132,0.10845521292319436,0.8724588204945523,0.11419027703457707,1.4848355718847088,0.19634801843255786,1.5455682867911598,0.2083766354460274,-0.016995766698497013,0.03551770586558999,-0.013461266987908541,0.035999353450595115,9.68898287741455e-07,1.616048731186284e-07,13923589.272849634,125142.70396808705,19245100.779782753,139484.53610788268,-10509.907595425873,6708.581393085839,431.2839948449212,2.1636423872632773,42.635245786772835,0.10946376859866525,-0.056599396178306956,0.02660886596226524,-0.06129579795466162,0.0261030353822332,1119.9660348054501,4.8380199126081544,588.9839680989584,1.563032143363468,0.39050631940222047,43.17524293061564,431.28174215182065,430.89123583241843,0.7954254764341234,1.6875531996484874,1117.291275235085,1116.4958497586508,0.0034300611127775125,11.250842450939963,0.8710336315039933,0.8676035703912157,0.005016699658504449,10.512285943060524,1.5440572456684134,1.539040546009909
0a41278398,0.17559042894452656,0.07056867063443953,0.17606610421856292,0.07234315112468538,0.26896682160572405,163259.0,267521385268.0,557.7,20,19,4.04,diffusion,True,True,uses A,lstm,mlp,mse,linear,,,0.0,0.0,123.11822696526845,0.21406970257261346,416.33765515809256,1.0492772869270806,2.3774715059504765,0.4339011127879498,2.5429858541329753,0.456785052222929,3.3224445961609863,0.5973444220974261,3.420163542017182,0.5978485464031165,0.09648666463951533,0.11375790887990285,0.1069536440711934,0.11434364189161335,4.6242936063253685e-05,1.1297945548872832e-05,91721239.04366021,7225927.27394476,94609517.02380224,7565129.50976515,-1094.1096914159623,264.94561089462195,436.9697901555678,1.933732966464353,23.947978960143192,0.21735670519679628,-1.3172483087042077,0.8983415492264176,-1.4345106112754973,0.8635223362427346,647.9673722084455,6.566979378051834,289.67588297526044,4.008678948530143,0.12231446814394076,3.756064649918091,436.9689992672589,436.8952670297289,0.3396704811206443,1.0663372327106135,647.7897480489019,647.4500775677812,0.0415557879143306,17.960718496552452,2.5435978457658655,2.5024335704790097,0.056324893598565406,16.23755291824219,3.4200825116044515,3.3650035523686426
ad2f772ce0,0.16791412515938736,0.06807295973541454,0.16940136997986535,0.07016539139127674,0.2648875070502132,1358831.0,124734688052.0,594.6,20,19,3.582,diffusion,True,True,uses A,gru,mlp,mae,seq,,,0.0,0.0,441.94868806997937,0.33990850305971576,1344.9096469158928,1.8413552993710245,4.412903562440381,0.1304415708014941,4.881226417001072,0.17504919742728767,14.343320193093442,0.2750252530655448,15.767617892827259,0.3617437910720348,0.06607050569315627,0.025338135836929867,0.12157995232565665,0.02799262624581531,2.697596157245536e-05,4.367840467778462e-06,8332901.108637966,7697546.898557147,9501158.43496549,8267424.057446638,-99.68514411300411,33.75857474066426,441.86589195514017,1.4969092798193693,94.34553419219122,0.18717935419078088,0.0666234381701336,0.049920710041175875,-0.8093927524701777,0.08614169407708776,1977.8179562357172,16.031646644133176,846.7756754557291,2.1290512883265515,0.04004817238577137,6.356562978537486,441.8803151765399,441.8402670041541,0.8106468978247298,-0.03737249990276629,1979.638120797934,1979.6000716333251,0.0023555843267241507,5.226415821697607,4.883529586008,4.881174001681275,0.0043462617607043326,2.9227075557938744,15.817520952883704,15.813174691122999
8fdda23ea9,0.17442848405027345,0.07013464105759519,0.1752512047784731,0.07219385144777171,0.2686891353363059,1434635.0,169675776820.0,564.4,20,19,3.59,mixed,True,True,uses A,sep_tcn,nbeats_s,mse,linear,,,0.0,0.0,420.0112222780784,0.17661749301573265,1138.3275016217183,0.8992420436806392,3.207629911307322,0.5938909588043182,3.426883062852749,0.6504432377009794,8.580360948292627,1.1961255329788467,9.123668403522599,1.2801339017022542,0.009846998320178149,0.033766094492162946,0.0398409365131362,0.03052854938820785,2.1793595495680883e-05,9.403937707051789e-06,35752510.91539495,1492706.9646292103,42226920.418417886,1468406.9374965837,-1974.3613742304049,1314.2830657439843,457.58974535390706,0.672104435262941,92.75702442063225,0.032014878006081784,-0.7603408653034665,0.7082379871538024,-0.9110073451869883,0.7236352962974836,1479.138730494138,11.76464384376306,731.5555013020834,1.7739271058992518,0.14933340675243775,21.526882845003403,457.59236808770197,457.44303468094955,0.37500714046351885,1.6434222702950603,1476.2345575298941,1475.9732995955287,0.007160013360052749,5.021994392838066,3.42265444704587,3.418740675203705,0.009432508433802056,7.846938075022962,9.117010845113956,9.110127307958699
1d89a0d0d9,0.17038765395259972,0.0691483371441975,0.17117732584041928,0.07089511946948157,0.2662613743476165,1333923.0,165678432256.0,596.8,20,19,3.582,mixed,True,True,uses A,gru,nbeats_g,mae,seq,,,0.0,0.0,439.7817379832268,0.25243855616796773,1108.2834623754025,0.590132085602161,6.0735796022539335,0.0910563708830765,6.566477704899241,0.10117845900844341,20.563665709592158,0.34741447695490124,22.285178114228994,0.33801474702851414,0.07527631201063019,0.016109820105895678,0.15049067524732482,0.010465005478070227,5.503060681520347e-05,5.289361661630271e-06,164234779.22558668,2585968.9828544287,220034494.95202336,4403651.525313188,-175.92775024261599,156.14600908744066,455.8485963146534,0.9586010985236116,67.2300615310669,0.03691573775028958,0.314908916310672,0.17433059694891043,-1.807670255764635,0.21174271023033672,1618.1903313062842,0.5581977398574227,763.3774007161459,3.029685136918612,0.3700575997175785,35.73440157261835,455.84175561902015,455.47169801930255,0.5089440834336377,-0.3140788223968458,1615.4827790812053,1615.7328110440776,0.005294009028713613,3.1322581247741517,6.5654588232988065,6.560164814270093,0.009402744174520214,1.6073677176285979,22.27111726878308,22.261939463115446
29d1f68347,0.17200839047698546,0.07033688474284665,0.17204433096570493,0.07154636277861323,0.26748151857392544,1296961.0,247653423924.0,665.2,20,19,4.558,mixed,True,True,uses A,lstm,nbeats_g,quantile,linear,,,0.0,0.0,401.2557723224163,0.5060612226029803,1063.0918386403162,1.003964911176768,3.038094952037985,0.15060157678233568,3.2199830070356312,0.16095740330265754,10.602767470761341,0.44688781688824436,11.434739519808426,0.48201456774248613,0.03070199690673341,0.02672533679376312,0.04993206163511282,0.040137633320468116,5.0118165375513585e-06,8.650163236046429e-08,27176136.915456727,2241018.5329316957,30047075.091674805,2476689.933389551,-263.6958377561319,52.66268993261603,458.2086423627182,1.635821865963823,85.5725014872021,0.07610068492553902,0.0013927265859466121,0.027839579503866313,-0.4892957908553179,0.050457949300659784,1425.9560729922653,9.88513091707348,692.8534952799479,6.4113198440850425,0.27513407937099527,30.11945342404205,458.20764124924114,457.9325071698702,1.3010089989140095,3.392755211958645,1429.432437768884,1428.1314287699702,0.004269375179727142,11.346775606574498,3.220670265214719,3.216400890034992,0.005827254939955988,5.1205924298506424,11.451038327283134,11.445211072343179
53a4261e88,0.17448678591880926,0.0722721161581723,0.17481506394079796,0.0736433784788608,0.2713731351458003,1154087.0,244689656628.0,661.2,20,19,4.055,mixed,True,True,uses A,transformer,nbeats_s,mae,seq,,,0.0,0.0,412.23355222741765,0.254823906463071,1088.5001548087846,0.734106261752784,8.527615229366821,0.3248977415394703,8.998578105734738,0.35842100228292856,29.83172991865946,1.0547511686879754,32.247251486041925,1.031471286687806,0.026648310038424782,0.06743546643756182,0.04629898585716865,0.07722966696190595,5.212479289209971e-05,1.1876506315530014e-05,33265537.996273827,1524693.1478569403,36469873.99794194,1627403.4685398354,-115.66555313824095,44.252667343594716,457.85087679729935,0.4518984569245887,65.3667763736513,0.07358072090342513,-0.016636035283380906,0.19604892725952625,-3.794156991346583,0.9435150208181268,1597.1139953853733,10.68328812701375,759.2002563476562,4.833381707998292,0.20487382019530287,19.930756548797888,457.8476057180268,457.6427318978315,1.1186426117381718,2.7769072519465587,1597.5401758523158,1596.4215332405777,0.01309802333981421,7.918592919907924,9.019994230958734,9.006896207618919,0.022444439298147028,3.747893872205605,32.299110036071646,32.2766655967735
21681cdd05,0.17699074661865744,0.07401888805549944,0.17673470409426337,0.07497052344994876,0.2738074568925192,1169661.0,80824741480.0,506.4,20,19,3.107,gcn,True,True,uses A,lstm,mlp,quantile,linear,,,0.0,0.0,409.6245034088691,0.37137425249979006,1263.9429437170427,0.42770419545333704,2.4527663818200485,0.19074788274257254,2.598992671055566,0.2008698913806351,9.000621822998392,0.916973910167627,9.729641650528684,0.9329355090982818,0.010364525411183505,0.009728614694823483,0.01560252521502826,0.018375417619589662,4.510276133497497e-06,6.567361545355256e-07,3403621.256646249,64747.46134134244,4399091.663489535,83328.01765927198,-105.48180025545008,49.65598515374123,448.0054124325548,1.5348013958779112,92.44830110338,0.1352431500162702,0.029625773671867445,0.013845976983919539,-0.2251168248577798,0.07146656221887836,1652.871446931982,22.332516909029756,687.8530069986979,5.7107701253854675,0.11608634038045314,41.503059507660545,448.0108689684965,447.89478262811605,0.07953356776655103,0.1976279782712926,1649.2115650502244,1649.132031482458,0.00027203977182521655,2.3402736733085594,2.603057944680437,2.602785904908612,0.0005427573388422738,1.3287858214416928,9.742331257683821,9.741874851089381
8acc33c7fd,0.17186690108531952,0.0699503703800714,0.17280247039812305,0.07156884790661848,0.2675235464526786,1129265.0,60347203176.0,444.3,20,19,2.604,adaptive-only,True,False,control,tcn,nbeats_t,quantile,seq,,,0.0,0.0,344.93215874830884,0.28533869911582643,1075.9574224675696,0.9235016571003151,1.8376324634967507,0.26679883405852695,2.0181582780729763,0.27832896261001766,6.148313182988339,0.9496552909181498,6.7129018542663195,0.9785881345764921,0.0213030194139491,0.006439262861750117,0.03256354947941307,0.01207167676323798,4.561284916653157e-06,2.2527738369242958e-07,83712314.25181812,4173453.101270341,93459252.54692988,5865752.30823534,-110.71108662952383,58.99710818456219,442.6823795037922,1.7026955709579261,76.6264502339893,0.20907927354522818,-0.01428873638648138,0.026662903045851036,-0.21139187952763747,0.0649298533226013,1410.7413568456504,10.809435380507503,628.9296671549479,2.2210920230612623,0.0,0.0,442.6822468059839,442.6822468059839,0.0,0.0,1410.5936795828043,1410.5936795828043,0.0,0.0,2.0143895037633537,2.0143895037633537,0.0,0.0,6.699577277833982,6.699577277833982
b5e90f1f33,0.17139080083051447,0.06960251700983189,0.17267118202452236,0.07124589030536962,0.2669192580264107,1886541.0,53736268596.0,455.1,20,18,2.14,adaptive-only,True,False,control,tcn,nbeats_g,quantile,seq,,,0.0,0.0,521.2366417050362,0.39535378604461174,1297.12631535111,1.2580907729081043,3.05126623728817,0.25511248853964086,3.2684950199951843,0.26649070112470774,10.578371031181625,0.7697657006937005,11.435760557436545,0.8748592215982363,0.019923948659011436,0.01024079877712177,0.03916456267900623,0.017607407678860147,6.557169971821861e-06,1.0502460625337234e-06,25064778.310884964,667279.1512000452,26941593.717610855,881162.6314657817,-112.31495640672914,42.76614004318866,444.5064261989569,1.5701089600308642,109.41332976023357,0.09338744717394887,0.045446666258586704,0.005459628826352522,-0.2317776470089712,0.06088123696188249,1839.0997890277456,7.959912914540232,914.6963500976562,3.679926239187202,0.0,0.0,444.50094689344576,444.50094689344576,0.0,0.0,1842.4681708462087,1842.4681708462087,0.0,0.0,3.2667772976618217,3.2667772976618217,0.0,0.0,11.426933668704285,11.426933668704285
d72df2a41a,0.1739785329834084,0.06973958386046587,0.17488328728684532,0.07196419227999587,0.2682614252552831,1564955.0,49671652148.0,432.1,20,17,2.62,adaptive-only,True,False,control,gru,nbeats_t,mse,linear,,,0.0,0.0,414.80076260864735,0.24213873606997238,1241.0478893791635,0.9252217049128808,23.021052912032854,1.1201848760953403,24.234474184863178,1.177073494734355,83.53076898857442,3.3290263891870335,90.09914563274681,3.5238039729565003,0.058570309423209864,0.03215276005415052,0.10500950381053786,0.04877491506472603,0.00025702574420450333,4.492763124934052e-05,4470657.846717936,45764.11996483025,6646987.1921932595,65103.35544983166,-125.55022445776301,55.61452044929008,445.2606398196818,0.2223635353424967,93.82607718308766,0.20504792008112682,2.2768837812831126,2.0702713908544355,-17.4103281947044,6.398754700873187,1460.0459482220351,11.447053730953902,676.3038940429688,3.154523869664124,0.0,0.0,445.27774533578344,445.27774533578344,0.0,0.0,1459.2135872978708,1459.2135872978708,0.0,0.0,24.2995343369877,24.2995343369877,0.0,0.0,90.273680557377,90.273680557377
6fb3014714,0.17220094192357674,0.07055357131406334,0.17266017031988282,0.07221000847086437,0.2687192000413524,1326557.0,63589391976.0,470.8,20,18,2.627,adaptive-only,True,False,control,tcn,nbeats_g,quantile,linear,,,0.0,0.0,438.5650659352541,0.2126841770595508,1256.6941565747063,1.4480133979706247,1.490649675950711,0.09041781220257128,1.5815285485544919,0.09881285831118172,4.885089796431648,0.1493045245761227,5.2375202111117,0.16581021609332733,-0.0037052403869585926,0.02424413811676297,-0.004886542898739876,0.024228852383826032,1.1939072743028791e-06,2.2734593096903668e-07,13543964.953285864,217504.59812194083,17574621.582540493,309455.9073762671,-477.47447107216703,224.87502492358004,441.86538241241396,0.538855408660193,70.97937842210133,0.1349290604561846,-0.010319136194798956,0.011268403559708085,-0.0866224721537268,0.015149121359328948,1506.7613189348779,10.212175949181932,702.1753336588541,2.447758671551962,0.0,0.0,441.8614946765124,441.8614946765124,0.0,0.0,1505.5545268339786,1505.5545268339786,0.0,0.0,1.582722142638021,1.582722142638021,0.0,0.0,5.241070890814322,5.241070890814322
f5beec4fe0,0.17466081358748198,0.0726858467515643,0.1747461767778941,0.07389153473142575,0.2718299739385371,571349.0,8277047296.0,307.4,20,18,1.22,identity-only,True,False,control,transformer,mlp,quantile,linear,,,0.0,0.0,276.97730019688606,0.22810079759478713,563.785636578997,0.5966620828199226,0.4203642864255623,0.030515953989514743,0.45635317432464007,0.02983411959076095,0.9867991517340365,0.03147570022053232,1.0501980459950002,0.028527304768482357,0.006149028633480759,0.008919934311483066,0.010045532788155617,0.00723042114130856,2.9052814484689614e-07,4.194767287269852e-08,13185380.045544535,155362.55640235788,16607902.943091938,271749.2442667312,-2134.725955874623,1861.8741609706951,378.77663066288915,0.12679632786164088,26.71351791752709,0.1627852326220692,-0.011122121169020683,0.006019608988567051,-0.01672746721045279,0.006173698599706315,930.7201767086123,13.224320427624697,420.39613850911456,2.930438949993686,0.0,0.0,378.76809326013165,378.76809326013165,0.0,0.0,924.658342755231,924.658342755231,0.0,0.0,0.45543527636620346,0.45543527636620346,0.0,0.0,1.0490129566369253,1.0490129566369253
c1c2c8661f,0.17396669765802475,0.07133429974489609,0.17480072006130565,0.07299646079757524,0.2701785720548083,536605.0,90475056336.0,443.6,20,18,3.56,adaptive-only,True,False,control,gru,mlp,quantile,linear,,,0.0,0.0,205.3184685409069,0.392543655962084,936.0986995796362,1.2259140409594664,1.4696687640510693,0.17841258787407574,1.5597208557846833,0.17675757755378593,4.603611225637434,0.5439852715142818,4.976220072044658,0.5407540950059578,0.007613004673132533,0.011932642051056663,0.01094263015968916,0.01592577837618235,3.179984772629566e-06,4.816369220040248e-07,37948362.1455201,1446052.5760652728,43723672.362951495,1458531.8014845757,-715.0477868893558,171.42369215410253,444.235660540156,1.8680375915891758,43.69842117362552,0.1636764032016834,-0.024662592717560217,0.02849384719776924,-0.21279763917227645,0.04799506473869402,800.1966836614666,1.032623199953784,331.2578633626302,2.7888653453913403,0.0,0.0,444.2402874652467,444.2402874652467,0.0,0.0,800.537172258031,800.537172258031,0.0,0.0,1.563440428660981,1.563440428660981,0.0,0.0,4.97985513580054,4.97985513580054
9c9efcade5,0.17455236403205335,0.07173550128483983,0.17462663261959938,0.07303331513523621,0.27024676711338513,177047.0,42658205288.0,310.0,20,19,2.6,adaptive-only,True,False,control,skip_connection,skip_connection,mae,linear,,,0.0,0.0,131.57285685340563,0.22240509219546306,448.29280966023606,1.3266264742846998,0.592477951470452,0.06385181950925599,0.6438737572389687,0.06769299919925909,0.790575067623981,0.09469562197848838,0.8308406418594507,0.09127616621309395,0.01389210696226694,0.011042900219631556,0.018345569830109418,0.007928115768059671,3.3367758554984397e-06,2.3093120573132742e-07,994532.0848009497,41952.097368260234,1088041.8911906423,47128.8651633133,-1674.1348249532473,1607.6138620742029,413.45616748668334,1.5077368925493602,11.845717059241402,0.06680839676814594,-0.045401800539427585,0.03334150703165368,-0.053294944639414844,0.03259921903153828,470.82857349098276,2.417575748949063,216.24298604329428,0.4729106947140014,0.0,0.0,413.45565088201323,413.45565088201323,0.0,0.0,473.98472478570795,473.98472478570795,0.0,0.0,0.6462105075488723,0.6462105075488723,0.0,0.0,0.8344040761409861,0.8344040761409861
10bd3bb6d9,0.172201940047817,0.07052906996317816,0.17233692321423916,0.07174449843124804,0.26785163511027527,1426283.0,46356515636.0,432.0,20,18,2.141,adaptive-only,True,False,control,gru,nbeats_g,mae,linear,,,0.0,0.0,391.6901303877433,0.15432008832716845,1214.5204376069207,0.5913859321211344,7.4258158262309735,0.3097223979905372,7.837331521157051,0.33257952023021475,27.43046763639136,0.821832330858873,29.61402725472477,0.8905041987091367,0.02377846349250698,0.024112551503631854,0.040244815466729006,0.037992333134413414,2.8233063744502287e-05,7.050547371701965e-06,9278389.849132525,170116.2129608441,13748476.39212443,244120.86383063055,-123.17190970383922,77.45894679133053,438.71463040614464,0.5140015586162834,87.34569072723389,0.03592809796740196,0.17345822852525247,0.013504950308805597,-2.3470261763396825,0.20683049241517845,1439.369756552295,7.85587145867474,637.7755533854166,1.5044264750968888,0.0,0.0,438.7414692848712,438.7414692848712,0.0,0.0,1438.3277419998717,1438.3277419998717,0.0,0.0,7.836941331826052,7.836941331826052,0.0,0.0,29.623203254450477,29.623203254450477
3e738dfe1d,0.17470240538169532,0.07260977344848363,0.17494197111952492,0.0739580993772567,0.271952384393402,894557.0,15606685696.0,323.8,20,19,1.222,identity-only,True,False,control,skip_connection,nbeats_t,quantile,linear,,,0.0,0.0,307.28089824318886,0.34468011628942946,691.6800392667452,0.2693861208783786,2.5705203536284293,0.358837080633526,2.7180014936253953,0.37105532341103215,9.024983306014995,1.4120733601711724,9.731516202376968,1.500696257330609,-0.0028363829707159353,0.0015845169717959861,-0.0029711804846262574,0.008872542284423142,5.218341666931251e-06,1.493759833358999e-06,775557.6853768803,20519.94194792552,1215160.7732000563,18071.889603754196,-136.43190482045677,82.6414894237616,415.3657284593594,0.5348386529056737,71.0809927648968,0.33459147409878365,0.004154074114678057,0.05342064691604469,-0.459781467284807,0.22603590296878262,986.2602772233354,4.522173336218892,471.90904744466144,0.3571260252164624,0.0,0.0,415.37989174347933,415.37989174347933,0.0,0.0,990.0555112794613,990.0555112794613,0.0,0.0,2.719587455421903,2.719587455421903,0.0,0.0,9.740156364745577,9.740156364745577
cb21459cc2,0.16923434000923002,0.06872431008160494,0.17066773531431126,0.07084802006748149,0.26617291385015396,636719.0,70693974428.0,491.4,20,17,3.088,adaptive-only,True,False,control,skip_connection,skip_connection,mae,seq,,,0.0,0.0,267.3020613640547,0.30286393061194067,1048.2731089244287,1.5324650233727763,3.2820247702184133,0.05975795906895045,3.522700476706742,0.06657928303928362,10.194228050400808,0.1439566055996529,10.984482841602224,0.11826199456737349,0.04169418384529692,0.01341180571874598,0.07663573493600796,0.020859344773738672,1.4328439789825567e-05,3.9231207546206744e-07,8261014.419263673,244981.88092039732,10677375.328003062,291822.6554466804,-257.44079065062914,136.23695853407241,439.65858145076544,1.3347428018796608,37.01541716522641,0.14796737284789316,-0.030298463665090546,0.06344886066534637,-0.5829230970777146,0.05655388420694825,1307.2398127363206,4.875343527087519,538.5407511393229,1.9070589749674869,0.0,0.0,439.65580842523184,439.65580842523184,0.0,0.0,1311.3125470257203,1311.3125470257203,0.0,0.0,3.534368086498666,3.534368086498666,0.0,0.0,11.000207334076732,11.000207334076732
5bf545e97e,0.17746465313818563,0.07393059353404985,0.17748521784386107,0.07496428470673856,0.27379606408189755,713929.0,72989655452.0,422.4,20,18,3.576,adaptive-only,True,False,control,sep_tcn,nbeats_g,quantile,linear,,,0.0,0.0,273.8021597961585,0.05077132584728212,970.8466334814826,2.163315033205659,1.7771967283090386,0.09096843587701864,1.8918046209847938,0.08941538348102679,6.0698469287771495,0.2736799447844541,6.5666981829089055,0.2958081609503928,-0.0010664396038950093,0.02045214956137946,0.0037549280577650053,0.030312857556867863,3.0199929335529516e-06,5.813018500044319e-07,7754362.708261234,231596.4854637684,10846721.043322926,255758.91820797327,-725.7155706212006,366.89060428376513,437.7931045278153,1.5187602441847172,35.187988890541924,0.03113610794731941,-0.008243188707768856,0.012458591952610907,-0.31023514434502525,0.05906587814819324,1015.2587458859352,10.855470839933899,429.22764078776044,2.4342116324050407,0.0,0.0,437.7920705918492,437.7920705918492,0.0,0.0,1023.4938048405032,1023.4938048405032,0.0,0.0,1.8933912490969043,1.8933912490969043,0.0,0.0,6.581077757960971,6.581077757960971
c88c2267ac,0.17208265054736663,0.07053554807660863,0.17203363866736504,0.07191352515887664,0.2681669725355392,1061505.0,38967622452.0,351.6,20,18,2.133,adaptive-only,True,False,control,lstm,nbeats_g,quantile,linear,,,0.0,0.0,321.1790810475747,0.29147419274855035,864.9277447710434,0.1832759529366646,2.0945311351360942,0.1266694659594674,2.230566158577755,0.14195442932473015,7.619903461826884,0.3010405895781349,8.218086371340078,0.3273350059671463,0.019802465081941615,0.008474334088867183,0.04204852718749321,0.0163696255165435,4.3134697235034965e-06,2.8033976827272945e-07,9048396.445008919,50988.08035789684,14513768.636697171,92222.63886295247,-232.3843895700032,55.756591963612316,427.4125444229189,0.4132243426159805,51.28425557083554,0.021342575530400948,0.020093173298083602,0.01827603407778148,-0.4593061342308262,0.07837191340698904,1092.4906600589136,12.241511446309396,495.2070821126302,4.380656276448422,0.0,0.0,427.4203273430179,427.4203273430179,0.0,0.0,1092.599136650727,1092.599136650727,0.0,0.0,2.2349024206154477,2.2349024206154477,0.0,0.0,8.226949568987834,8.226949568987834
1370370e95,0.17388269033105277,0.06966213831483901,0.17475480310175281,0.07154581292938636,0.2674804907453745,995239.0,59414281832.0,360.7,20,19,2.604,adaptive-only,True,False,control,skip_connection,nbeats_g,mse,linear,,,0.0,0.0,288.63064806660014,0.062207794954379815,843.5183270597676,1.1016036752560794,7.829636094713351,0.2860430710965203,8.3290474948801,0.32294798464418745,28.855010346450218,0.9378844892158995,31.01457639518905,0.9619429025954991,0.15147069381438635,0.05587414258003526,0.2471074259045066,0.10286563984714213,5.3517124262560016e-05,4.927377549676484e-06,10800703.84328146,50069.944096094776,15524032.198288044,49079.35160862823,-464.5975568052741,45.490016624042596,436.49006352540044,0.9555595135649119,53.18237834506564,0.026849849155094713,-0.045158043446897785,0.19520045141072662,-4.570735355974169,0.3772133784751608,923.6162462136487,9.708982718173015,468.7345377604167,2.718944011943647,0.0,0.0,436.4907768186325,436.4907768186325,0.0,0.0,923.7617380719839,923.7617380719839,0.0,0.0,8.324054698096928,8.324054698096928,0.0,0.0,30.98282100052783,30.98282100052783
584dc1a940,0.17259696565185845,0.07112921284700158,0.1727271834128103,0.07226472781611241,0.2688209958617675,640171.0,50227015272.0,422.1,20,19,2.605,adaptive-only,True,False,control,skip_connection,skip_connection,mae,seq,,,0.0,0.0,254.88244773447514,0.05205384654289992,946.3485472984612,1.0055487150622062,3.5480419365879547,0.13848804201855172,3.809243960106174,0.16083978541090999,12.468058525182784,0.486404409361741,13.607888665478237,0.5718399168849985,0.023299708579696127,0.008301625460927312,0.04667621681297527,0.02010672644241096,1.2384251392619006e-05,1.2393401767920857e-06,2444618.3103376357,57411.12341362713,3741522.0865710434,52990.36926590184,-165.9611745904542,44.089717167430415,429.70804025380085,0.4270813107816549,39.831540160708954,0.16252207083074943,0.09600292532869732,0.04259697579817389,-0.7649529585917983,0.10801073641140026,1291.6587767119618,8.619766388777363,473.7559000651042,1.215740075925742,0.0,0.0,429.71048902218234,429.71048902218234,0.0,0.0,1291.8548602377502,1291.8548602377502,0.0,0.0,3.81198481949152,3.81198481949152,0.0,0.0,13.611803369799322,13.611803369799322
4200f76e7a,0.17308789655108903,0.06957270236715869,0.17373381556891004,0.0713658159370121,0.2671438113395332,1186331.0,42177737524.0,330.4,20,19,2.125,adaptive-only,True,False,control,mlp_mix,nbeats_g,mse,linear,,,0.0,0.0,360.13094168901443,0.6012285010829317,815.6424941495061,0.4452264046657692,2.395015598546403,0.20958345507663537,2.539100147869863,0.21394405007537612,5.788689989982349,0.3288329349176019,6.0435795338586855,0.3401134915337056,-0.010564115307444949,0.04016439054069751,0.010739931407671243,0.044454645456421145,8.362400798771503e-06,1.4128044669906088e-06,51637716.50325837,563237.9717090549,72375750.54373048,881230.3764629535,-1002.2921446264603,220.63518158900098,427.9005623542013,1.1723055512963891,68.47021844651964,0.10696283437626826,-0.2130458087606879,0.09971784268770362,-0.2772955558679154,0.10297665386463282,1088.7142230713582,0.26231382577766404,630.0043741861979,0.7502877993421251,0.0,0.0,427.9037133032743,427.9037133032743,0.0,0.0,1087.757150712531,1087.757150712531,0.0,0.0,2.5466456110481155,2.5466456110481155,0.0,0.0,6.05333515714859,6.05333515714859
02d9ea4dd0,0.17080472628420446,0.06774481827411852,0.17328265923124037,0.07071102053868525,0.2659154386993829,1426383.0,125629636612.0,670.0,20,19,3.584,adaptive-only,True,False,control,tcn,nbeats_t,mse,seq,,,0.0,0.0,420.45965415239334,0.22026448256638753,1722.186659520492,1.5295893971534251,18.408467037506245,0.37518895309173467,19.912970220491662,0.4682474997472908,62.06232753415463,3.091407947745818,67.40162543248569,2.902454797442402,0.2600642138263378,0.11717545393325285,0.4460714487363085,0.1536812761720182,0.00027916862232781704,4.8566563212987914e-05,17857684.35575241,1677682.587202683,19953399.548222076,1775677.650481578,-305.47023570869914,273.117353530734,459.60739356636464,1.3415817102725494,75.0838204489814,0.1337258061076279,-0.3248393353292072,1.0892523455657381,-11.806549932580785,1.3687300469905856,1883.3717201325223,25.927141507716982,767.1174926757812,4.036112212343807,0.0,0.0,459.61577702976103,459.61577702976103,0.0,0.0,1882.0540290604729,1882.0540290604729,0.0,0.0,19.94865630135937,19.94865630135937,0.0,0.0,67.43178196914467,67.43178196914467
09e87624ea,0.17487500570386205,0.0701393822575369,0.17569010939227275,0.07199613835983983,0.2683209614619026,1039323.0,80936176028.0,440.1,20,19,3.091,adaptive-only,True,False,control,skip_connection,nbeats_s,mse,linear,,,0.0,0.0,312.6031536261241,0.13310101116020628,1093.0198897396524,1.8635366690913868,10.962265852654431,0.9124529928311205,11.671569597328974,0.872320427993184,36.211322018992966,3.2034090014106895,39.17908373588806,3.472298780380138,0.21387642059354062,0.03196023790105853,0.32833139771548064,0.05948851415204713,0.00011011097041288369,1.0524727980248916e-05,4185296.19059889,39578.50394188083,5715550.155731478,18840.179163451347,-280.0725185820035,28.91148613674543,447.9958191528783,1.287776237703095,67.13926974932353,0.06520206152429453,-0.1633168778226505,0.11349656061147777,-5.222530545752854,0.6173450655469859,1089.4833921272677,2.5362993426792353,519.1595865885416,0.4290459332266487,0.0,0.0,447.9923452300377,447.9923452300377,0.0,0.0,1090.000302081725,1090.000302081725,0.0,0.0,11.701416139922664,11.701416139922664,0.0,0.0,39.29161527080438,39.29161527080438
31e3a9a457,0.17145876605454205,0.06844219986028999,0.17299670348552712,0.07078648990479593,0.26605730567829916,1398971.0,22810548224.0,452.5,20,17,1.229,identity-only,True,False,control,tcn,nbeats_g,mse,seq,,,0.0,0.0,401.56137841939926,0.04019067560099144,1129.8328508823954,0.3752503569171043,14.76808678722106,0.762722870357056,15.96290708690239,0.7592635942694755,51.767982665902615,2.6555231424451646,56.39973117919871,2.989171125226016,0.17332023995179058,0.044475578278272365,0.33548411623900076,0.08095345965213498,0.0002594208387491851,3.7973374197404335e-05,1351344.6888311934,12924.400466955,2176296.505094754,24794.58437261998,-77.51649391361705,5.160848015973626,424.71433117094585,0.4618706428656732,77.11835320790608,0.13855664365409293,0.3573513590901714,0.5725790994263161,-13.63214565068481,1.4969646243106263,1778.8562381050845,12.298872658356691,736.2127888997396,1.0678323034098,0.0,0.0,424.7187366450745,424.7187366450745,0.0,0.0,1782.8817619511021,1782.8817619511021,0.0,0.0,15.930721958434573,15.930721958434573,0.0,0.0,56.342421445891944,56.342421445891944
1ed5fa099e,0.17328627959948764,0.0705568483356863,0.17437986066318226,0.07232702910031033,0.26893684965119663,351909.0,25735758644.0,294.3,20,18,2.109,adaptive-only,True,False,control,gru,mlp,quantile,seq,,,0.0,0.0,179.79822552204132,0.3314067059644195,507.69580052855116,0.7068389299843276,1.0590407575461238,0.05841797772985644,1.1468344789024043,0.06374832263568048,3.3029565706870385,0.19799531348526342,3.5626777193948596,0.21986045065630036,0.02323387938101949,0.003987866951811951,0.03785485932344503,0.008595556426811035,1.900147602140857e-06,1.654171322154165e-07,534305030.88473135,7006264.927936497,697519426.4403868,5944074.115577193,-150.99904903147055,32.53108770073099,409.66950684506065,2.1222691200530615,37.02314084106022,0.11613989501803268,0.0026462993835907715,0.005140467894667651,-0.10251566156824497,0.014699706973350104,754.7727713615654,1.0214006510625904,341.3811848958333,1.3510806827951947,0.0,0.0,409.67427175801976,409.67427175801976,0.0,0.0,755.815329752233,755.815329752233,0.0,0.0,1.1466645152833208,1.1466645152833208,0.0,0.0,3.56874915759644,3.56874915759644
4600fda35e,0.1745209914460366,0.07003437963138051,0.175543509957857,0.07228694876988633,0.268862323076117,465843.0,67595006364.0,386.7,20,14,3.575,adaptive-only,True,False,control,tcn,skip_connection,mse,linear,,,0.0,0.0,212.1078475266695,0.10132249002761623,781.8707708219687,1.2096138663070921,2.404725971932445,0.2608656613659345,2.5963921935575422,0.2947105740963256,4.736511710394347,0.22558972875197753,5.018521626223554,0.22997112351642468,0.0086548406919702,0.027469937028079722,0.023776543773797315,0.028613220835143154,1.892968776264678e-05,2.6327419263440974e-06,16642620.102555407,84935.61855660444,23420205.69033699,110667.77748106014,-1940.9223041722287,838.4703404840568,434.2389047691101,1.6296924353080342,28.023571689923603,0.04894431391002003,-0.4121811098296342,0.2223231618020136,-0.513125889643994,0.20655674129861834,843.8785124218429,6.455510246289825,391.9145100911458,1.7793073549763416,0.0,0.0,434.2407537480861,434.2407537480861,0.0,0.0,845.0683654322117,845.0683654322117,0.0,0.0,2.5852201154298013,2.5852201154298013,0.0,0.0,5.01943988782245,5.01943988782245
2eff3d8b5b,0.16970070653213842,0.06891208417561959,0.1704326783683726,0.0705593748251259,0.2656301466797884,1463261.0,45681814324.0,405.7,20,19,2.13,adaptive-only,True,False,control,skip_connection,nbeats_g,quantile,seq,,,0.0,0.0,425.77846334377926,0.2137863531988775,1056.4401260664065,0.24026887712793635,1.6284729818629178,0.13466475007657902,1.7622666819541293,0.14074714412922212,5.487261046010776,0.22450333649273255,5.885452997533579,0.23355171960925766,0.04416349240520038,0.031288599131246,0.054358958302486625,0.031901377200046856,1.9015776685713343e-06,2.7898982517230835e-07,9473907.809952237,96716.2126626552,14038030.534229858,147720.91771578923,-567.8282168538241,590.5359380168668,434.056592952505,1.3161593209763693,70.88519562615288,0.009276815119135981,-0.05378339703713184,0.05115256231551228,-0.14841934391414033,0.05586166727764423,1438.313764356868,6.8278832251991295,689.0947875976562,1.00942627020735,0.0,0.0,434.05737240503385,434.05737240503385,0.0,0.0,1438.4482788814366,1438.4482788814366,0.0,0.0,1.7609728181685884,1.7609728181685884,0.0,0.0,5.886548135546303,5.886548135546303
43f2944fa6,0.17081324893339395,0.06949618883460389,0.17169556841887942,0.07116829053490883,0.2667738565431569,734941.0,70771485084.0,533.3,20,18,3.583,adaptive-only,True,False,control,gru,skip_connection,quantile,seq,,,0.0,0.0,325.6020513723294,0.328720140287487,1286.84275848791,2.5441858763536866,2.5573100693439605,0.30307440820281717,2.758511677945864,0.3266562027552727,9.16693686097691,1.1074205268227004,10.01155584200683,1.2381708730472667,0.023296600876143325,0.014142841366076162,0.04326150173782475,0.02702316918365024,4.485870544807343e-06,5.938361430250492e-07,7319039.564890542,80677.92161543087,11019831.523652079,66076.73496068033,-75.64877807719064,36.27860340869656,437.68906419285594,1.8264524677804734,31.748920639355976,0.086639670470331,0.021633145320035588,0.02777506090453288,-0.46503529403186117,0.1888013494687153,1682.776253267394,9.186934579366882,623.0455322265625,2.316629101549586,0.0,0.0,437.686730668554,437.686730668554,0.0,0.0,1681.1891487204616,1681.1891487204616,0.0,0.0,2.7593875236535643,2.7593875236535643,0.0,0.0,10.012794212320586,10.012794212320586
c03e3a574f,0.17008291528113378,0.06900152544126217,0.17116714849217116,0.07089485473396712,0.2662608772124946,1663509.0,47180469044.0,554.5,20,18,2.149,adaptive-only,True,False,control,mlp_mix,nbeats_t,quantile,seq,,,0.0,0.0,605.7161662926277,0.4949159001401671,1590.6292556710541,0.10622046447223499,0.8060489721715006,0.055606441726080785,0.9030270421728414,0.07073666744754471,2.2245765369906287,0.17264500942407493,2.398656150977148,0.19948251140723738,0.02574416454261333,0.006650334261257913,0.03672809310160836,0.00975447466227053,1.479940386872409e-06,3.4263353529541133e-08,160514075.44128188,3281076.6186284237,169126908.61326942,7719872.383420472,-281.89562046165634,138.4482364999894,439.02266303794585,0.6056126817895293,80.57367504967583,0.046496322743242995,-0.009116976544927482,0.004309426096290833,-0.02217872052652038,0.005202555239330441,2519.8874996394047,15.021088731607975,1100.4513753255208,5.4238215994262395,0.0,0.0,439.0163440140632,439.0163440140632,0.0,0.0,2522.950750345719,2522.950750345719,0.0,0.0,0.9106707574070776,0.9106707574070776,0.0,0.0,2.4060479557070638,2.4060479557070638
9b25be17b5,0.17184880280324444,0.07004092441290499,0.17280067228242518,0.07211313633879654,0.2685388916689658,1311997.0,64075232872.0,455.8,20,19,3.103,adaptive-only,True,False,control,lstm,nbeats_s,quantile,linear,,,0.0,0.0,399.6452667713165,0.0665463566149164,1287.4541407115757,1.704072532997116,3.8572626490901407,0.13389117327395922,4.086698629243277,0.15869960221793306,13.91621275176086,0.42800003712528284,15.125627752892427,0.43776480349450675,0.01706276835259223,0.027150281537940284,0.02585610136578025,0.057530937293600745,8.712020195913876e-06,8.533531365298767e-07,4305737.810956136,122845.18474232033,6808976.445044207,144456.3911819371,-133.255564348837,24.364802591465775,446.7010259345043,0.22179648050733755,77.46448911560907,0.11397252911489927,0.04783517689772426,0.03794173581782616,-0.646510615144391,0.16295928690154038,1478.811482353376,2.3612579397926643,634.4928385416666,1.557852788291754,0.0,0.0,446.7294657032991,446.7294657032991,0.0,0.0,1484.4014872277683,1484.4014872277683,0.0,0.0,4.099884518945527,4.099884518945527,0.0,0.0,15.172333656638084,15.172333656638084
0de67432c9,0.17259406670814806,0.07149995527923814,0.1726342908775531,0.07277286234668219,0.269764457159727,790651.0,13226305536.0,377.3,20,19,1.213,identity-only,True,False,control,tcn,mlp,mae,seq,,,0.0,0.0,263.6364331642787,0.2536537521090756,768.7363774500167,0.49025032964440546,3.193380305386048,0.2399691729818492,3.3678848126864946,0.2436343006014811,10.372680882136633,0.8300493907615344,11.225176040007327,0.9021049632171997,0.01403068366846368,0.021748547534508413,0.027994211882782342,0.032153369809453214,8.438163999261745e-06,8.873814783522065e-07,13074794.025348088,267860.8982630957,19575200.409287103,430255.2070459781,-493.78798765652726,360.3912065707012,415.07104064727264,0.24481094352494723,75.4473215341568,0.07208405532418091,0.05090269653443811,0.0049893581898202335,-0.4315027862167707,0.047061255487367865,1292.9909697047194,4.850244506804958,562.5685628255209,2.834275358600166,0.0,0.0,415.07542224638473,415.07542224638473,0.0,0.0,1292.546364091206,1292.546364091206,0.0,0.0,3.3759350317059487,3.3759350317059487,0.0,0.0,11.232790179890918,11.232790179890918
