arch_id,val_mae,val_mse,test_mae,test_mse,test_rmse,params,flops,train_seconds,epochs_run,best_epoch,peak_mem_gb,graph_family,has_graph,uses_A,group3,seq_family,flat_family,head,decoder,val_mae_seed1,val_mae_seed2,params_seedstd,flops_seedstd,l2_norm,l2_norm_seedstd,l2_norm_all,l2_norm_all_seedstd,grad_norm,grad_norm_seedstd,grad_norm_all,grad_norm_all_seedstd,snip,snip_seedstd,snip_all,snip_all_seedstd,plain,plain_seedstd,plain_all,plain_all_seedstd,fisher,fisher_seedstd,synflow,synflow_seedstd,synflow_all,synflow_all_seedstd,jacov,jacov_seedstd,nwot,nwot_seedstd,zen,zen_seedstd,grasp,grasp_seedstd,grasp_all,grasp_all_seedstd,zico,zico_seedstd,tfas_zico_cl,tfas_zico_cl_seedstd,S_spatial_nwot,z_spatial_nwot,nwot_underA_v2,nwot_permmean,S_spatial_zico,z_spatial_zico,zico_underA_v2,zico_permmean,S_spatial_grad_norm_all,z_spatial_grad_norm_all,grad_norm_all_underA_v2,grad_norm_all_permmean,S_spatial_snip_all,z_spatial_snip_all,snip_all_underA_v2,snip_all_permmean
f93f5ee45f,0.1734406428441715,0.08014838108427255,0.17406123853349068,0.07287500981687639,0.26995371791637984,1283970.0,12322553856.0,421.5,20,18,0.836,none,False,False,graph-blind,lstm,nbeats_g,mae,seq,0.17307415597708617,0.1736842962390556,0.0,0.0,326.6684044599533,0.08863051059390206,854.062777146697,0.4848738413323915,5.757973165697574,0.26938293973850014,6.2226959665626085,0.26305081817727,19.570149027617006,1.4177615813808793,21.1020564660578,1.5057167989816072,0.1033207937944699,0.02811793463391684,0.17970396346790854,0.05433280972605103,7.094843234775875e-05,2.2836718795383352e-05,30212219.391538512,205415.3405078479,33224487.562270463,382845.8636847261,-32.688600827901226,0.2625727751432178,404.462985223767,0.03867729391504952,70.47061362531451,0.012189412588560966,0.02091341452267212,0.0036705813527443,-1.2136410391885482,0.15572865038233635,1292.7473159212389,5.116969975240869,617.0205078125,1.7103318575170143,0.0,0.0,404.4742500029905,404.4742500029905,0.0,0.0,1287.6089343815095,1287.6089343815095,0.0,0.0,6.253411014187624,6.253411014187624,0.0,0.0,21.171192820425773,21.171192820425773
89eaf8c55b,0.172240824092343,0.07990140970323158,0.1694600769494691,0.0706441792961839,0.2657897275971814,916506.0,8459255808.0,513.7,20,18,0.833,none,False,False,graph-blind,tcn,nbeats_t,mae,seq,0.1723775167284882,0.17218583653622907,0.0,0.0,296.29100714127225,0.2428859666851173,827.6802677164475,0.31601370168899773,6.3268583053043885,0.5330030224948153,6.863640008716861,0.589214017768511,21.86022825746569,1.6089897554800587,23.786753465972414,1.7067475724815413,0.12819595403685716,0.03855524783894608,0.2038866390789641,0.07432621237270506,7.053124282991246e-05,1.95692697295221e-05,2544404.18990449,111175.98354078132,3728835.597697859,39706.169330031255,-32.06679685190475,0.009800711987856365,396.63236647658624,0.06360327212981216,48.12066985501183,0.07877959067206944,0.28129765239391297,0.16984834022489906,-2.0489584280622393,0.6295166257637195,1296.9507611514184,14.481171719280551,578.5588175455729,2.8894219280536406,0.0,0.0,396.6183176882451,396.6183176882451,0.0,0.0,1295.357816190345,1295.357816190345,0.0,0.0,6.8785602150723495,6.8785602150723495,0.0,0.0,23.742480522516818,23.742480522516818
8f8073f089,0.17675160236364149,0.08249630928727826,0.17505825146022125,0.07421151612701182,0.2724179071335286,1017402.0,9723752448.0,343.4,20,18,0.264,none,False,False,graph-blind,skip_connection,skip_connection,quantile,linear,0.176573954333334,0.17594275181343044,0.0,0.0,343.35273073613644,0.1657600976116764,731.5080240865549,0.12173621156625399,1.2747729182010517,0.02720116048945451,1.3578234700884675,0.018435373972902052,4.801394291204386,0.13213236718330884,5.160143382913279,0.1360870931168338,0.00526908337378906,0.007024805008614799,0.008441221310561365,0.016895287350210057,1.904903896783168e-06,8.405410182121022e-08,2016439.3439013045,81838.5762909028,3305669.7631149176,76209.6440733051,-34.708736258217364,0.3367646682630544,396.7759770807513,0.07485238555870227,54.34003587563833,0.06725504301083793,-0.0031622471345723216,0.002053373417902286,-0.13949370411392226,0.0117106266780073,1022.079074260308,13.904618865091905,506.23215738932294,2.323631499113038,0.0,0.0,396.7952808831548,396.7952808831548,0.0,0.0,1021.0190689776001,1021.0190689776001,0.0,0.0,1.361100151131312,1.361100151131312,0.0,0.0,5.175541402160118,5.175541402160118
49aa186e31,0.21668329095042055,0.1343203529577883,0.20967116563179103,0.11237416062477175,0.33522255387245614,129450.0,239198208.0,234.3,20,17,0.189,none,False,False,graph-blind,mlp_mix,skip_connection,mae,seq,0.21624436320663876,0.2169632850769761,0.0,0.0,94.51333222786586,0.14548914266655663,291.486779799064,0.0031905164707221553,0.04029061325858644,0.002194923356046522,0.07188165663145203,0.004584988613316544,0.05773946134453259,0.0043607663520059264,0.09156469097836843,0.0063400139160245065,0.0044187527727639975,0.001424847016724419,0.010034759743406951,0.002321274656287674,2.4286630026699275e-07,5.412015647749459e-08,11865.190780543178,338.68250857283766,19094.80867558708,94.0015452260782,-39.09645801743877,0.6206857638128098,292.7134820126935,0.8118492196175794,6.02620972527398,0.04208652606546034,-0.0002499263391842819,6.6854669717076e-05,-0.0006061216105349709,0.00016373838343241215,536.193770729858,4.746268626462221,184.49975077311197,0.5673009640958915,0.0,0.0,292.73395133585177,292.73395133585177,0.0,0.0,535.5246730265534,535.5246730265534,0.0,0.0,0.071626362336436,0.071626362336436,0.0,0.0,0.09135342857213875,0.09135342857213875
b4aa4fc572,0.17058191873460113,0.07947207726624216,0.1669198888978917,0.07006041960626798,0.2646892888015455,879054.0,7306432512.0,487.2,20,18,0.827,none,False,False,graph-blind,tcn,mlp,quantile,seq,0.16987332636296887,0.17015705211195603,0.0,0.0,308.9751427272956,0.30938002077608745,953.7214747692148,0.7450636564254761,1.157586536098582,0.18325833501470154,1.3136621804805007,0.19990464623125867,2.6809787465624204,0.6324551916454038,2.9536791026339935,0.7015261715735434,0.01751859549305099,0.005349839477993396,0.029133518433564168,0.010272064008952815,3.261038447944104e-06,1.0206158311413727e-07,10791285.870313236,93731.3531343578,16238252.845255002,187494.3976172181,-43.04045827919132,4.401073178578356,396.8858896774728,0.1611307633689291,61.32353822390238,0.28953678899929425,-0.023924515652627973,0.012181957382126653,-0.06457294695105761,0.022732345966599326,1566.175172182283,8.309379187440943,585.5726318359375,2.6015564948996888,0.0,0.0,396.9218925289257,396.9218925289257,0.0,0.0,1565.6934175056315,1565.6934175056315,0.0,0.0,1.3174543650055504,1.3174543650055504,0.0,0.0,2.9540834115395724,2.9540834115395724
bad042bba9,0.16939480110624372,0.07909079088762781,0.1652244148402331,0.06900345085008663,0.26268507923002904,1828290.0,50677997568.0,740.1,20,19,1.779,mixed,True,True,uses A,gru,nbeats_t,mae,seq,,,0.0,0.0,613.507399658362,0.41752036905724643,1727.1342213141422,0.8931088847751546,8.184101648334035,0.5891743121396362,8.737998656696226,0.6023378490722113,29.314333399920944,2.465449637611197,31.98869930414286,2.5241980959561063,0.04058384676317633,0.010170158832248536,0.06677510884661263,0.01308492520711075,5.287088209300449e-05,3.498835102016357e-06,5616293.5681111915,44168.37760628808,8169900.743365347,66712.38162623992,-72.73172125559621,48.31450950574096,433.12532807066435,1.3718536712234248,103.1770311196645,0.07219159338959878,0.23899752772585822,0.015841580579405903,-2.0464328775976837,0.4256398955381795,2667.879346024546,6.708166693323461,1125.5348714192708,1.515064231894404,0.16286276661418242,18.72291475267573,433.1182134819516,432.95535071533743,0.39424198541018995,0.9778655036094686,2662.759618725179,2662.4332506324945,0.0017966151165369482,1.30243133206937,8.735340873717005,8.73354425860047,0.00831485774798916,1.3723828556932647,32.00539302113356,31.997300493237045
423e391cc8,0.17437519690594003,0.08052292641673849,0.17127776142064627,0.07160274122356508,0.2675868853728917,1030898.0,9752641536.0,426.0,20,15,0.832,none,False,False,graph-blind,gru,mlp,mae,seq,,,0.0,0.0,343.30789426962536,0.40658009299946296,867.3942862351736,0.39585459770026427,3.596194816787223,0.30585195494960493,3.940020415329314,0.30828470880320585,11.066444254381226,1.3197547372187801,11.98243707565887,1.3397561341518087,0.07212191503690867,0.00959365265315277,0.12057119079614213,0.011291298985502404,5.058303961280439e-05,6.969384838987226e-06,24450760.6505316,1634373.372132332,27023907.626585145,2413822.654896866,-33.44101514474634,0.2379649533425951,394.63023586649405,0.21821762647412526,69.61331986056433,0.12428240576403125,0.08007299356895492,0.06068895642483025,-1.1953247577744561,0.2796805272057015,1364.8590228275536,10.999482236528076,666.8949178059896,2.2052687549512258,0.0,0.0,394.65615761667243,394.65615761667243,0.0,0.0,1369.310648475251,1369.310648475251,0.0,0.0,3.926336408332585,3.926336408332585,0.0,0.0,11.970910936629956,11.970910936629956
50fbbf8720,0.17650829186753367,0.08435826736564725,0.17180742088162365,0.07363664810189609,0.271360734266946,1734682.0,91051439008.0,778.7,20,16,2.573,mixed,True,True,uses A,sep_tcn,nbeats_s,mse,seq,,,0.0,0.0,616.6084612409273,0.621781681869275,1721.5767496364813,1.7025059665419198,14.475013605299106,1.2526344479154892,15.861770976601628,1.211611159854957,48.53403389820639,5.1593803997630685,52.79560445733156,5.549327943379897,0.2003633871206454,0.07629327473531082,0.38426543214867454,0.0699160762063465,0.00025531231714671676,6.26273163837166e-05,16964585.167289466,1104763.9194004587,18794896.64878804,1188527.7754796199,-213.75149604722506,128.62468902350383,444.67342739955524,0.9408111279824796,95.84315060244666,0.11910069055086035,-0.548361713520952,0.5974607413570691,-7.0983663709062945,1.7245161804382605,2516.71270820637,9.897799885282577,1137.6818033854167,3.7810163850489253,0.09569736781588745,9.1884519475048,444.6842457434858,444.5885483756699,0.11137311783037755,-0.10899447113892098,2519.950811694219,2519.9588766343027,0.004210898037227888,3.7392111878676024,15.805642709638024,15.801813005549036,0.006349555673153873,1.6009148482651552,52.57630772559478,52.57082185030528
00d2310404,0.17380547241305644,0.08218511827204024,0.16938618227602945,0.07169302328883484,0.26775552896034627,649290.0,45867864992.0,588.2,20,19,2.021,diffusion,True,True,uses A,transformer,skip_connection,mae,seq,,,0.0,0.0,322.42017357548076,0.3080490001563304,950.970485885938,0.8361892613749071,6.01485369576643,0.07961236245554952,6.489453015285989,0.08302926853954631,20.130674630957433,0.2642265674717562,21.856395504321455,0.34987378893670507,0.07964153530233399,0.03786426844672625,0.1522891465748208,0.04522400124706269,9.162644153289183e-05,1.1110789875019385e-05,7072110.581697747,15459.582828862362,9152803.290055444,82878.64066950495,-183.34171889068853,66.28685974530326,420.75463213113443,1.4441479648557272,36.36547242270576,0.03728100505461175,0.27119567442457576,0.046087815729988824,-1.8098078432152338,0.1864379915130399,1441.3858252427272,12.731138041165144,618.6036580403646,3.5046083849464065,0.03662837234607726,2.7795331960785816,420.75122041088565,420.7145920385396,0.36640482610611497,1.0320691395058272,1438.5491900658035,1438.206475914794,0.0013367538012802882,0.6496851800746796,6.502123256642299,6.501018165259882,0.0036909777262070045,0.3882289710241264,21.904830691750355,21.902217242040344
3c30f6e971,0.1748323995301685,0.08197131109430388,0.17160431104477006,0.07258902829661858,0.26942351103164436,782214.0,54332907984.0,508.7,20,17,2.289,mixed,True,True,uses A,transformer,mlp,quantile,seq,,,0.0,0.0,359.6765245149533,0.07227783334929379,968.4536671089008,0.7765333818447661,2.307892967517546,0.1591443379447773,2.633075842587253,0.235307065645754,7.440205531725813,0.34731694669192237,8.24644346038189,0.40745708104462824,0.055721481119378975,0.019943999068095984,0.09107082052304376,0.035161459236090375,1.0207761168817298e-05,1.0488902815676252e-06,3385826.3748203074,217395.82016576896,3664128.119713405,229848.0190370043,-132.45453228392049,44.733566278988306,431.2697726134068,0.4948837218256102,57.96799476941427,0.07283485371379508,0.021928598893274767,0.032712413006876745,-0.20156001168514295,0.04254523292053405,1636.6290011886067,19.249896303387786,693.4812418619791,6.029975369835133,0.3017899363543582,18.43809861672692,431.2723108952041,430.97052095884976,0.6443347620836448,0.9859047241587757,1633.6317611990041,1633.190405374506,0.0003124850651213447,-0.10691960241339409,2.631314503981712,2.6313105056822295,0.0016668589660824296,-0.3262887685585596,8.220234349276284,8.220573475741945
ab198379c9,0.1783229709359845,0.08427691833045135,0.1735886708783553,0.07364783612379608,0.2713813481501558,1068466.0,84526248400.0,577.9,20,14,2.559,mixed,True,True,uses A,skip_connection,nbeats_g,mse,seq,,,0.0,0.0,428.25089775025845,0.2662104702446249,1085.0427825053532,0.4916668562298703,4.595853432702522,0.8007560573423326,5.408985893713492,1.0418907174118208,9.919536491665937,1.148204689523354,10.906911321383923,1.2547990322192302,0.3620650031453119,0.21386107430405452,0.47586508780564407,0.299318856997258,8.42015531127682e-05,5.7760208440243916e-05,24231577.51779842,657617.7464354588,29831566.59269278,711427.6705619417,-1531.0448814254003,804.317700612484,436.52258543410517,0.6838091010471662,53.57262828614977,0.05029936018929683,-3.8555770476438567,3.5365122107303812,-5.237543581308741,5.249670123911059,1745.1918507010548,6.893457723685561,791.9852091471354,0.5834626901625055,0.20442861680317037,12.466382632825576,436.51765755787756,436.3132289410744,0.2339714313349456,1.340530272662677,1742.262946674818,1742.028975243483,0.014275220588459389,8.907447303532917,5.418373134242339,5.404097913653879,0.021383759408152514,9.942418237298703,10.92547176928769,10.904088009879537
ae03ead8d8,0.17744387321466662,0.08298645838750977,0.17418631820107608,0.0737261578483671,0.27152561177238344,1368734.0,128624345552.0,606.5,20,18,2.561,diffusion,True,True,uses A,transformer,nbeats_g,mse,linear,,,0.0,0.0,457.2691081563632,0.3829506945693763,1029.6152110869687,0.617847229830471,10.588938329842373,1.2123882030039117,11.256678961782711,1.2379947815447236,36.38915505315754,2.8587374854445127,38.97463911077072,3.131656539364415,0.0755917053148656,0.017342554373353202,0.11016193520898548,0.024351092021324638,0.00017085458099785986,2.4753162487180888e-05,53913708.537717186,2288111.614185784,58045613.33845212,2453495.980591401,-230.67060079918744,54.8125949595316,439.3156925282554,0.8052301520465147,70.66494333744049,0.06580121726169418,-0.40991700332766773,0.86906859098787,-6.758365265648716,1.5559760197540975,1469.4614506816276,19.676360769680684,795.4140421549479,12.520696023677669,0.13690047448363885,5.440767576782226,439.31799340012554,439.1810929256419,0.2996163172579145,0.6932697717016488,1473.1253084847356,1472.9540291253438,0.01365461358369302,7.460046376106657,11.24531800240693,11.2349467141866,0.024617311115378016,6.416305491733806,38.953058411967845,38.93737526455881
9b7a40de30,0.18033935115876978,0.08408856703351332,0.17614078982739909,0.07473390496740437,0.2733750262321055,649870.0,74314047952.0,454.4,20,17,2.816,mixed,True,True,uses A,skip_connection,mlp,mse,linear,,,0.0,0.0,250.24257619182268,0.2929627000516434,587.1366344566146,0.8659410471202204,6.9163127389232,3.2529464232078715,8.05330492365435,4.073285202645381,14.425205770680579,4.708291739039078,15.599422179331684,5.113749000382658,0.7725515041508979,0.9255497203619486,0.9495669643354762,1.1087133380933447,0.0003670079455492655,0.0004021042545909203,91517083.22179306,6546972.670122338,100716503.8393222,7312086.178280614,-725.3583817486948,326.3090928507727,440.5882942105932,1.0689066630285409,48.59437466992273,0.11764798687487427,-25.480639233119604,34.14985658338699,-33.9621083838808,44.74553541026282,875.4350987349247,11.370013560783628,453.9741516113281,5.060141418163489,0.5014800396901933,25.917606095516405,440.5864536976628,440.0849736579726,0.8215119916136473,2.164450247194186,876.1000531901827,875.7555588832473,0.035553054339843605,-0.6862787888778301,8.074704071236678,8.106297988772463,0.04983288161360081,-3.4657512596671314,15.641589248985694,15.6902342328198
6a94d8176c,0.17362054439119598,0.08112315822384099,0.17076422409147754,0.07198947132558361,0.26830853755626866,888718.0,29579416480.0,361.5,20,19,1.75,gcn,True,True,uses A,tcn,nbeats_t,mae,linear,,,0.0,0.0,258.14079038302106,0.2843647917585802,835.3170053847134,1.0857967981534347,7.411373283204739,0.13305470361316288,7.788895510928867,0.14342087494953829,25.696687612171672,0.16735089517765256,27.570689534459046,0.033192000365631746,0.03450307016986049,0.012049191393995514,0.06378052800577377,0.011064425964090805,5.137351932194026e-05,1.0064876535604962e-05,2766279.8863571254,115211.9680702319,3876748.7206221023,115595.1733640559,-141.36031017225886,102.16487563926997,429.5321735812966,0.2989109844695084,61.13352791468302,0.11953576596094014,0.259131266460063,0.11432083367479197,-1.7284758436136454,0.38193891233017124,990.1681174978634,5.3324683848338505,450.607177734375,1.8211704994520916,0.13237744238764057,29.547026965493867,429.5539262607069,429.42154881831925,0.0979111667587252,-0.6094619037117329,991.8672378814532,991.9538998882091,0.0016440117649526205,2.3168924903910284,7.887025900073142,7.885663162671964,0.006889821736424532,1.652672483319365,27.93960797652195,27.935498042873448
37d8d64b6a,0.16989843371833996,0.07859252470676673,0.16646539522455883,0.06964968013298976,0.263912258398487,1535354.0,14247772160.0,557.3,20,19,0.847,none,False,False,graph-blind,transformer,nbeats_t,mae,seq,,,0.0,0.0,442.2903048992157,0.2776351492177875,1382.7716928174098,0.39302242949406124,8.308518137432353,0.42394429819652024,8.866191808559154,0.4208297460880475,29.734343546132283,2.0130409880053395,32.159313056229514,1.9457465013019424,0.05451242253290589,0.027585293069777937,0.10880188322635582,0.04232584295719383,0.00011437081643704619,1.7739195865622116e-05,9099574.94076123,217580.8893205395,12568578.248425351,318207.9993554539,-32.60710944401789,0.05962761244911171,419.5210413623995,0.3530418746537959,92.6801347732544,0.1790523170668815,0.4577445516115044,0.033613519748353776,-1.3096082284413013,0.20191278997794557,2039.9779738079417,8.204340092231476,779.2774047851562,1.6166103188433996,0.0,0.0,419.52124562262276,419.52124562262276,0.0,0.0,2035.344746170445,2035.344746170445,0.0,0.0,8.887837049544254,8.887837049544254,0.0,0.0,32.22894017662826,32.22894017662826
2ca172b8d7,0.17520818706197497,0.08093283249723443,0.17210707340233597,0.07241291901765964,0.26909648644614376,840214.0,8509128704.0,276.6,20,19,0.283,none,False,False,graph-blind,mlp_mix,nbeats_t,mae,linear,,,0.0,0.0,256.3117461999257,0.15574520770558944,665.6223830282688,0.24633506706798458,5.788727801564771,0.24054750336573116,6.079478905683054,0.22390870069864255,20.039392607522448,0.8998400666783807,21.743493413999005,0.9057610259905919,0.04409135823300161,0.040642970630740335,0.07504211883530004,0.07287354412653435,5.791164832797174e-05,6.015275162248438e-06,9611355.671292054,186457.4387582615,14433136.31285823,178484.82848031484,-32.5043616780219,0.151000901540338,406.8223528504873,0.31775928583160273,74.16924940215218,0.23836203450982743,0.277363968665313,0.09336327332363333,-1.1607446369022763,0.37642611344700894,916.353166885035,5.181137041545132,438.1724446614583,1.5276062704687006,0.0,0.0,406.81751788726314,406.81751788726314,0.0,0.0,917.5365970020372,917.5365970020372,0.0,0.0,6.1087252189393,6.1087252189393,0.0,0.0,21.82737868785113,21.82737868785113
71647af80e,0.17571463158857464,0.08329922513171652,0.17366052518933367,0.07411815094483364,0.2722464893159022,969246.0,8697270272.0,427.3,20,18,0.825,none,False,False,graph-blind,tcn,mlp,quantile,seq,,,0.0,0.0,344.74195878207684,0.43626544062188555,878.4987404321631,0.7554755168154392,2.685532189362372,0.11341972299869113,3.167363040796191,0.16487349742311905,8.556715842120184,0.35415527095662647,9.790789806830151,0.5075249058176208,0.03633388185426891,0.015364823684673018,0.07524426369866338,0.03588349491579321,1.8307958260032318e-05,1.8058778394989006e-06,1036307.9626879278,15465.554032627382,1434047.6047390786,9207.228976628032,-33.20860286359593,0.07628143776528527,396.0598331253547,0.22084063970118437,72.50708407825893,0.14020237719714587,0.02842487492725403,0.01039951940687252,-0.43118563695981,0.053375819673405385,1526.0859710787042,28.140816077787267,642.4134928385416,6.514896829605423,0.0,0.0,396.0582059952053,396.0582059952053,0.0,0.0,1529.2329649370213,1529.2329649370213,0.0,0.0,3.145671429045261,3.145671429045261,0.0,0.0,9.7409800807445,9.7409800807445
11d9ceec2b,0.17482268552168964,0.08014676246714647,0.17072579114554076,0.07089439839296699,0.2662600202677206,516234.0,2887868416.0,440.6,20,17,0.831,none,False,False,graph-blind,mlp_mix,skip_connection,mse,seq,,,0.0,0.0,277.0398993889491,0.16371567693076813,703.8635979692141,0.3172907519385237,9.67682850570418,0.8624636462773906,10.79072494062291,0.9022765161375135,28.421709944753104,1.8134252336895949,31.480996075540165,2.1808160060687976,0.22652055214189692,0.03347632041291994,0.4445687131271052,0.030431314783776166,0.0003480139848919348,4.070176748823956e-05,4791173.908410199,86562.69174427698,7012639.368746706,103235.18788684673,-33.089158477176454,0.1347060327585649,369.6572241334405,0.3611737906236311,22.74721896648407,0.01853753591894413,-0.6253193837490976,0.7356688712608999,-11.257689669417838,2.547771709018634,1382.7904467863639,13.177408298451551,555.9572143554688,2.064243873257735,0.0,0.0,369.6474387735212,369.6474387735212,0.0,0.0,1388.4281636969565,1388.4281636969565,0.0,0.0,10.839631660382725,10.839631660382725,0.0,0.0,31.645383329968414,31.645383329968414
3f12989c72,0.18110311279120678,0.08492474307845976,0.1782923992062028,0.0758490130563319,0.2754069952930243,936730.0,8580227072.0,266.8,13,7,0.824,none,False,False,graph-blind,tcn,mlp,mse,seq,,,0.0,0.0,310.4826451142629,0.2610451112531701,777.84207688272,0.4411174800463192,7.335456228523981,0.09218450801635474,8.224626371603023,0.14483152335962138,23.388079640663076,0.11124770173744009,25.819134536037115,0.3334868020634913,0.09746204853021012,0.03197669144420399,0.21454379098087387,0.074450846721946,0.00015770048318361108,1.7719262606976354e-05,30131503.653250277,991878.2828906642,32106104.27968061,2405234.166025023,-33.32722944346959,0.15815738058695275,398.28462476594467,0.049974999137630524,63.767104599210946,0.14924539046358878,0.3198181802344092,0.061637223325860774,-2.1203899204340804,0.1469992620490151,1284.0284112113004,13.161556165300311,566.8279012044271,2.460161162005018,0.0,0.0,398.2884303094738,398.2884303094738,0.0,0.0,1282.7090136607849,1282.7090136607849,0.0,0.0,8.204131593984037,8.204131593984037,0.0,0.0,25.726545890931583,25.726545890931583
f8a5652a21,0.17705024840787706,0.08251608744711028,0.1709669213016312,0.07210533324559186,0.2685243624805613,678510.0,6458167296.0,312.4,20,16,0.259,none,False,False,graph-blind,gru,skip_connection,mae,linear,,,0.0,0.0,203.3815309604009,0.09455047769503117,706.6905534863472,0.5733676855838182,6.57770418364574,0.36670564412513845,6.939480753874875,0.376104851344532,24.285135572334195,1.5129833133049846,26.292724373639086,1.6774711006448682,0.04848545103520091,0.008966802117404514,0.09947634981986787,0.017744018875923466,6.707935056406401e-05,5.704817039922783e-06,2267658.451506991,15253.637880477438,3773438.53104973,8817.084685750739,-32.04197672415781,0.00467064054208645,396.61869108850584,0.28575455245628184,43.47778628932105,0.07456473019567426,0.4269116576111544,0.04658709854084361,-1.7570303402017302,0.24667888770517749,797.3175497136839,5.175952597539193,293.1064860026042,1.1569083832898,0.0,0.0,396.6210600927399,396.6210600927399,0.0,0.0,799.609301321762,799.609301321762,0.0,0.0,6.940615347093599,6.940615347093599,0.0,0.0,26.322499813253838,26.322499813253838
d6c7beabe3,0.17405332635236392,0.08272385020798403,0.17000621451443923,0.07226066004490267,0.26881342980755757,756702.0,79613191072.0,702.8,20,18,2.566,mixed,True,True,uses A,mlp_mix,skip_connection,quantile,seq,,,0.0,0.0,425.66745395958424,0.510399548230343,1111.9415930385392,0.6964276642108405,0.7586028935863093,0.021350816976636752,0.9838992607950489,0.021104614141721878,1.7063520387083082,0.05535120374957323,1.9099383540848056,0.03667452829635069,0.05173317917205333,0.007841668539716263,0.08192714467907096,0.017267542790977895,6.994375770216089e-06,6.900824388428717e-07,96683231.24810404,3316865.867534346,122109986.16732137,4185764.9324247045,-159.64550465568558,71.54205603489825,430.6420837380187,0.34148745864933033,24.966476851039463,0.04977957107307164,-0.012493176805368182,0.00476720131075153,-0.03207018820619181,0.005942969094116584,1815.8889029730387,9.712161214702038,779.9403279622396,0.6753412742619773,0.2039268221911167,9.230870222634897,430.64442351735266,430.4404966951616,0.1585333169111891,0.3351976954449307,1810.8200529487076,1810.6909269896094,0.0011562629637520416,1.800522522799337,0.9812499921500316,0.9800937291862796,0.0017298568330216628,1.8422742960500946,1.9043917748925943,1.9026619180595725
fb6dbbc8b2,0.17943032615867552,0.08439693541435941,0.17425882693320985,0.07363127406584408,0.2713508320714054,473718.0,38585991632.0,340.5,20,19,2.011,diffusion,True,True,uses A,gru,skip_connection,mse,linear,,,0.0,0.0,174.02351874113083,0.2092134991410399,574.5839416136345,0.56227675102286,6.878495087109816,0.32945325314115803,7.457457929980547,0.3610117083106739,22.62759522787267,0.2757166865258479,24.574872524504826,0.3348531130002422,0.09970658544583617,0.055686583008097645,0.11862321787334701,0.04527891051398572,5.233982201400783e-05,1.006113901798837e-05,3266786.557222396,108236.16727616092,3785406.2716162116,95840.80828615188,-126.30687015001888,52.7975793827676,412.7813722567003,0.8275561204964806,35.79119340578715,0.08642709633913115,-0.7200291351809899,0.6624949165819496,-3.7968928167741196,0.495652555280207,706.3504352601307,6.6274046029634945,303.13963826497394,2.9063511126428954,0.08458263710970944,5.5091686414899455,412.78524470671715,412.7006620696074,0.19062960852375,-1.6107947771746778,704.8302138609295,705.0208434694532,0.0031745562061678,8.85614132611663,7.441114638124866,7.437964668515339,0.004789543043762261,9.242947313202896,24.510571203268487,24.505781660224727
d64472aca6,0.1807204450525808,0.083107137755764,0.1772676849434042,0.0749550458844778,0.27377919183984345,1160750.0,93596160000.0,449.7,20,19,2.296,diffusion,True,True,uses A,sep_tcn,nbeats_g,mse,linear,,,0.0,0.0,368.7302038818598,0.3351699921260519,776.6052776624759,0.1674636743891912,10.657958578198304,1.481467870321663,11.356549941936557,1.520352981992479,35.609419816974025,2.8281748180213837,38.238044272128,2.905746013649932,0.27902220769935665,0.22662239593089692,0.37882908400893944,0.25351787735676035,0.00013922131357687806,2.956063538245634e-05,144534211.5031196,12377433.292273754,151831411.4558085,12839981.719708223,-302.95362137259684,238.6156006618379,430.2370074158817,1.6373036308988578,62.93641799026065,0.11626684769533649,-2.03761171254367,2.6465014522196704,-7.899118199088257,3.334623780735138,1149.3076309738328,18.737146257686973,651.3182779947916,7.188014171414273,0.10685215373033922,4.520988187977291,430.2388860324861,430.13203387875575,0.34029662457972637,1.9717082714880458,1149.054517792326,1148.7932949918127,0.0156966956648598,8.103836549898741,11.368152370240969,11.35245567457611,0.02151740455821738,6.605921818017092,38.322880218116985,38.30136281355877
ff7fc21b48,0.17191437117359654,0.08040178295302336,0.16729080494262094,0.07031648721207272,0.26517256119755817,567506.0,37635514832.0,630.6,20,19,1.758,diffusion,True,True,uses A,tcn,skip_connection,mae,seq,,,0.0,0.0,294.6794347862403,0.36253602652121186,1010.5095937897762,0.5837567816762094,2.6218582408716125,0.14012139872501939,2.8820609056064477,0.12603098497688758,9.069461980862167,0.5091750439808006,9.858452896714128,0.5138167368878198,0.044547776464601986,0.008045291029414094,0.08862932300087252,0.017132348044208986,2.1235507137240763e-05,2.375278883514061e-06,3032891.5089157172,155594.6353342821,4652525.283187787,173507.65535038902,-75.34906514531075,42.3888999855798,406.57679205974864,1.966252507971932,20.471729808383518,0.043568555654481374,0.00333304861032445,0.010693014326941112,-0.8872264818444338,0.1010999872795762,1565.1644528200113,20.735239478621843,552.9244588216146,3.8193231978702906,0.11821473275972494,6.115772354159631,406.57811824683995,406.4599035140802,0.26326940524578885,0.29773343049686196,1571.4260334771047,1571.2580657267238,0.0004034474395025652,-1.1983660861986987,2.8861520299866266,2.8865554774261293,0.0010106827231410875,-0.6843617285007166,9.869698069755614,9.870708752478755
8c66a44a27,0.1755866148524141,0.08110839149142524,0.1725654225543808,0.07241502220152432,0.2691003942797638,873418.0,8297295872.0,349.8,20,18,0.826,none,False,False,graph-blind,tcn,nbeats_s,mae,seq,,,0.0,0.0,252.19177637497583,0.15700668762424097,714.1877218733231,0.29424169201567707,3.9287901787580872,0.18714852088873943,4.144593171669608,0.18685444571435014,13.89087154140825,0.5826480727176041,14.958137408404534,0.6186331243106643,0.018514451071821123,0.0043316765913847775,0.04450296095979225,0.007181365094609363,2.357259336368258e-05,2.002543220323626e-06,1999474.2133478343,11406.756733744895,2767681.662623732,17788.244610303613,-32.16966093315434,0.017330135269479997,397.7303013202195,0.11794992719713379,60.725594229168365,0.12450735268869889,0.0932074729310884,0.020377640680547957,-0.7666135800807177,0.09059551109063342,943.930087607428,2.4160860991614803,424.2832845052083,0.8953086850495768,0.0,0.0,397.73969005030784,397.73969005030784,0.0,0.0,941.9086919565528,941.9086919565528,0.0,0.0,4.169730391235051,4.169730391235051,0.0,0.0,15.046212913521554,15.046212913521554
7a0f545e3a,0.1721322852042751,0.08003374583176047,0.16889929554249128,0.07102671326023847,0.2665083737150457,720602.0,67281879504.0,448.3,20,19,2.55,diffusion,True,True,uses A,transformer,skip_connection,mae,seq,,,0.0,0.0,296.3943324486415,0.18476385796424868,819.3078889821967,0.365908091764328,3.643371046761805,0.43431305695401884,3.916307394991307,0.4601962995316442,11.20597789979486,1.0147518909606958,12.138415904881553,1.1083242240317028,0.0007447770188139432,0.05427967948350416,0.02629235325169978,0.06470659181205346,1.76488974903982e-05,1.725230711026238e-06,33806808.73090441,1330978.9721028905,35746486.14071046,2614296.6229169862,-502.2834406445018,389.23802820107466,421.3809323037063,0.8921302456652079,41.62978612052069,0.11301715254615798,-0.20964649229777954,0.19471312749541544,-1.218784728712177,0.2987750801867332,1269.3568010613226,14.647083149768306,561.2431030273438,6.60919626274598,0.13348979405909253,6.0192109996084,421.36851431353773,421.23502451947866,0.16539893445868378,0.024159466811177994,1272.0887691057,1272.1076781022607,0.004325123931923673,0.4629872152554743,3.915292176307433,3.9143635462296733,0.006896703880019099,0.5461258588337611,12.144596225956906,12.143208170785028
d1c87bf484,0.17384332108717868,0.08075179360961804,0.17093505053035107,0.07182732205972354,0.26800619780095297,1053402.0,64602791936.0,481.3,20,19,2.029,diffusion,True,True,uses A,sep_tcn,nbeats_t,quantile,linear,,,0.0,0.0,355.86295376718044,0.16503415100011273,878.0635858985285,0.4112828986712339,2.290181645256311,0.11993824076398349,2.4291595040921283,0.13785408320542317,8.183588280261867,0.5659770806657871,8.85273755474572,0.643060703632797,0.007552903816775868,0.014201993167292386,0.011355094262128653,0.02177698105808711,4.473892337170445e-06,4.4760748199740045e-07,5191166.028618443,68586.91670110622,7477256.350415107,70315.54955033743,-224.33620673533903,59.153334105991505,425.33277771485405,0.9371176184327993,60.14692601892683,0.03449766228178243,-0.003067800034394884,0.008344257459453353,-0.21324709020148488,0.03915041576002093,1296.3100867036337,17.678766544365384,592.9803466796875,1.0704364612011763,0.07379280859945918,3.823586808666372,425.339016381617,425.2652235730175,0.25617891785789954,0.5570379216484728,1296.42332735856,1296.245088285302,0.0017884807102013234,5.562552139598492,2.4291223427977777,2.4273338620875764,0.0033045027974285546,3.281737378448181,8.849106455740825,8.845801952943397
8d4bef8f84,0.17397670502888413,0.08049526420049799,0.16933739964580122,0.07122313371640435,0.26687662639580173,760550.0,7070142464.0,324.2,20,19,0.826,none,False,False,graph-blind,mlp_mix,nbeats_s,mae,linear,,,0.0,0.0,283.1398823559284,0.1597391481968569,686.8343221694231,0.2226375395206808,4.3840703464558715,0.2544008605740418,4.6094702083192844,0.25276870785388694,15.0045846512887,0.8122066331032467,16.2820923628729,0.8594594856650598,0.01775518522316704,0.011616607114785071,0.01859705656830645,0.019775645069788444,2.428780320677758e-05,4.841107626982435e-06,15926572.011706302,99245.9379142677,23880740.458524823,153678.9648352278,-32.5982212238629,0.09223058480691626,397.77090169559756,0.3623744271978894,56.83836352825165,0.19749401200053834,0.11220344586528612,0.07299601289884398,-1.5362369908808875,0.33757513740355205,1041.40421522975,0.3727587453257265,487.5876871744792,0.707873141901734,0.0,0.0,397.764238111757,397.764238111757,0.0,0.0,1043.2311456209393,1043.2311456209393,0.0,0.0,4.624018464851617,4.624018464851617,0.0,0.0,16.333520868890933,16.333520868890933
c9f12e8f0f,0.17645064612321434,0.08221647864332375,0.17486651787940213,0.07412018103775007,0.2722502177000968,849058.0,7943290880.0,294.7,20,16,0.264,none,False,False,graph-blind,transformer,nbeats_g,quantile,linear,,,0.0,0.0,289.86458802223206,0.27808183558708016,681.4136250466108,0.09097134311772802,3.9169842493162528,0.2370737886736309,4.163179064631919,0.2543478795320303,14.389375113520027,0.7712547069507585,15.528411933761895,0.9816678726836047,0.021099257273295192,0.01774451328430684,0.03953909550959634,0.038227047866442015,1.5964083948633525e-05,1.4425873852589884e-06,7222562.882013042,84936.20025780886,11483855.99730214,170317.65431688805,-32.353827601758105,0.05493129368679274,394.84154756124946,0.11611232419983823,51.266308400366036,0.04497800673415832,0.06159220546842428,0.04278422260630961,-0.9796857938496917,0.23622378211856998,937.6476570933179,6.216261344559927,429.7917785644531,0.948433801676784,0.0,0.0,394.8554269064531,394.8554269064531,0.0,0.0,937.6581015409599,937.6581015409599,0.0,0.0,4.141694912382528,4.141694912382528,0.0,0.0,15.45308653087318,15.45308653087318
39036ee68f,0.17771748049016914,0.08279546849240332,0.17490331196423733,0.07383742056582741,0.2717304189188752,1127162.0,10745516032.0,460.7,20,19,0.827,none,False,False,graph-blind,tcn,nbeats_t,mse,seq,,,0.0,0.0,328.980581348141,0.24107885108311572,1048.1509765833616,0.3778227931070589,14.266830516162145,0.9288900645615509,15.513170073469853,1.0779835386115821,49.12326833520134,3.4665388618706734,53.517599280374476,3.768196591071228,0.18122963325193578,0.07116269640031954,0.4006526535639534,0.12275405720822667,0.0005765269172925958,0.00016188494207758662,5164392.776148259,206933.04413315974,7703651.10883041,294186.1444861544,-32.5129984825327,0.08221064360010252,413.04190864336664,0.17385945131625136,85.17944600847034,0.8373248726708836,0.7749254837867415,0.1955125249405565,-8.15685158455406,1.2949876091912467,1556.6079208923823,20.203526836299492,623.3424275716146,5.478293572555514,0.0,0.0,413.04613046605164,413.04613046605164,0.0,0.0,1558.2563491202368,1558.2563491202368,0.0,0.0,15.404921538216309,15.404921538216309,0.0,0.0,53.138316445414674,53.138316445414674
6eb2f383ea,0.17453486911143773,0.08102981890734569,0.16978435833732802,0.07113400749313883,0.26670959392781285,1071854.0,10522181632.0,366.7,20,19,0.828,none,False,False,graph-blind,skip_connection,nbeats_s,mae,linear,,,0.0,0.0,336.1969214280446,0.3747940281426656,875.8563137948513,0.5113917626627412,7.725333453967323,0.4356865498284411,8.198642095270378,0.43909203195151125,28.112486977924352,1.6863312220823778,30.586195674736217,1.7026718197926567,0.058101857720038314,0.021931389636478282,0.11314403832179241,0.048909371057057685,9.271098090975486e-05,1.6654065445373167e-05,4363640.696080168,66640.86889343466,7188161.085761796,25944.843204608947,-32.05583134548842,0.0033850087618754287,407.30997431638843,0.07563977494938076,74.89152693748474,0.017081495980158304,0.5099764483791639,0.0602121606767937,-2.0798456873171456,0.2278775612410307,1162.5253923185212,5.239501042682981,518.3740641276041,0.9476113128874885,0.0,0.0,407.3138876255323,407.3138876255323,0.0,0.0,1163.2624330994076,1163.2624330994076,0.0,0.0,8.167950983790153,8.167950983790153,0.0,0.0,30.52566055369207,30.52566055369207
a164454ca7,0.18468790606318114,0.08669176241748602,0.18057841428516574,0.07719529616024243,0.27784041491518546,808662.0,76189288256.0,273.1,13,7,2.545,mixed,True,True,uses A,tcn,mlp,mse,linear,,,0.0,0.0,241.5975212653478,0.23461360610352855,846.8592345754927,2.933876736635793,9.662058258118728,1.1608985226714945,10.68324578512837,1.4243883050484725,27.98440867861615,1.6104975430057584,30.59118748465305,1.7153048575778662,0.3896002909816365,0.27546842694457907,0.5251590362409745,0.3537449429640571,0.00019799451855302618,7.91578415091732e-05,24388699.99450797,2738891.486909691,27513550.579746436,2907343.547160625,-784.9990133258258,283.763218066596,443.52430523676094,1.6534125685950822,64.67327274216545,0.1082034232740202,-4.166761972751327,2.9429573688879462,-10.01488565871653,4.45915214898563,886.5270953863486,22.130427382952806,441.17254638671875,9.949648231253601,0.20091746397563762,17.295327768738925,443.52174022406905,443.3208227600934,0.20796689116419506,-0.3442692881146829,885.8691898683794,885.9314426895726,0.006285900546400806,6.646867458978349,10.650281180003214,10.643995279456814,0.0069191912537540645,3.2161478859604693,30.50400969897112,30.497975325727054
4fc1fc3a2c,0.17882511033472234,0.0822430803305007,0.17502126997769482,0.07296669950646928,0.27012348936452985,985454.0,10109378560.0,320.3,20,19,0.305,none,False,False,graph-blind,gru,nbeats_s,mse,linear,,,0.0,0.0,252.56073878208795,0.11286026456157425,767.9494527876377,0.18298137573200723,17.261927792562346,2.042779678702344,18.328036702496547,2.2289170060111885,61.80393378950355,8.214535664091077,67.03004850804717,9.250018621531561,0.23503726743912992,0.06708314373429844,0.4862008508419729,0.12903504403525745,0.00044017635786293505,0.00014870345141018216,3056742.5262276526,40484.7987187406,5139029.162840518,55800.84925831755,-32.03756118043213,0.0007476033645438657,404.7532877055765,0.16456361966959437,71.53691226906248,0.05535452348483455,0.40826234259384364,1.1199773625547351,-15.596728287062556,5.674587060169957,981.8875989880986,12.14496694697953,423.4735616048177,1.304091190774069,0.0,0.0,404.74882056644145,404.74882056644145,0.0,0.0,978.283812491083,978.283812491083,0.0,0.0,18.309071211885954,18.309071211885954,0.0,0.0,66.9119149969676,66.9119149969676
ca56917add,0.17226335199820803,0.08005660722423646,0.16754202540818747,0.07023302607378058,0.26501514310276797,569222.0,52590846416.0,410.5,20,18,2.019,mixed,True,True,uses A,transformer,skip_connection,mae,linear,,,0.0,0.0,263.11443000038463,0.02646891163562872,683.3706017533938,0.08232685359235561,3.877957756686859,0.4802594224992492,4.213700413180423,0.615106408630178,11.422953416301027,1.6499706692323513,12.397216715091792,1.9229182739481758,0.06225802504845613,0.031100981209794754,0.07662803520307528,0.05631127016651079,2.945791631039656e-05,5.390810652755338e-06,20301682.926056664,560820.8255567085,22394260.895704824,532058.2513632143,-458.71909420666844,235.65032941009494,429.23739048143665,2.1100737522269,36.78051753838857,0.12329661034619896,-0.4485580482372078,0.09887015092988928,-1.3386534939782042,0.31556312081177434,1024.2053665685912,3.4172790351446607,472.80382283528644,1.8818546996550283,0.2674485534267319,16.83554388869214,429.2361295812082,428.9686810277815,0.3822158566708822,-0.7936515100185632,1021.67389448784,1021.9259884633574,0.00758156121345932,4.225320038212703,4.196799587438393,4.1892180262249346,0.006715965456715267,1.929307425935252,12.342150584071891,12.335434618615176
e4d55c84e6,0.17469868673050376,0.08145293677720407,0.1704685684879449,0.07197890514118159,0.26828884647182333,821182.0,7983038464.0,311.5,20,19,0.275,none,False,False,graph-blind,gru,skip_connection,mae,linear,,,0.0,0.0,250.79160043100515,0.22640849402101412,743.2825500915447,0.3175805470338406,4.8575301543338965,0.3842353873286809,5.1267779135725915,0.40136741895654643,17.30624465635012,1.4262629329744354,18.701856394336545,1.6104438915752628,-0.010891977417513217,0.008930688715972395,-0.01762819053798748,0.018371186690596442,4.073580162406874e-05,5.27108759638284e-06,9681224.875821196,141748.26507726402,12915781.036684642,193787.6999095543,-32.147516031837995,0.009213597083724387,394.7736092082087,0.17558410686074385,51.01836800575256,0.05636396133916676,0.23918886954165497,0.03587575422942444,-1.3194632424535482,0.22655555063894603,939.3088757505594,12.133546893704084,404.8509216308594,2.9531402134419356,0.0,0.0,394.76489855208735,394.76489855208735,0.0,0.0,941.2470622345026,941.2470622345026,0.0,0.0,5.12144103603695,5.12144103603695,0.0,0.0,18.672181059355555,18.672181059355555
5508f73ea9,0.17460338262019476,0.08076972960049231,0.17033086987198862,0.07107495213354821,0.26659885996295674,1602522.0,69952770048.0,570.1,20,18,2.036,diffusion,True,True,uses A,transformer,nbeats_g,mse,seq,,,0.0,0.0,513.6110053807497,0.37749984207885706,1213.0275829728537,0.6163728131224695,13.472630429304749,1.0940025300429452,14.413999876402123,1.3373719057631104,46.56239526224757,4.256152093649585,50.27179286290677,4.759735950576721,0.21225333808618208,0.09078168510055326,0.27841072837043834,0.16307957584151347,0.0001380338250320896,2.9286833370817508e-05,12585738.39280191,475806.77416146663,15070544.323515719,478553.672149498,-230.4954711511783,159.3374285871818,427.2558199404434,0.13600103784911005,87.13385960790846,0.036940627911572356,-0.8763460346058483,0.5803020308852634,-8.888981681029502,3.0288570957239034,1935.2160633170163,26.153799364208183,925.1709594726562,5.408121193802135,0.045277478546912185,2.3129025643036623,427.266223730199,427.2209462516521,0.1553530860230694,0.9934694211463825,1938.499834216264,1938.3444811302409,0.015425745419154424,13.252258910616693,14.44481151637429,14.429385770955136,0.026160983406652367,9.534729263770853,50.41691278335128,50.390751799944624
a5a99dc4e6,0.17804005525266325,0.08334308905703366,0.1737354556547443,0.07390688386830417,0.2718582054459717,1530702.0,15634608128.0,351.2,20,18,0.836,none,False,False,graph-blind,mlp_mix,nbeats_g,mae,linear,,,0.0,0.0,407.14116106927395,0.08615595284372203,995.9648796916008,0.4219554041952775,9.669998832010378,0.45136557755052936,10.17736786717473,0.5263724583242719,35.58004161881775,1.5854186569865307,38.54455127292104,2.159107338078103,0.049007101195675494,0.029282252659337933,0.0963511945255084,0.04381175405754246,0.00011911017668766624,3.027890839180053e-05,2617826.5171946716,37817.29633137043,4184721.9710721853,72927.0592686689,-32.05236544216685,0.004978120234117039,412.9999937739467,0.2797124083279772,80.29463124275208,0.09509579678715334,0.28261379297155126,0.44153409104099944,-8.657020986792787,2.3878411834921005,1276.1746512190211,7.167436127935945,651.7383626302084,2.190185880440695,0.0,0.0,412.9735238542543,412.9735238542543,0.0,0.0,1272.161201027548,1272.161201027548,0.0,0.0,10.172730605458254,10.172730605458254,0.0,0.0,38.53741761024315,38.53741761024315
b3a000a22f,0.1761135114808556,0.08270507896056627,0.1715596096297191,0.07274123125563108,0.2697058235478631,838882.0,89622864800.0,445.2,20,19,2.28,mixed,True,True,uses A,mlp_mix,nbeats_g,quantile,linear,,,0.0,0.0,296.5085492134094,0.1681042800847044,803.6478663248321,0.7108930707292169,3.1698219001530865,0.17784702464427227,3.3756300682125473,0.19011268309464077,10.937587592151734,0.25564992036569906,11.814435523550118,0.23239085003593268,0.06705598237826622,0.043377246373966914,0.09078774975124532,0.05027768345821277,1.4892637818126223e-05,3.551949672186178e-06,82288092.30219406,2703507.5925270696,88968992.64807026,2745029.363785458,-372.46159613233476,173.19154825488818,438.9872780641993,0.8271647278459912,53.31758754783207,0.036216530844161536,-0.038371376503134554,0.07467741349396642,-0.5816748633845514,0.09673161493240552,934.5588690392705,4.340138501530495,490.7113850911458,4.694534283040792,0.22897323386049115,13.13375248671733,438.99092162898205,438.7619483951216,0.27416788658899804,0.3848149160892714,933.8037992353213,933.73719640467,0.00406416006654764,4.993388815185841,3.3824881465613155,3.3785729711243846,0.0042995406129874665,1.9464181766496085,11.837397506947772,11.833420912256807
979ce5f4cc,0.1799040930926387,0.08512991143704562,0.17709690338003342,0.07560652331227348,0.27496640397014593,1503522.0,14413443072.0,433.7,20,19,0.84,none,False,False,graph-blind,mlp_mix,nbeats_g,mse,seq,,,0.0,0.0,514.3613061457872,0.4778626559906464,1201.476036399603,0.6555406391623846,22.56069297258121,0.04174653470540397,24.22352273586515,0.0377824236719887,80.51464377968155,1.0981648390815397,87.39120521386296,0.8559131757054429,0.6368703961419863,0.09146143570544683,1.0802260341491838,0.1582387115676529,0.001290781816615574,0.00018795232873101687,26734951.685236517,575455.8979323963,29881634.21157418,244413.66794625245,-32.6790647227585,0.14563915492920976,415.0533473717303,0.18965796785439548,76.76455754703947,0.10664071348912807,-2.955811287862881,2.4795010392444152,-26.190403061784576,4.143346583289026,1897.6770541607832,14.554007515840615,897.1727498372396,2.340032470308652,0.0,0.0,415.06332497433556,415.06332497433556,0.0,0.0,1896.4107831621493,1896.4107831621493,0.0,0.0,24.371169190393253,24.371169190393253,0.0,0.0,88.01265809992086,88.01265809992086
92e9b1099a,0.17537111160936864,0.08272292879657438,0.17055590306267593,0.07267091999967377,0.26957544398493305,1127810.0,78243845952.0,549.2,20,16,2.565,mixed,True,True,uses A,lstm,nbeats_s,quantile,linear,,,0.0,0.0,389.6916375557582,0.2748066617422481,1298.6462920159101,0.6212682490754979,3.526443859132845,0.2695853279968703,3.7414598589747037,0.25928312853107727,12.880187526375693,0.6370352934318437,13.88704063208481,0.6946069071014144,0.03154019193681503,0.025019854180916512,0.05437207879959233,0.03691102681492316,1.4120769499757147e-05,1.731277939593622e-06,20313550.081401303,1552063.519406827,22738080.990261536,1579799.4177339524,-306.4144831416265,145.02702723984763,446.8095888782127,0.13293910246556448,74.72437437375386,0.005735454161823548,0.018486376606118494,0.03846979112577754,-0.5306030645500717,0.15574645342013888,1491.619476626286,17.915600946800215,636.9019775390625,5.641414284190827,0.16908304603407487,17.271832404069055,446.8107350851743,446.64165203914024,0.43240572225272444,0.36939193208953575,1485.7050999124178,1485.705885621491,0.001238535905167944,3.241450066629205,3.753449679620965,3.752211143715797,0.003098092942382872,1.7049653188015812,13.940113833290047,13.937015740347665
ae38b03f1a,0.1716730367848284,0.08015049388309549,0.1670614812023196,0.07012724440012659,0.2648154912389504,1115142.0,84987986384.0,547.2,20,19,2.569,mixed,True,True,uses A,transformer,nbeats_g,mae,linear,,,0.0,0.0,431.637418543299,0.40848392536769773,1023.9805385169262,0.7412913364760207,2.2075418218455525,0.1259765874720998,2.375898080440241,0.15198717100572834,7.4848508227208015,0.1810636426516915,8.032270188954962,0.17415918417032442,0.014949883566138087,0.011969033645222482,0.026652166430045626,0.01882880523742633,1.1032451250975536e-05,3.2695607373341547e-06,43877884.48404283,2682358.239300679,47261570.53532728,2875735.3642321182,-683.0010569858235,314.1608753989489,436.1546481209628,1.7513670717114858,52.70439468489753,0.07221350889193985,-0.056269259935452225,0.044906363469132675,-0.30345284117050836,0.051320576763954885,1435.5679425920127,5.3910806866819305,719.3390706380209,0.9055187250132752,0.293855799538278,15.006395629069324,436.15347203930287,435.8596162397646,0.6851229717699425,0.46342789368613824,1432.7584826532247,1432.3853778120308,0.002434330426935638,3.391595219302257,2.374292895135811,2.3718585647088752,0.003911635844671579,2.562200810725382,8.038937983110255,8.035026347265584
b194ae4efe,0.1694146861724435,0.07878174397053399,0.16607606442373724,0.06953337102870405,0.2636918106970788,1420378.0,12839587840.0,504.2,20,18,0.849,none,False,False,graph-blind,mlp_mix,nbeats_g,mae,seq,,,0.0,0.0,487.274467587471,0.33328132435001717,1306.9743171483278,0.8804365205788388,5.903626222774619,0.25849867644468405,6.361638879462514,0.29776749719888523,19.090872858104724,0.903117714719713,20.747274230882955,1.130389475708928,0.07170684816323458,0.032770580014632525,0.12642428583863,0.06507346431521353,9.525810223422384e-05,4.44636656162206e-06,20580454.00144909,527653.3046706856,29303786.95889089,818404.4526852478,-32.49653482860859,0.08609724384206313,408.3123400750172,0.24197435601434958,70.68662781185573,0.008555068719336326,0.18403891609834125,0.01758461256878054,-1.3100478239079274,0.18831479815249522,1988.92020411653,5.727001952309384,866.2671508789062,3.4764115765133714,0.0,0.0,408.3385740411274,408.3385740411274,0.0,0.0,1988.113869312383,1988.113869312383,0.0,0.0,6.376333932530038,6.376333932530038,0.0,0.0,20.861245562311616,20.861245562311616
0fd1f64a9b,0.17844720102209968,0.08324764675824252,0.17491077867163207,0.0739479721366585,0.27193376424537374,1444146.0,109026177024.0,658.3,20,17,2.829,mixed,True,True,uses A,gru,nbeats_s,mse,seq,,,0.0,0.0,462.645523344477,0.1552748771346338,1202.1434099252026,0.07990890126122113,16.225402501516026,1.3008564747092413,17.37105898409953,1.5059811149125877,56.31688269320997,4.674927590855474,60.74598163639354,5.150372608816096,0.26973703481616657,0.16757401791077978,0.44521075542313726,0.23706877732651022,0.00037583002835898265,8.365739491765171e-06,21797812.173291884,1114520.8125817736,24231944.170708507,1173301.265998388,-130.2155739315708,52.17793564857966,443.57476786925713,0.8470455993457345,80.27289349502986,0.0193989366721101,-0.7575727758226023,1.6019693487810849,-14.062443578784723,5.519176311600214,1820.0681949995778,11.269394217599901,848.7727254231771,4.891675695651834,0.25050843350267843,12.782405265016497,443.5703857099558,443.31987727645316,0.2754121109139002,1.4872976478052313,1822.456134381569,1822.2131197124006,0.009405422750989581,9.982839989064539,17.409254763008484,17.399849340257493,0.015899948341602983,9.102307268260446,60.824604434584394,60.808704486242796
cc80721ebd,0.17118373847035281,0.07897905096859084,0.1669353877139126,0.06973197397172537,0.2640681237327318,902402.0,8288862208.0,320.3,20,17,0.83,none,False,False,graph-blind,tcn,nbeats_g,mae,seq,,,0.0,0.0,224.27320020397505,0.24572064533817217,578.0568463454644,0.2208672327496688,1.1604505675789671,0.020869979455952516,1.2431196052110485,0.020080588724734814,3.2875876580222614,0.10931719159619181,3.48683453932057,0.11303853135108573,0.008707295697932042,0.009562534769598756,0.01686526979218582,0.012447958096793738,1.4315644085810365e-06,1.2522391434346986e-07,5474114.759359667,90932.43979295396,6923941.933127281,145884.96278693053,-65.64430613928067,10.900135152725529,381.6768647049391,0.1003030348697446,42.24622221787771,0.14406149378557562,-0.015013063245151337,0.006385252147704547,-0.06179065776765245,0.005500440313428442,942.8574585269872,2.3534580154522886,438.6384785970052,1.6951408039870242,0.0,0.0,381.66631036485325,381.66631036485325,0.0,0.0,940.4330136463578,940.4330136463578,0.0,0.0,1.2420357251876804,1.2420357251876804,0.0,0.0,3.484586042052566,3.484586042052566
369708e6e2,0.17319984878596204,0.08171539820782307,0.17210298165098414,0.07317264619112702,0.27050442915251316,1398398.0,12972724224.0,463.2,20,19,0.851,none,False,False,graph-blind,tcn,skip_connection,quantile,seq,,,0.0,0.0,437.89017973840237,0.33558295680132005,1157.0450645635526,1.1047191275702468,4.607942096811409,0.13812883916023908,5.134402423121576,0.16036498099313534,16.11061006489518,0.505272923233909,17.523663716811765,0.43015865455600805,0.0633987398064859,0.013135686966012375,0.1099038104239118,0.023343927350393784,4.84331925532845e-05,3.7345147409557654e-06,7100040.451220249,32889.99065287602,8526611.243927283,72311.97858841553,-32.48096911292634,0.06267283763220043,412.29515928257365,0.11295095180183426,72.31579784552257,0.13166432743955683,0.08250325426637463,0.02683766632446787,-0.6228733262654373,0.0321596512247212,1819.3607190338234,9.36865402327224,789.9409586588541,2.425376891320529,0.0,0.0,412.2994100141979,412.2994100141979,0.0,0.0,1824.4763875050144,1824.4763875050144,0.0,0.0,5.113986638225495,5.113986638225495,0.0,0.0,17.54521757209562,17.54521757209562
eb0d6860bb,0.1753336196339433,0.08137473047605563,0.17137612904305066,0.0720807025238635,0.26847849545887936,1026954.0,10018516992.0,306.9,20,17,0.826,none,False,False,graph-blind,transformer,nbeats_t,mae,seq,,,0.0,0.0,272.7506227493286,0.15274199376798409,769.744583616654,0.13996706971002873,7.749001786646356,0.7990335112458474,8.211611079961202,0.695871512615873,25.772340046168097,2.8664729472414416,28.158079024565954,2.751006454899788,0.02000406617575604,0.02629655399842575,0.0535461406849985,0.04443088344191121,8.660658325707407e-05,2.7587658048782872e-05,265239.1733692145,26304.384898385037,444782.1741555652,32279.923029228663,-32.98316483154979,0.5424384716383425,405.047258349422,0.4997976322301486,84.4523338874181,0.20384493712003424,0.12157386149168091,0.2909314967239954,-2.711637662119934,1.0314473393685497,1091.1283488787421,4.68358014083378,480.1601867675781,0.6473925167427416,0.0,0.0,405.04939211203504,405.04939211203504,0.0,0.0,1090.0017435672537,1090.0017435672537,0.0,0.0,8.288705008236967,8.288705008236967,0.0,0.0,28.41567286930519,28.41567286930519
8fc1b7241a,0.171715347203867,0.08094674624141314,0.16727041435276102,0.07094967485248269,0.26636380169325313,607482.0,73003137760.0,484.3,20,19,2.287,diffusion,True,True,uses A,tcn,skip_connection,mae,seq,,,0.0,0.0,254.67555424571037,0.18326836843804883,1150.9224200469132,0.6237196433974628,2.827181303796048,0.19057571702728296,3.0959400377466504,0.18105234067560097,8.254460945610065,0.5163935909457543,8.997444290713112,0.5093240126363183,0.05776666433339655,0.025484769878334694,0.07438057658075387,0.02617299072055141,2.5034725309958647e-05,1.1644270230722628e-06,57809643.45540228,1884930.4751971548,61382447.505371414,2829945.01465382,-647.0780595652187,257.93717933477274,441.3832235578236,0.63272399494816,37.173023806677925,0.0873064536031338,-0.11379976001861965,0.14772377708361434,-0.65881067956769,0.17317194245197398,1199.1013497558934,12.871437933250473,496.2725524902344,5.309093386274442,0.02944222513015878,4.841570844196006,441.3781150408273,441.34867281569717,0.3036821490973883,1.3137915364677586,1200.6520205589663,1200.348338409869,0.001118564419689309,1.7339910093297963,3.097185156885507,3.0960665924658177,0.002098252733345518,2.6256104955939352,8.987600620352318,8.985502367618972
9e3d931405,0.17931257959188546,0.08382525960925545,0.17442755212773492,0.07352670292876672,0.2711580773806429,531794.0,51830620624.0,502.6,20,19,2.28,mixed,True,True,uses A,mlp_mix,mlp,mse,seq,,,0.0,0.0,245.4718249241511,0.2854528335265213,725.565784205993,1.0161912985923114,2.1781335709993073,0.82683883761815,2.57015613284451,0.9654627509854271,3.7869435928343846,1.1593475255070345,4.054760564180158,1.2391270896409272,0.10773793537012423,0.13233380134037392,0.13752004561616976,0.1538323516022072,3.414786190417769e-05,1.26952306555317e-05,41374991.85238913,784250.8614986856,43144972.54744267,1180853.0220975836,-1817.112623239824,963.3661630741141,420.8327757897694,0.8364823866345827,34.707094324959655,0.09699495049779436,-0.8489686386322913,1.0228784834433284,-0.9694275478891065,1.16005240679213,1197.3761406268086,11.850914288680848,493.8953857421875,5.864509062634814,0.43510665696696077,20.43116919015189,420.83322441436934,420.3981177574024,0.46147468252494644,1.3431184648076613,1195.8000124547084,1195.4518501317827,0.007294418573433751,11.829627365956922,2.5596884871306287,2.553047331448616,0.011440011004080505,12.603608653740393,4.046590229213083,4.035150218209003
e1bba8e15a,0.17740747270628157,0.08241923466565702,0.17300097792695612,0.0727941137844694,0.26980384316104433,856814.0,8736911360.0,264.3,20,18,0.827,none,False,False,graph-blind,skip_connection,nbeats_t,mae,linear,,,0.0,0.0,262.7254598240058,0.29580105036390786,661.5216886003813,0.20959836908432472,10.349697129218839,0.6169769622366863,11.026835281200514,0.6592075270503266,37.56566996636045,2.1197278569462603,40.97835496411273,2.5702433883686364,0.04341215209796285,0.01656943704101924,0.08671997155438127,0.03772991560429063,0.00014719856216786637,2.6576510993778274e-05,2392248.5871337815,40583.25357533787,3885097.9427872337,32816.02613842955,-32.131425186331775,0.02531950625714352,407.0012584928432,0.4211503925856918,69.98353679974873,0.4562044483897692,0.7903776555091557,0.11226813755729528,-3.131666964996853,0.6900949792211524,886.8684991403765,4.322610706670126,421.1171061197917,1.2938692064116002,0.0,0.0,406.9524415459733,406.9524415459733,0.0,0.0,885.062997542399,885.062997542399,0.0,0.0,10.94811740449621,10.94811740449621,0.0,0.0,40.65482828767569,40.65482828767569
df6f9ccd69,0.17413210039463659,0.08126778277734135,0.1696542608832556,0.0711901570746909,0.26681483668396494,1646494.0,76225434064.0,654.9,20,16,2.045,mixed,True,True,uses A,mlp_mix,nbeats_t,quantile,seq,,,0.0,0.0,582.1673259834448,0.3770758337288548,1577.5078302820523,0.9453052924994877,3.9263000043784095,0.15660260171684068,4.198742566007023,0.17354761990934506,14.021300522904525,0.6228762625300546,15.236758419867845,0.6656953060868456,0.016590938339607886,0.010550697968979266,0.030874192160043928,0.0183882071876706,9.733893720100616e-06,1.4848279979648086e-06,18398855.884546,735368.1906063017,20176313.451407947,796335.6040171925,-310.73846712811286,147.81113264940726,447.8728056910467,0.834984752715093,87.24994179937575,0.16270221823717443,-0.01985271988415339,0.04188543710175598,-0.5993330391577828,0.11596159166414298,2331.878359928423,27.78139320931434,997.3591512044271,9.172808873683389,0.23842330303271334,25.06630296211831,447.8680380506692,447.62961474763654,0.41063399084017266,-1.1998119633732351,2328.2102272242064,2328.6208612150467,0.002311788807922266,2.58947644435746,4.176751549907233,4.174933485993919,0.004821718597536773,0.21961082566085136,15.14908785249982,15.146884303650745
add191454e,0.17878504868330086,0.08486674194316665,0.1739708855554655,0.07431466867999426,0.2726071691647053,725266.0,26862515568.0,491.3,20,19,1.755,adaptive-only,True,False,control,lstm,nbeats_g,mse,seq,,,0.0,0.0,254.88186155756316,0.13039060971367872,1035.4168809528153,1.2105707019102516,7.554225551270425,0.8435603683219675,8.172258548866745,0.9342580545644242,26.37555186915996,1.9564372627035314,28.3465886641539,2.0393515189463733,0.23336644418485322,0.18813395587876067,0.35200946528903093,0.2226513952119739,0.00012984512202206638,3.602885479890559e-05,4092387.6440787483,68322.7571468302,5384776.516699394,75152.27327205488,-373.4347864135989,140.46510627793694,420.44699924252336,1.73217253778597,40.224772665235726,0.05464147718620835,-1.0887293719376183,1.7581152967219225,-5.475040687841599,2.1984432143693104,1369.1751078753362,20.669444708432867,522.2306111653646,5.032149852504678,0.0,0.0,420.4427497738043,420.4427497738043,0.0,0.0,1367.8499092523934,1367.8499092523934,0.0,0.0,8.176193001699124,8.176193001699124,0.0,0.0,28.37357277261437,28.37357277261437
3e88b58b23,0.17533845263458014,0.08179913891380433,0.17270361614261698,0.07320485168592239,0.27056395119439397,1235194.0,19629207552.0,338.3,20,19,1.224,gcn,True,True,uses A,skip_connection,nbeats_t,quantile,linear,,,0.0,0.0,352.2872210741043,0.0388523833126316,871.0569590379795,0.15359663546995825,3.1757175911498052,0.2410521701330136,3.3976947464689355,0.2517110378465674,11.227244404641397,0.7887703870806959,12.130015053912237,0.7626734813714121,0.016182951557174,0.0032838264650704406,0.037338213114555485,0.015581596310556278,1.315318949611334e-05,1.0230719863156322e-06,2269267.6016080338,19756.873678941258,3621459.2295056432,26501.378530009035,-75.13793621600185,37.947030773292745,422.5547075560501,1.5700354888551704,88.50688587294684,0.15370656198818272,0.06806280094805574,0.014230227396053776,-0.26304373860252367,0.026515200793479413,1164.6109629630403,1.2926618520574722,554.5487263997396,0.20709679923418964,0.16351655473190854,26.415024468107728,422.53985012941826,422.3763335746864,0.06384825780742176,-0.10759871689683237,1165.527079641612,1165.5710039551893,0.000575766688607556,2.0058295442547633,3.391126772773165,3.390551006084557,0.00047171326746801395,0.3542716951365482,12.119786794768842,12.119315081501375
81627ef2c2,0.17512918888283657,0.08173183673523865,0.17341549249008448,0.07374981662089175,0.2715691746514905,492046.0,45621301712.0,345.5,20,18,2.012,mixed,True,True,uses A,tcn,mlp,mae,linear,,,0.0,0.0,197.98026078442732,0.23740365935227106,532.3294131386405,0.5218641044090322,2.919669291436245,0.10113763187813969,3.114780921138594,0.10722664846154457,9.616499194304096,0.2462330283628558,10.402284573038402,0.2621009809187544,0.017636567775382184,0.013879033629891223,0.0157743442275565,0.019479906984782223,1.6721114859005717e-05,3.486853913570299e-06,8291460.409901746,320490.2118370341,11706243.558893578,437821.4965120054,-273.6123373098015,167.3832533195635,422.31447518051317,1.088744054444902,42.003238386578026,0.26356902902352036,0.020656682124316688,0.031072550645123365,-0.7973102629920022,0.1032217394146848,754.7710996162232,8.326186816133875,366.46820068359375,4.513072346471099,0.23266959744574933,14.12578314435585,422.31736508588517,422.0846954884394,0.5809052841160943,1.2450525440815012,754.2926231183203,753.9932248484428,0.0005431072268879215,-0.8166944725657233,3.117726357995391,3.118155566849689,0.001490909278185626,-0.3914857054372074,10.410348835012362,10.411003976931912
2af0336507,0.17039507114722052,0.07975814412358727,0.16599885261850095,0.06964873780763854,0.26391047309199106,1544538.0,35617465248.0,616.9,20,19,1.771,gcn,True,True,uses A,skip_connection,nbeats_s,mae,seq,,,0.0,0.0,469.86782535910606,0.2003262381497355,1600.954635873437,1.0226382011604342,4.493144371944538,0.10115919489328963,4.852476413662607,0.10683548219397483,14.75538437178338,0.3998100402432445,15.93735145752268,0.3669810533550752,0.0723832878759736,0.022761642487061435,0.11044288954970623,0.030180955311185524,3.611952499983628e-05,5.412394531656268e-06,12602150.42137591,31162.231723083587,18292782.89878948,91486.8688547002,-344.17029347349103,146.39029441079995,439.0149719226053,0.46564370163288993,93.21393016974132,0.04602863539170795,-0.0987760365891025,0.13690244556763487,-0.7515812612955296,0.12846885624563142,2088.0927219445007,8.636927378117177,839.1778767903646,1.5896535734154156,0.09105481641175099,27.323913697911056,439.0132253448931,438.92217052848133,0.13859948007984713,0.23457972831955407,2089.560741838082,2089.523475081317,0.0020777631711640745,-0.6679982691936015,4.860642960374595,4.860666689747909,0.004765714578190601,-0.3009063344658331,15.989645328254795,15.9890991372829
ce2459baa2,0.17831546037219137,0.08410322588737237,0.17335657236982047,0.07353111323813168,0.27116620961714916,1152202.0,37903020032.0,413.6,17,11,1.762,diffusion,True,True,uses A,mlp_mix,nbeats_t,mse,seq,,,0.0,0.0,411.3509831229846,0.208977866763119,1110.0571988342951,0.8061152345161937,9.80021140689496,0.9413474572199114,10.686532718434213,0.9930922509657943,32.15847180241406,4.0459962962116744,35.003574367910566,4.2242059393821085,0.17969578449593304,0.035845614451081656,0.25823079429264145,0.04096901789894912,0.00016609798422899594,5.852259030525536e-07,14165661.17301179,515955.65246921877,15529340.505949771,731707.5629134396,-43.908522131473774,4.739921873161778,417.5666728481827,0.41248875960156767,83.87922235329945,0.17627198857896156,-0.24488855366101236,0.15296262776907302,-4.708555640119284,1.2369497737990478,1754.2641032563158,7.426554741965092,773.4749145507812,2.5835431299594322,0.037191818438486735,3.3568114158870217,417.56504638100364,417.52785456256515,0.17142849825624276,0.2731580283196933,1753.1405760278658,1753.1385070720485,0.0031334166697879104,7.9391274138155286,10.730292365148047,10.728058818998429,0.005562647201055408,6.458780678782511,35.19279330162867,35.18859547866569
f4e5154a76,0.17438534122416383,0.0810620928953206,0.16986642728894305,0.07122817565008331,0.26688607241683354,578330.0,4790054912.0,322.7,20,18,0.244,none,False,False,graph-blind,sep_tcn,nbeats_s,quantile,linear,,,0.0,0.0,247.64330255488554,0.1205109279306459,620.5751740286747,0.1951632308404155,2.437531132693645,0.18919288100960788,2.5891943660298438,0.1921551837290172,8.593226906057504,0.6574334051832624,9.296795311944356,0.6844437667133323,0.03415271408990882,0.0200003393830625,0.06305301953656274,0.03292757784970571,1.9064400149137457e-05,2.55721984056214e-06,14285888.014974905,153769.02530352803,20808617.14003909,171873.73812093114,-32.12988386324778,0.012662837104855124,385.9793052750684,0.09472429541853332,41.25488861401876,0.019547007902791826,0.05143098051488373,0.010098371721981986,-0.3338016877732661,0.07418564883084777,967.4800081010268,11.633610520266734,395.2793375651042,2.299375965782402,0.0,0.0,385.96470346567287,385.96470346567287,0.0,0.0,968.6745881105836,968.6745881105836,0.0,0.0,2.594808739143072,2.594808739143072,0.0,0.0,9.310192693078976,9.310192693078976
81c83feb2d,0.18002321438618676,0.08506289798998667,0.17686423150577932,0.07594311045748847,0.2755777756958795,1252042.0,11966758912.0,378.9,20,19,0.311,none,False,False,graph-blind,mlp_mix,nbeats_g,mse,seq,,,0.0,0.0,423.68687049547833,0.16731984429544491,982.5713628580173,0.3564647692053551,12.329391704455096,0.2164532279164718,13.334997765401551,0.2739694259127735,45.877185609036786,1.223739590247275,49.70287636379922,1.287367065057562,0.18751716537699772,0.056684996286047236,0.3085279461944939,0.11267466131530753,0.00018674908464500362,2.4239371946283763e-05,31925190.6382578,509361.4001009399,36255824.83692201,612545.1180519402,-32.84308329729875,0.10183507516104177,406.1263417749455,0.27235263339282245,71.35828398333656,0.03488101139555672,-0.28216089712901316,0.2678600751844663,-6.933156897835573,0.5474679582735923,1513.7150728797205,6.505306174392079,722.4783732096354,1.4892234542579907,0.0,0.0,406.1404913552413,406.1404913552413,0.0,0.0,1511.7454153044823,1511.7454153044823,0.0,0.0,13.288387580305296,13.288387580305296,0.0,0.0,49.55814263590926,49.55814263590926
ba510a7494,0.17409276642232238,0.08029393650436512,0.168998615080316,0.07030933721348492,0.265159079070442,898794.0,8187441152.0,328.0,20,16,0.269,none,False,False,graph-blind,mlp_mix,nbeats_t,mse,seq,,,0.0,0.0,329.7578650712967,0.14217466657090447,820.1272146975001,0.12199900707140164,14.325689599031952,2.1320995967070533,15.292813461391482,2.220478384085272,51.0214659499469,7.6285307764997174,55.25149854141187,8.76559042439972,0.17017963887413112,0.014212826180985282,0.31845228396119213,0.03706154228922032,0.0004507606199249822,8.594076772071612e-05,12830275.047666108,306799.19436306274,18594192.82997306,456180.6706268963,-32.12806960406938,0.035890820400150084,398.87831949507466,0.34163110026486726,54.83161008358002,0.06656959352319418,0.28612744937978113,2.550464709921902,-14.907350924330865,7.710419988881938,1372.0298584684504,8.132399657120649,618.7658284505209,1.712542196010737,0.0,0.0,398.87288446754854,398.87288446754854,0.0,0.0,1369.6475002833215,1369.6475002833215,0.0,0.0,15.215274267584878,15.215274267584878,0.0,0.0,54.92455738405599,54.92455738405599
f2e9572d19,0.17324544716514562,0.08091979878191034,0.16935786625523588,0.07145466318872756,0.2673100506691201,869874.0,35775308704.0,385.9,20,19,2.02,gcn,True,True,uses A,gru,mlp,quantile,linear,,,0.0,0.0,319.34960093100864,0.28731848042044084,886.4914976749569,1.080026192746194,1.5891494221868925,0.0791033596787796,1.712801005324484,0.08354059405835645,5.112980633172353,0.2101754630538621,5.484705986756619,0.21561540985767164,0.021335344102503928,0.01842029318377825,0.033644681064430915,0.016794192246307873,4.117551085931823e-06,3.478736765690636e-07,14320927.5942538,248752.20774379588,18611895.02013525,322745.973404433,-210.29088562448578,176.80631634578933,431.9890967476415,0.599220502819664,73.21809771325853,0.01669574776962854,-0.016623847271031344,0.023903107632786007,-0.11813488249523625,0.025665686669317962,1085.9654305939882,4.1658301104136815,517.9567260742188,2.310954460252036,0.25934560764640463,25.836994052126272,431.9876698114475,431.72832420380115,0.2827714540968221,-0.8496483933631016,1087.2291098737048,1087.3166613714855,0.0009677378856210636,5.1103717193803435,1.7112625655453395,1.7102948276597183,0.0013758945490274972,3.085517096233086,5.479287356997978,5.477968003162437
5dc2ed791b,0.1792716245590677,0.0839104580135874,0.17505291439324058,0.07398787725711453,0.27200712721749504,827886.0,103048360400.0,562.7,20,16,2.552,mixed,True,True,uses A,gru,nbeats_s,mse,linear,,,0.0,0.0,285.3820181687673,0.3238748235110595,773.8323909845203,0.5722077884762039,15.859583093334322,1.64532918496829,16.934568511680457,1.6097542176031494,49.49436879827812,5.2449940937831565,53.67388264937251,5.664520517865509,0.3552580518406463,0.2001804147021135,0.4417226872148497,0.2363066187314245,0.0004347381978329153,0.00010601244482206764,88665601.46011041,10314342.198300026,94042242.08004403,10584662.764889041,-267.53947523577153,244.38887309777093,439.2104408979439,0.5555855284170501,50.64839928679996,0.24479414486403486,-6.037199173377542,4.709688923729427,-17.11138583263251,7.301481671770253,1023.0722348225314,10.682654379752767,500.3186442057292,6.088594733978577,0.14480405426053267,5.600906318307671,439.2239940103599,439.07918995609936,0.17188673853972128,0.8524511645506643,1021.8825851160663,1021.7398383111293,0.050824013993916374,11.299274757504085,16.986800445719926,16.93597643172601,0.0764752580683729,12.383671476971722,53.88942386211353,53.81294860404516
b0c1900e27,0.17879012705409775,0.08353981585618254,0.17635524604915712,0.07500871386577901,0.27387718756000656,1388138.0,13304303616.0,363.8,20,18,0.34,none,False,False,graph-blind,gru,nbeats_g,quantile,linear,,,0.0,0.0,426.7612984975179,0.23235373306637838,1077.5164011766512,0.344858936513843,1.4188014739217276,0.04803728816671275,1.512998313128878,0.052521859468369334,5.3713728987048155,0.2329884496376465,5.78392143832549,0.265161139205001,0.0009906504948258507,0.002407274569279043,-0.0004902900338640773,0.003479678397738919,1.6369088912346263e-06,3.2101112298888294e-08,3605154.5037056226,43176.84967102343,5727913.229849059,63741.36148545221,-33.193843068190255,0.28168139407268494,404.4240606262894,0.03256082587161646,66.16460500823128,0.04103529365716668,-0.008727029574210723,0.005388818513990182,-0.15384502698616367,0.019919812084998705,1337.6196568990779,5.164761800983345,610.3707885742188,0.573631031266104,0.0,0.0,404.4219395882892,404.4219395882892,0.0,0.0,1338.860538430093,1338.860538430093,0.0,0.0,1.5100089192718529,1.5100089192718529,0.0,0.0,5.78088292699969,5.78088292699969
2c1a98ab68,0.1706335387659403,0.07940114246504962,0.16791218532112254,0.07038280585240492,0.2652975798087968,658298.0,4894621696.0,456.4,20,17,0.839,none,False,False,graph-blind,sep_tcn,nbeats_t,mae,seq,,,0.0,0.0,333.3152933468421,0.10094276971898755,903.6267943531275,0.421979087936261,4.897612301859529,0.6863619000975988,5.3936778886368835,0.7038352092787801,15.101345652570219,2.5805097464267845,16.65643569652355,2.8141924181261557,0.1052168938587374,0.00498522842320155,0.1810040919886952,0.014570876212861125,6.501571500373799e-05,2.5508436375792774e-06,57177258.072936855,3464585.3595429896,62431544.00397589,5705224.771158691,-32.892651612941044,0.06167722080675512,384.1548856406827,0.3597752669595249,38.44964484373728,0.08024719039755689,-0.05944576135403745,0.24117693545644237,-1.759928617181755,0.7617781506266156,1616.6401903758463,20.604544031226318,670.5385945638021,3.135694881544251,0.0,0.0,384.15302652635296,384.15302652635296,0.0,0.0,1619.338498324942,1619.338498324942,0.0,0.0,5.377039955990123,5.377039955990123,0.0,0.0,16.668154318070414,16.668154318070414
e479b31695,0.17788821242009795,0.08402754541908071,0.17442640698747375,0.07431107956222642,0.2726005861369825,1372930.0,47566907664.0,557.7,20,18,2.026,adaptive-only,True,False,control,transformer,nbeats_g,mse,seq,,,0.0,0.0,435.847736487786,0.4687445975382031,1375.5527954523761,3.130486999968346,9.767465350227818,0.5476371795117142,10.415477702518777,0.6243344671572194,35.359131395497634,1.302226865376706,38.072971817824396,1.4845526200990993,0.1085251259694111,0.07514711921278724,0.16085644632707854,0.1197756839361996,0.00015451558786166934,2.618969787507937e-05,33924207.29600354,1054324.494059186,36341190.26326305,1607765.6658015368,-470.67317313104286,285.25852216468024,439.36026055259254,0.41013299792667,70.96663036611345,0.01832526944252076,-0.3937255664533193,0.6462993354940202,-6.80008556763904,1.5436358071381264,1597.0894111578807,11.8626235080505,799.5467529296875,3.929441244285372,0.0,0.0,439.36037177984457,439.36037177984457,0.0,0.0,1594.7717791003154,1594.7717791003154,0.0,0.0,10.44103101397057,10.44103101397057,0.0,0.0,38.12535369752569,38.12535369752569
febab5dfb1,0.17563021582213614,0.08258009216733123,0.17201329637829532,0.07309119284669043,0.2703538289847037,351482.0,23176979360.0,338.2,20,19,2.018,gcn,True,True,uses A,gru,skip_connection,quantile,linear,,,0.0,0.0,208.82988196611404,0.18952418779956934,664.5138524267823,1.16317045485609,1.369689710290307,0.05029592041390242,1.47350219330798,0.047135209227650555,4.620816294423531,0.15457161205190426,5.009927175374169,0.1537019242947782,0.014344173619714276,0.010354257574579275,0.020235228736578233,0.012248756528673776,3.5902813936263338e-06,4.281783657853715e-08,3576450.997632139,186540.49051922778,5355612.516029433,213205.4434621024,-445.8265015505014,128.56840521161567,415.2057478386476,0.3549838007127424,21.537477771441143,0.019515262656184456,-0.01703501088628826,0.0054027487095451646,-0.2447499402284322,0.008715412515910919,763.9823518494842,4.151050656754007,305.09246826171875,0.6904899569963254,0.22528358645494487,26.769394795920295,415.206825625295,414.9815420388401,0.09077799273658609,0.6968127869025031,764.0943126828688,764.0236658211601,0.0003739693352065772,1.9645307739327247,1.4703375921986759,1.4701953902871117,0.0007041244114690907,1.1207145032456227,4.996832223627878,4.9967623498100915
9d136b86a2,0.1727232099542992,0.08011617158769735,0.16843752361737288,0.07037263235230466,0.26527840536369457,976446.0,77759897600.0,416.3,20,19,2.548,mixed,True,True,uses A,mlp_mix,mlp,mae,linear,,,0.0,0.0,335.2112972338994,0.21325886021759494,688.3224184612433,0.4567185091182064,1.5024894663462571,0.17447053746747535,1.6066688641490714,0.1799023210454368,3.4121902322071214,0.27334386171166464,3.5738052130435687,0.2881212456995397,0.007619120685974788,0.02855675584347503,0.01148951937639576,0.02700627489037742,9.48321758268225e-06,5.451270695536921e-06,34543417.592423744,1178443.0765831557,43547591.19180223,1264889.445560466,-1178.4974564734646,674.0923601351235,431.485371315038,1.674655369523911,77.8628345463011,0.0683143285226259,-0.4698465641667659,0.36984336002326135,-0.502191257806409,0.3777924050230609,1090.0170286541397,5.1821233276475915,624.3410034179688,1.880626074429441,0.3209984830374992,13.16596757348173,431.49255206119005,431.17155357815255,0.09704963167420526,0.23991520351876425,1091.401530670967,1091.3094826955444,0.00588556928115147,8.064916933331158,1.606085220261501,1.6016150479223088,0.00951843609159786,4.465496523731098,3.5753937527686954,3.5698873131182376
79e317b2dd,0.1768908653468513,0.08315814400035845,0.17336779776933733,0.07364281747076247,0.2713721014967502,1021002.0,9901203456.0,337.2,20,18,0.827,none,False,False,graph-blind,gru,nbeats_g,quantile,linear,,,0.0,0.0,303.6907394826412,0.34633993607799846,771.0749700690309,0.8599312633125448,1.9609146720798283,0.08961242189858548,2.063366440848051,0.08886847612573685,7.1428440946033325,0.39865330510018787,7.662447554746802,0.36709338232940775,0.01908396510777068,0.0070389169479297764,0.04009885135363365,0.01087351119834524,8.236631602029365e-06,2.2983778655283427e-06,7908940.815909084,156406.68368613697,10167077.47189814,224228.30558585763,-32.07576585040775,0.012147311002977229,396.73976024149107,0.2547730800040182,55.31737750106388,0.03291112953202568,0.015082206776176658,0.0070779419379697174,-0.3717228204717619,0.05293963383461689,985.5120445164557,4.674310321494295,450.0741373697917,0.9256167488088484,0.0,0.0,396.73693284926253,396.73693284926253,0.0,0.0,986.6547603649357,986.6547603649357,0.0,0.0,2.0711015849352408,2.0711015849352408,0.0,0.0,7.69528570383601,7.69528570383601
d8db5cccdc,0.1716419503815455,0.08100903158099768,0.1678089804721601,0.07088537034491268,0.26624306628513855,1409798.0,40418972576.0,586.1,20,19,1.768,gcn,True,True,uses A,mlp_mix,nbeats_s,quantile,seq,,,0.0,0.0,500.35786638657254,0.36015006880132355,1585.2233133291204,1.7748621569158558,3.9747390936511997,0.14994111549170422,4.346903256474785,0.16839079402240623,13.691035552504651,0.6865925838846014,14.895067987105968,0.741317355184763,0.021472194785672607,0.019390657433888455,0.04341668963950112,0.02049426009473818,1.6661802276647953e-05,8.783202349392493e-07,3709187.245977728,185398.13691840976,4644595.240972298,197546.87992429567,-158.84004073161108,74.25505396296175,441.9320607880465,0.280697344300381,94.8013759719001,0.32836880326095874,0.03553680936545751,0.018529935473857995,-0.2996065362138405,0.03807429327528199,2304.110103355197,10.055438513164473,911.6680501302084,3.253997986273667,0.18835190640497027,27.444370792989158,441.9473287853794,441.7589768789744,0.11633193665375074,0.14309070762795673,2300.330608485842,2300.2980155383407,0.0005353689012454291,0.9031713171921385,4.35899211217675,4.358456743275505,0.0016655365814906749,0.024335909944610618,14.925772131431565,14.925326486239936
a54b87cd0d,0.16942935307912407,0.07956694088893454,0.1653502201750165,0.06959973948041426,0.2638176254165257,1246362.0,10673840128.0,552.7,20,19,0.849,none,False,False,graph-blind,mlp_mix,nbeats_s,mae,seq,,,0.0,0.0,485.7777250558138,0.5920459778909335,1346.8994447092216,0.09973596596079343,4.149126443361941,0.47769894223677173,4.687011302637326,0.6168464770730482,13.48124238712498,1.6731463847628114,15.112414243805341,1.913379827318691,0.07008451794876673,0.03477514491583887,0.13541068738347042,0.05413144805968548,3.763086371836558e-05,7.108344254653276e-06,16638205.215396145,469955.76664356416,24419097.735982228,691015.6743251338,-33.48778205837232,0.16920845209239582,407.7357224152511,0.16945885263488264,65.40944488843282,0.033822847116418205,0.03448980370331275,0.08053186478594379,-1.039282120650557,0.2471034304300167,2157.3768283577588,26.037782648497668,887.5553385416666,4.251305418319913,0.0,0.0,407.75904153667756,407.75904153667756,0.0,0.0,2146.861543657251,2146.861543657251,0.0,0.0,4.665139715673714,4.665139715673714,0.0,0.0,15.017040165091725,15.017040165091725
aa06668ac6,0.1735108494758606,0.080289045602565,0.17089150820631657,0.0716626982044692,0.26769889466426494,1932738.0,19678674944.0,498.0,20,19,0.451,none,False,False,graph-blind,sep_tcn,nbeats_s,mae,seq,,,0.0,0.0,542.6233425140381,0.41534395587415934,1377.3859699765842,0.26354816639451795,11.546314979579014,0.32414529367959893,12.21578008498683,0.2758665746518502,42.8663377639661,0.37382281676575413,46.53967770459815,0.5956282549077931,0.09740866728761137,0.033604144126594494,0.1968524560987199,0.06238965337776938,0.00019310637528955517,1.4174844308556746e-05,5818482.453604117,18844.768079269816,9439250.10710296,49341.2048525341,-32.20252169640878,0.046536039656832846,423.9736342019136,0.2557340417095646,106.34562215540143,0.021151542676943767,0.5687931268984507,0.21069111915436203,-3.77734942903801,0.411960114455537,1953.3110969962945,4.63541950862911,943.4737955729166,0.6155362177611321,0.0,0.0,423.98006858607596,423.98006858607596,0.0,0.0,1956.1759635662183,1956.1759635662183,0.0,0.0,12.24776139798629,12.24776139798629,0.0,0.0,46.714144103972366,46.714144103972366
b19a1290cf,0.17342682585429925,0.0807852578235416,0.17006023943768264,0.07150551701907988,0.2674051551841884,968626.0,56742781856.0,465.9,20,19,2.302,mixed,True,True,uses A,tcn,mlp,quantile,linear,,,0.0,0.0,302.03649067878723,0.35132023799661144,948.360130780687,0.7527499709198466,2.277072750701336,0.17141572376060857,2.459967650946217,0.1791993834045913,7.443657377735236,0.29284028414111707,8.083241651168256,0.36103037403107835,0.026110518941330426,0.019447995442820176,0.04304081783589158,0.010022970367652968,6.9627441638338544e-06,6.353808862944825e-07,6730266.842321404,218337.8948283306,7243555.319665372,238809.02178286656,-262.6836591355156,73.18661871143928,430.8744007435602,1.4015098456234187,62.59184185663859,0.05626571011444174,-0.01589643985040093,0.031461111208634235,-0.32350557015888115,0.03613109499045014,1140.4704525527334,10.146245023301931,517.3560791015625,3.8366720058990977,0.1601434624911159,13.380542223746001,430.88117315363394,430.7210296911428,0.3014132299256289,1.0879770618268854,1139.756014314345,1139.5258659765407,0.0023220267511986727,3.8529854535820935,2.458468562427085,2.4561465356758863,0.0027924315687828383,1.015422117698825,8.074352130305146,8.072293659273397
90333580ed,0.1753710194148863,0.08239601944803365,0.17151995787630867,0.0726881997022794,0.2696074919253532,1318058.0,74560410064.0,410.4,20,19,2.288,diffusion,True,True,uses A,gru,nbeats_g,quantile,linear,,,0.0,0.0,372.8954144517581,0.2578879633270955,921.4373858471712,1.0328610050968274,0.6291760128278838,0.05254117883818294,0.6831833268392904,0.05088516423179256,1.611648553580588,0.15812433432259504,1.7029569191786125,0.1690311361987464,0.001591267619621069,0.005010261177909317,0.004972167995197912,0.007366178084604109,1.0652682264406644e-06,1.394491947898528e-07,14045928.07922464,377555.9865392599,17454546.84518348,360471.01572209527,-2458.784315199842,428.21371133339665,430.6066052713343,0.3081207815797772,76.18988494078319,0.025430404022966258,-0.01886546604056469,0.0016008113679762397,-0.025583044150322712,0.0012758279625922815,1156.7705794137178,3.9903380019620447,642.0254109700521,0.4624249046521324,0.08247810832138687,5.006615737963274,430.61079437010756,430.5283162617862,0.21446654222230185,-0.13817942423348975,1156.145441985639,1156.1533028777417,0.0014301569457638719,5.800677216828032,0.6839381743440932,0.6825080173983293,0.002557061977084422,5.533459670747991,1.705911684304291,1.7033546223272065
66eced94f8,0.17469666000051257,0.08079003121093019,0.170992081024258,0.07178094542946822,0.26791966226738234,375226.0,2413461504.0,299.6,20,19,0.219,none,False,False,graph-blind,transformer,mlp,quantile,linear,,,0.0,0.0,237.25039756298065,0.07598721745192874,497.63270640869933,0.3382951645048964,0.5539569480315549,0.05177305958512737,0.6015197916538022,0.055038295438264336,1.332200949590298,0.17818267093195567,1.433924758404822,0.19856758007326678,0.006805152623461076,0.0058676644197274,0.011929618616922126,0.0082409129475491,6.54644138012051e-07,1.4396367717763466e-08,10901767.303706618,96978.70071371083,16377276.420789456,109577.649405363,-39.26832690802143,0.2885443389765617,363.6090729294053,0.18756458058858314,32.66540683640374,0.11705943847911822,-0.00792694956373779,0.0034890010198955134,-0.016860457995332152,0.0071982095871740695,887.6551320921075,10.279200576568886,382.09446207682294,0.5681580935041145,0.0,0.0,363.60334895475575,363.60334895475575,0.0,0.0,892.8654072327311,892.8654072327311,0.0,0.0,0.6028850790872089,0.6028850790872089,0.0,0.0,1.4343108688548722,1.4343108688548722
4d5e71bc4f,0.17217602049093048,0.08017608895037522,0.16711359614933724,0.07030294835997522,0.2651470315880893,1072370.0,30876623776.0,456.1,20,18,1.754,gcn,True,True,uses A,sep_tcn,nbeats_t,mae,seq,,,0.0,0.0,339.90627305209637,0.3294119405417898,1139.2724218269188,0.5511630589860551,6.333865765051239,0.560741010440046,6.724216204336362,0.5704081012632621,22.871747880038225,2.0353755794215798,24.667663301962676,2.073813274647193,0.04511011838544948,0.01781197041754275,0.07975301847123642,0.036630433431629104,4.7365553590011436e-05,6.942171821279226e-06,4862992.495523315,60279.452054389694,6981781.425096237,74985.19113969807,-136.03553712646135,53.145070643214375,429.4634923518417,0.3967353858598698,68.5065176486969,0.029137723480248148,0.0058978560826479,0.21162521741475795,-1.8938364316614997,0.7599481157885002,1486.50099866783,1.978953982820264,627.3383992513021,3.0046044644571666,0.13389847107778982,27.28504998723356,429.4551131767165,429.3212147056387,0.06061180841326556,-0.3648800099842578,1485.293060198205,1485.3536720066181,0.0007861737429862478,1.347460520939421,6.741032818596296,6.740246644853309,0.0033482086947268876,0.5966822585943352,24.71365338482982,24.713312460800896
30c63c1005,0.17046902609201833,0.0790648111776722,0.1677938698217122,0.07032854231706086,0.2651952909028757,446306.0,2898706432.0,356.8,20,18,0.823,none,False,False,graph-blind,mlp_mix,mlp,mae,seq,,,0.0,0.0,222.77581564585367,0.13335801366329975,592.8145415385565,0.17738004868117652,1.4278841881799356,0.04459498561103082,1.675815190391166,0.0401172119022613,2.7404349138284014,0.10999573692290342,3.1471514242902394,0.1600168085821439,0.019864003571062827,0.007032233377576105,0.053142603986030296,0.008110983034604287,3.1535015743039714e-05,5.497415710819204e-06,10770874.784806605,124443.990340119,16238658.100440549,180110.88169725522,-37.724466895654196,1.2134723409163624,363.8294873162622,0.31633265591184967,32.33399682574802,0.12427551337984241,-0.02703242431292549,0.00739747533319795,-0.08128443200562747,0.016201572765245423,1127.1199255303284,11.319512051445786,449.77834065755206,1.9795906342165728,0.0,0.0,363.8493201686936,363.8493201686936,0.0,0.0,1124.1897098627105,1124.1897098627105,0.0,0.0,1.689754566111649,1.689754566111649,0.0,0.0,3.153900146256768,3.153900146256768
de9ec1b15f,0.17618542197257211,0.08201271094226947,0.17336634330419234,0.07319912727906075,0.27055337232986165,896386.0,8438067200.0,378.3,20,18,0.304,none,False,False,graph-blind,transformer,skip_connection,mae,seq,,,0.0,0.0,305.6709615041812,0.10241455399517932,840.1299252112707,0.45905439107150553,10.190620798772821,1.1745633408401162,10.765358235509638,1.197507558237133,36.422173668548936,3.9517790821182057,39.63755504586148,4.177099583226442,0.19704443062409305,0.03732225263386335,0.32913027564048,0.062311613740878145,0.00019200384810403928,2.5060661711680442e-05,245880734.31905147,2697358.3571733655,345770286.2295869,4618887.495202061,-32.535449678521424,0.10280854144702953,404.5853898775408,0.29347035699559665,55.28840307394663,0.0391813488250294,-0.19227524309072178,0.7238987098587338,-4.4561896085470165,1.996861118427813,1288.4273665722483,10.097333679483272,550.8067830403646,3.5190059177130255,0.0,0.0,404.6136900783423,404.6136900783423,0.0,0.0,1280.9550337669946,1280.9550337669946,0.0,0.0,10.874974545934329,10.874974545934329,0.0,0.0,39.92573575644843,39.92573575644843
e88204c40e,0.17284333478771235,0.08046458644349361,0.1690748911829394,0.07104715478282642,0.2665467215758363,802038.0,27957694464.0,381.5,20,19,1.752,gcn,True,True,uses A,tcn,skip_connection,quantile,seq,,,0.0,0.0,262.4443998336792,0.30632206868364387,673.3726857503256,0.7309722651271262,2.848973539483268,0.3369264834794345,3.0755001752147195,0.3557030727516236,9.706584924568288,1.3101539599429894,10.568744190462612,1.4783193345270713,0.018408428921750184,0.014167953467539993,0.035096234908068534,0.032679760401500293,1.3419872924131718e-05,4.152484491235438e-06,2326633.7996610976,133925.27149011244,3176162.1866904837,151541.83031221153,-245.636540717992,25.731052719045955,427.8264807729524,0.5787852412264155,47.81866660383013,0.0963687584514491,0.04181181126634995,0.025183370100401205,-0.3299572259654625,0.11249807560891759,1113.9210180331104,6.114397473250185,520.2751261393229,0.8597716981252647,0.4116865607982921,28.901152257464055,427.82050902633205,427.4088224655337,0.056095795971865904,0.2823784414407125,1116.3779463481228,1116.341888989182,0.0011811950066986654,2.8881617438113665,3.0573218758496057,3.056140680842907,0.0023810047661581755,2.2485765433235123,10.494695410198323,10.492314405432165
72146de473,0.17278980351898465,0.07984518168567234,0.16851153791294812,0.07046323148547141,0.26544911279842587,1168058.0,10600148992.0,440.2,20,19,0.841,none,False,False,graph-blind,sep_tcn,skip_connection,mae,seq,,,0.0,0.0,345.5082013756037,0.19182257802899305,978.639766395092,0.566713656666591,11.360314445225717,0.703849320382347,12.002116011088495,0.7287986161693661,40.00883056903047,3.2435910807318855,43.5474013750791,3.407268132538338,0.05104203710549515,0.05881358209258195,0.10101261031181004,0.1114397095790859,0.00015531920841016622,3.705929981062541e-05,3779623.3087408994,35579.41385550484,6322340.264561067,50000.71904502395,-32.19394008755441,0.04437472434489845,406.2959391016022,0.27848073048726263,63.109061982896584,0.07351405644627908,0.8234678675565448,0.24054536932100132,-4.806279552371934,0.6356750066799536,1545.964722419253,7.590400521523674,660.3454793294271,3.6535793812962947,0.0,0.0,406.2352002534952,406.2352002534952,0.0,0.0,1554.2718647915272,1554.2718647915272,0.0,0.0,12.134293686597287,12.134293686597287,0.0,0.0,44.14704883639914,44.14704883639914
fb998189b6,0.1764770348752068,0.08189329210729027,0.17355155655401955,0.0731538470452826,0.27046967860609183,659102.0,67541180416.0,427.9,20,15,2.021,mixed,True,True,uses A,sep_tcn,skip_connection,mse,linear,,,0.0,0.0,230.5214947114388,0.4349121652826799,608.7558726742864,0.8622014805996939,7.0430895166355185,0.2299248944987982,7.536543084406392,0.19820974230256536,23.30736210432524,0.06815729883345821,25.04013511748452,0.10862683533866097,0.15189300797685748,0.050226602683541705,0.20004467227088277,0.035835799284723545,0.00010146036605102302,1.2070904498448546e-05,8143052.123163427,394910.5648189721,10016622.80486029,468958.73228280485,-443.6127401805606,313.76209121561,422.0531024296144,0.45453911935459934,40.371277160114715,0.08316587582346728,-0.6451657351018873,0.4837631885576297,-5.093194958442058,0.14647779627221472,855.7558030208766,10.194905097096454,408.34007771809894,5.323772719210909,0.14850667335798562,5.810557777305942,422.0580638193647,421.9095571460067,0.3881968156918371,1.759720819198294,858.2398709899418,857.8880669659186,0.013879327884240547,8.463128403158342,7.557521538665687,7.543642210781447,0.022543140042011817,8.042758536158713,25.116291268128094,25.093748128086084
d417680389,0.17545665380723482,0.08198694829715042,0.17369851613199555,0.07360634010548543,0.2713048840428153,315298.0,2684026880.0,216.6,20,17,0.208,none,False,False,graph-blind,sep_tcn,nbeats_t,mae,seq,,,0.0,0.0,166.68561405936876,0.2460055778541797,371.32879807054996,0.1849133927587494,1.3125371885932207,0.10187431194619335,1.4251465190364823,0.10580447568880595,3.2294765818393283,0.45064442906463603,3.504014797902579,0.48595199444091836,0.03718007033303219,0.01621601064737275,0.06764852682053905,0.022022839780109153,2.719140289644295e-05,6.923591131373777e-06,27294359.82149151,1737966.2731944385,29197558.48961243,3183958.8129360056,-34.463800723123,0.33355030443983225,364.48204294914404,0.08744031333149643,28.012285603417293,0.149455921908545,-0.09592829664603884,0.01883288872031808,-0.22140166763390637,0.039737472011014595,685.5417950529724,3.8800005784213787,342.0235087076823,0.5686602437004533,0.0,0.0,364.4621627194787,364.4621627194787,0.0,0.0,683.3186344148834,683.3186344148834,0.0,0.0,1.428561380802042,1.428561380802042,0.0,0.0,3.5130626744152447,3.5130626744152447
1efe013fe6,0.1740843603434794,0.08082650918470519,0.16913969742099272,0.07109381469856264,0.26663423392085767,997982.0,44055511968.0,393.5,20,17,2.026,gcn,True,True,uses A,skip_connection,skip_connection,mae,linear,,,0.0,0.0,338.7673861980438,0.2594581118007594,897.4519021150967,0.6645490555796556,3.4724086885204692,0.08094600997215565,3.7545475515328275,0.12205937470334542,11.497322801716775,0.13171450781908742,12.358868487521397,0.13384351861504518,0.04039941910571331,0.015186048134484119,0.06980373989738958,0.034965236390863616,2.2228692058674305e-05,1.924843574387661e-06,12502856.498163516,798966.8481567437,14095009.643702162,919527.0984574034,-465.94662502103375,274.2211505362179,436.8594518742496,0.8744692712346775,65.72364001803928,0.07587146114785143,-0.16755206320369154,0.06755083049857986,-0.8738639380371748,0.08168003921414482,1084.0983352064848,5.303702793130895,553.1316121419271,2.7811545712521517,0.3443049069371682,26.730594016832175,436.862269716304,436.51796480936684,0.13159400772572857,-0.1530290571638061,1083.3825531844345,1083.4086099125518,0.005623354222441979,5.1308294774724885,3.7518728874745806,3.7462495332521386,0.009563467549059013,3.2684693993258063,12.340290889025898,12.330727421476839
3567ddd296,0.1739727335080814,0.08047847031652239,0.17082619729840223,0.07172494773439858,0.26781513723910116,1077986.0,10069483520.0,363.4,20,18,0.839,none,False,False,graph-blind,skip_connection,skip_connection,mae,seq,,,0.0,0.0,310.3738518357277,0.08826403976573073,768.4491538405418,0.40551893513207415,3.1900757043258636,0.043888100952125295,3.42319785962666,0.052344187124526355,11.714489080325516,0.2665478888285944,12.69578537994128,0.28170845552670015,0.01859050756064946,0.016839758154135638,0.03079149577617467,0.03853559392299122,1.0688626771022674e-05,2.2314663354023996e-06,30858882.412377577,818826.7231929712,34304050.4159071,1437159.6485426174,-35.48054173019364,0.47787793012113844,393.94905958194227,0.1962906366869371,47.150422586335075,0.022731583365893555,-0.03104185228645769,0.024118190709633607,-0.878323957669975,0.08781224300160864,1168.2672504533255,5.4242796655823655,542.4153645833334,1.0234885862249614,0.0,0.0,393.9684880939354,393.9684880939354,0.0,0.0,1172.4389453510728,1172.4389453510728,0.0,0.0,3.416228002707074,3.416228002707074,0.0,0.0,12.690379495964779,12.690379495964779
e7b0fef5de,0.17782643533744108,0.08236162754218793,0.1739306110496301,0.07312493806148504,0.2704162311354203,1076070.0,9968480256.0,342.0,20,18,0.837,none,False,False,graph-blind,mlp_mix,mlp,mse,linear,,,0.0,0.0,388.0164713809888,0.5153140847921248,854.8093136101961,0.5493945490617954,8.057793343691932,0.7447945438286856,8.700958601796293,0.7789007675787878,25.76985404159032,2.2974766666374333,28.128621470908968,2.7684196550790388,0.1452202302813063,0.0015401106773910486,0.35234128536985737,0.03329509184812415,0.00017721588861310884,3.60348478089278e-05,296199.4766314279,23051.178696398692,415919.18471303646,14686.627038056256,-32.48592860044291,0.06986732641651647,396.88541871856296,0.21051509170823646,69.17858069472844,0.11012336837383907,0.5993361445090095,0.21916542495549368,-7.38116640461737,1.4631815857484587,1370.806171953831,2.015777631645136,637.3991902669271,2.597652336028424,0.0,0.0,396.86742833301355,396.86742833301355,0.0,0.0,1368.574121048126,1368.574121048126,0.0,0.0,8.74171478503302,8.74171478503302,0.0,0.0,28.240829571032233,28.240829571032233
57986f1d79,0.17803603868423928,0.08285196646875928,0.1745309723318053,0.0736276490777774,0.27134415246652616,679702.0,6389858304.0,340.8,20,19,0.263,none,False,False,graph-blind,gru,nbeats_s,mse,linear,,,0.0,0.0,209.36689387261868,0.25498629014200547,729.5294069647789,0.3959199563313308,21.268531645929517,1.9029744693383266,22.64986704217499,2.102589203276496,78.15635676356219,4.550024581243196,84.68287090001424,5.4052657525917285,0.25107159047992433,0.07690705602102693,0.4766888232640693,0.16979239357927198,0.0008314994324702393,0.00018521767104694658,4455777.161914888,26006.19927808271,7447084.725289795,11809.35003451181,-32.04386845377,0.0004350700809443661,396.4880511701904,0.10130697546138287,45.13524678018357,0.03397986081761076,2.361383541137876,1.6652035290877862,-21.276337714480423,8.912386399587602,917.4303815729058,10.235033700904047,325.6705830891927,1.0149645817160204,0.0,0.0,396.52198191093794,396.52198191093794,0.0,0.0,923.7466477632845,923.7466477632845,0.0,0.0,22.603042738689762,22.603042738689762,0.0,0.0,84.55483141158469,84.55483141158469
f75bd27b6d,0.1786578374357752,0.08256451923219492,0.17329679568436582,0.07272982373511121,0.2696846746389405,1141030.0,11552915456.0,317.6,20,16,0.826,none,False,False,graph-blind,tcn,nbeats_g,mae,linear,,,0.0,0.0,328.2274447083473,0.1991619750835855,702.7291397502025,0.11145622289910807,1.566373393133593,0.022232459909717804,1.679714133700979,0.0184456388574797,4.684107921921029,0.040875060353960935,4.986265235528418,0.04456665601351129,0.01849072318999646,0.007624979603219057,0.03740624828670786,0.006642731884282053,5.967476221784381e-06,1.386950137367686e-06,1639480.1971934575,32910.303112833935,2453957.793578623,56441.42354545597,-33.459475000438054,0.23029742208207576,394.8672657995774,0.2551511506601153,67.4499077267117,0.09516042519957889,0.058999061146719746,0.009843334270877026,-0.08019666771693633,0.010528651023589058,990.2905225045175,6.817923076547731,532.4006958007812,1.7619621386444262,0.0,0.0,394.8657106063916,394.8657106063916,0.0,0.0,991.2302527539262,991.2302527539262,0.0,0.0,1.6878148922288718,1.6878148922288718,0.0,0.0,4.991675088926094,4.991675088926094
1c32fefe66,0.17744561950686896,0.08371362117641792,0.1719477106181402,0.07297028696855254,0.27013012969410233,804698.0,68943656304.0,446.9,20,19,2.547,mixed,True,True,uses A,gru,mlp,quantile,linear,,,0.0,0.0,267.30424177646637,0.3244774306863143,825.6126239847703,0.8852842115833411,0.5704280661163162,0.07802820346163791,0.6165683764783663,0.07949717810079668,1.1134833729041358,0.11960967900219184,1.1618067247669337,0.12106072752575402,0.010758910280283815,0.0172232041851976,0.01376795913359932,0.01771001162193405,3.0493764539647222e-06,1.2151591487898858e-06,29479124.20782782,653614.923182712,37753836.61856205,887692.0564461724,-8137.632149474976,2410.3128407956074,438.2069799835672,0.4091820975351011,67.524261686537,0.06828391055010127,-0.0562785342783092,0.05063553502991355,-0.05912805751845495,0.05014485878584613,946.461288472763,4.820530801477793,491.8919677734375,1.752211692176276,0.1946940415074702,17.31941769843843,438.20598081050707,438.0112867689996,0.5129589883975996,0.9799758116499188,947.4364767624029,947.1444443354368,0.0011751024146286666,2.9287131471360066,0.6170225061306266,0.6158690406073599,0.0017473430446507028,3.0990783994056708,1.162714355623273,1.1609670125786224
8240e6a0e1,0.18118010619633743,0.08621050549916252,0.1766668463553185,0.07539590714555798,0.2745831516054071,773354.0,108139914144.0,400.0,14,8,2.825,mixed,True,True,uses A,sep_tcn,nbeats_g,mse,seq,,,0.0,0.0,393.2216084847848,0.17451821614159493,997.2528332596024,1.0354141070635114,10.14473895088789,0.3455386831483276,11.490941626866812,0.45257865764004906,31.111494042203645,1.3790971834117431,34.13447526612784,1.4538294611785167,0.36914976536615,0.12418551986779683,0.5192357137108838,0.11192282120794042,0.00035805958332500113,3.853667943022156e-05,90447681.03788078,3438775.948048719,94952318.59928043,2946783.86209299,-368.4900047031794,136.22781819830197,438.0599062404972,1.7380438549139714,42.24561386638217,0.12811059986829526,-4.229912924888711,2.8593200823473586,-11.047498776030073,3.3452404172448578,1605.3787616147044,9.112577096148444,756.7998860677084,6.226541207486002,0.1377141870508467,5.683352337858086,438.059041830455,437.92132764340414,0.2565156961442578,-0.4444623073980938,1603.9524541862424,1604.1504339856392,0.025403113152932495,12.878002185128057,11.47162953738644,11.446226424233506,0.03732561775873933,10.15890236036623,34.051962848458764,34.014637230700025
cc31fb2202,0.1759127639664238,0.08243868530966668,0.17378976957880574,0.07394030785018747,0.27191967168667197,353514.0,2528010240.0,321.8,20,17,0.818,none,False,False,graph-blind,skip_connection,skip_connection,mae,seq,,,0.0,0.0,164.64991122484207,0.150967309916681,459.5935241232316,0.40719490713105433,2.216848260795814,0.06797328882258351,2.5979089502347525,0.062239345494347405,6.373599097836326,0.2689163684736074,7.29993807032136,0.25652459146271117,0.08624090326708207,0.02120470205628553,0.15873509709020697,0.0456542730643323,3.1803207306298925e-05,6.5464315810861405e-06,13351220.75965572,177102.48985239217,14353606.115232497,240320.9188751381,-43.730607299990254,1.676794594038381,359.0100874070604,0.4451988255119322,22.540828280978733,0.0322937905944932,-0.009361618350204529,0.005093786237425577,-0.47906308980814866,0.05515576187844872,843.4508703399347,4.804699901392074,326.21312459309894,1.2677122858024268,0.0,0.0,359.0094813639875,359.0094813639875,0.0,0.0,840.622837038983,840.622837038983,0.0,0.0,2.595025992920859,2.595025992920859,0.0,0.0,7.2919957014339625,7.2919957014339625
75aa3ef9bf,0.1747956388817098,0.08135308321849304,0.17141028098213723,0.07249562116541387,0.2692501089422507,1672870.0,16563822592.0,386.7,20,15,0.843,none,False,False,graph-blind,tcn,nbeats_s,quantile,seq,,,0.0,0.0,437.47589060664177,0.34839120651887395,1114.1250608066719,0.08904779788121542,5.1775769870872255,0.27292659447036993,5.510090127400017,0.2992805442434589,18.982575280102036,1.0355286448034429,20.5864763062277,1.2301920469474605,0.04122713164269184,0.009718620167902951,0.0790213462114543,0.017159507443763745,2.8432373952853632e-05,4.996774822694325e-07,9784622.852548584,144927.06846545023,12325454.489838332,412572.02821829735,-32.06286591997115,0.006467390910020459,418.4841761936007,0.23873069658044022,87.01878799332513,0.07694107863264334,0.13352861712260558,0.02216077315821878,-0.9362902847592066,0.14209383338577808,1562.878056065773,6.404453081643643,759.2789510091146,1.289129954156236,0.0,0.0,418.4997279104147,418.4997279104147,0.0,0.0,1559.4759917352812,1559.4759917352812,0.0,0.0,5.490129193727334,5.490129193727334,0.0,0.0,20.491106829270066,20.491106829270066
cb8841e624,0.17565840685753017,0.08244329178168096,0.17085507433823865,0.07219216051211777,0.268685988678453,1341818.0,66580378528.0,572.6,20,19,2.029,mixed,True,True,uses A,transformer,nbeats_g,mse,seq,,,0.0,0.0,469.54646036525565,0.35372505373951535,1293.9869564001758,0.8670145807791807,12.281296941415349,1.1091270256420294,13.280100334706484,1.1324995962078162,39.956145656400906,3.4528533945164366,43.324783922026114,3.6885109658245825,0.2948985974000459,0.05381665866722774,0.4272050784814176,0.07824996524882169,0.0002671390186210338,5.943694331059846e-05,32892798.220812846,2268354.649173779,35472792.82746615,2350491.6255987096,-236.09104640161047,125.61295850532848,441.2315814687975,1.1917406365575736,77.803151567777,0.05524701098514791,-2.2302665473258494,0.5856935284501663,-8.983949140689965,1.8759559746811902,1987.573018690651,21.61910843036708,887.0076090494791,6.597429674083903,0.1291786446537723,12.543838834741692,441.2226715365784,441.0934928919246,0.19476234943446494,0.6771753568709312,1983.8496389736367,1983.6818854846122,0.008251181223616419,4.4760443265801495,13.280913964835708,13.272662783612091,0.008601689361476872,3.0827219986143755,43.33939689638251,43.33079520702103
1d84c16537,0.17052825559231755,0.07986309678738993,0.16632918166305768,0.07007367690705289,0.26471433075497236,1102310.0,90084900864.0,709.9,20,18,2.304,diffusion,True,True,uses A,lstm,nbeats_t,quantile,seq,,,0.0,0.0,450.6230558802684,0.5577564310459532,1291.4624282779794,1.1228445945210441,1.2167517396737821,0.04409756261056774,1.4203648728949567,0.04520796692196437,3.5495149573678693,0.07713844604611322,3.966651007375915,0.09352868355977112,0.014728682627650739,0.0019387249454063922,0.02133427455624176,0.005825130922399116,2.7905024379436536e-06,9.667605689681291e-07,16217754.22370062,488542.94642812386,20137940.08107589,569242.7005854988,-404.7681200023678,257.7001100160673,427.13733614921244,1.0146829233938612,66.00190516312917,0.20267222478412147,-0.018324184473534132,0.002891063333191496,-0.0667169682467848,0.0054890673494357636,2284.661005363307,24.47582518808427,854.5662841796875,5.376631500928822,0.12951475233109022,5.223936344886388,427.1423487172498,427.0128339649187,0.876482611149792,0.2836575611297391,2286.5222203562485,2286.503030548993,0.0011877863594650744,4.554891310472451,1.4163348636934647,1.4152195614007468,0.001806155757728393,3.7044403006471014,3.961184907505015,3.9593787517472867
d219526360,0.17552886497203526,0.08216924087830559,0.17165997219722165,0.07252033508314198,0.26929599901064627,1079626.0,9968783360.0,334.4,20,18,0.831,none,False,False,graph-blind,lstm,nbeats_g,quantile,linear,,,0.0,0.0,356.4413862526417,0.5768273227165985,854.0037316977978,0.3357062483415355,1.9736539128440806,0.030785820306126453,2.1022488390945804,0.03978382189159456,7.143230742450053,0.2298873062788012,7.718204363669905,0.22140649038348556,0.018884458220255654,0.010153844913357139,0.041409613519831155,0.018783023623804802,6.842024924846928e-06,8.282755728920433e-07,4146820.542998908,36643.8029362196,6711630.131537595,51935.57167013893,-32.04939945253118,0.0033354230494806,395.921685949404,0.14193322808380834,58.2239453262753,0.0475491306138596,0.017840257336120036,0.00462820684662381,-0.34207741215498527,0.008847929288506954,1245.5568492754608,29.512358334258085,551.5610961914062,6.221044560578533,0.0,0.0,395.9298105101683,395.9298105101683,0.0,0.0,1244.6127681682,1244.6127681682,0.0,0.0,2.098602303736171,2.098602303736171,0.0,0.0,7.711229282017088,7.711229282017088
06d88a951a,0.17582133622285126,0.08184356779273057,0.17158410066219978,0.07242581208934,0.2691204416043865,648298.0,6120513536.0,286.8,20,18,0.233,none,False,False,graph-blind,mlp_mix,mlp,quantile,linear,,,0.0,0.0,244.23552981515726,0.14982350533754316,545.0144776850939,0.08264033029238065,0.9077303195799686,0.07901628180650985,0.9604987932793424,0.08409466279502671,2.6393023134497313,0.22335479541312456,2.8349378192954795,0.23644633935954867,0.017624496361115308,0.0020277421183809673,0.025237700364668342,0.004181517332110049,1.8584952673456663e-06,5.144508789810166e-07,32563413.153265458,80084.47757859244,48898172.710115544,49401.7725822474,-36.41224069966898,0.9882792252950661,386.0396393092087,0.19177574575804396,56.56142482492658,0.13550503113397444,-0.05032324183405862,0.01206281369805767,-0.10202718324655848,0.023751623735704983,786.0501361989677,1.3079558042150448,398.0983479817708,0.6718339396160298,0.0,0.0,386.03688537187503,386.03688537187503,0.0,0.0,786.5094954510101,786.5094954510101,0.0,0.0,0.9585614163559829,0.9585614163559829,0.0,0.0,2.822601749923428,2.822601749923428
422b8ad40a,0.17269537200415658,0.08048849823017869,0.16785582498812573,0.07086124265133732,0.2661977510260696,474126.0,45247718768.0,446.2,20,19,2.285,gcn,True,True,uses A,gru,skip_connection,mae,linear,,,0.0,0.0,190.0407692193985,0.35250241883239847,761.8788408593585,1.0682998640267192,1.1481625723972684,0.17988347647034297,1.2690437177368266,0.16978313670764458,1.8023108881327339,0.26420356311296833,1.8816888560255343,0.24994973933975922,0.03525582103875612,0.042044926496571704,0.04111509892477377,0.04109670582623972,1.0268274788587566e-05,2.9427887248380288e-06,16490358.563101694,1451924.9532121278,19978175.363833297,1525231.751308347,-4519.059312649454,1974.895014238723,434.4904743823886,1.3905574409044494,31.85445910029941,0.06439046624964412,-0.3675144348418666,0.2791004346528695,-0.37976600918200343,0.2798879948027409,770.4110929343054,4.627686105593044,350.092529296875,1.56632694339316,0.3278617020829036,34.658251921845974,434.4909998622662,434.1631381601833,0.566087154887858,0.002600818067377183,770.2879621068612,770.156946111133,0.009354513096723712,6.664835716553111,1.2651321351494689,1.255777622052745,0.01223297456987534,7.42611958087412,1.8775306217395655,1.8652976471696903
438821c6b0,0.17247573267367367,0.08057093231424724,0.1683746505910356,0.07075755944714746,0.26600293127547947,1564894.0,90254102992.0,549.3,20,19,2.566,mixed,True,True,uses A,sep_tcn,nbeats_g,quantile,seq,,,0.0,0.0,502.09756105641526,0.21601760352987986,1218.3263715157907,1.8283616872982158,3.355333831002781,0.1510398397894739,3.5382069176410895,0.1626028565621019,11.206286628085318,0.8541989381119074,12.004415310009525,0.9612090135083137,0.0509881570481542,0.024088983551455917,0.060027863569731964,0.025608179711086167,9.327898610766536e-06,1.672608643230907e-06,9442543.544310743,339902.84834072256,11109286.080597796,327537.0557424832,-116.60698597580904,51.230892877818285,442.4459896452238,0.5461851222067304,105.98447962601979,0.1288281089865958,-0.07646934548782437,0.0458871590383369,-0.5062879903917938,0.0705088305402991,1888.151868093113,10.094887905347216,951.6900227864584,4.136024561638506,0.16943866641215286,10.326525430106916,442.4553154388507,442.2858767724385,0.425923553441559,0.3447301316778154,1888.5217890163135,1888.4689232965034,0.0064496456825569775,6.787466921784425,3.5666275485291496,3.5601779028465925,0.00634616374493883,2.6110334006854212,12.10434268530275,12.097996521557812
ab5e0b1414,0.1717279225106052,0.08049320236846426,0.16671910066195209,0.07018972178450739,0.2649334289675567,1123042.0,91725915040.0,552.6,20,19,2.557,mixed,True,True,uses A,skip_connection,nbeats_t,mae,seq,,,0.0,0.0,379.4174792567889,0.23622043664794776,1193.6503875305254,1.8532715215588271,4.2030848586679594,0.18547612765179022,4.6859425539980535,0.2063073300721595,12.931677982225127,0.5168057112700741,14.241187516788278,0.5701430891077541,0.007256577415063348,0.020611233422865975,0.03262918416945059,0.047250393966311074,2.1779576458778606e-05,1.1100412931519562e-06,72661396.56547038,998951.6093125708,80143304.6031312,1007571.0884031683,-387.51000784080907,76.54888037741178,442.7306215158714,1.3588937896966766,67.45637824800279,0.2795965026739465,-0.11375628324650627,0.04797064998208484,-0.5677093877307473,0.09687150354828553,1659.0233323565706,4.755200675987012,710.0153401692709,2.25816853692215,0.24984508857274554,15.060320217146602,442.7399844652933,442.49013937672055,0.25396663228586175,-0.7417397182137131,1654.8317584241897,1655.0077934841515,0.0035749205921244234,1.268431912392915,4.686632184413625,4.683107091021347,0.008702263909781275,1.5729271977410733,14.25434986382306,14.245647599913278
798fff8fa4,0.1801817627412893,0.08435965429208571,0.1770652037678343,0.07471699210751968,0.27334409104189483,1746242.0,16203644928.0,362.4,12,6,0.854,none,False,False,graph-blind,lstm,nbeats_t,mse,seq,,,0.0,0.0,532.6825221379598,0.3297426419640574,1517.5670323173206,0.06449181897564243,20.331485388948447,1.3211991622339867,22.19058681868135,1.355802044968816,72.56471885496018,6.948183069708427,78.74910095157021,6.794642065953767,0.47958729489819635,0.03168211382391216,0.7926608968086493,0.09998329011189029,0.000676026991630831,8.043676957486411e-05,132703448.97607525,488198.5997310205,176119099.17276832,1071037.1696733627,-32.78203120332208,0.13005461364340307,418.8819767295693,0.14249436802197368,95.982464366489,0.07208441625513588,-0.5308271634400582,0.2635242755525706,-15.904520105832672,3.346046290692589,2294.1629651933877,16.641396473291408,921.6315511067709,3.4009556208119824,0.0,0.0,418.85703081495797,418.85703081495797,0.0,0.0,2291.1542894037857,2291.1542894037857,0.0,0.0,22.12844435447458,22.12844435447458,0.0,0.0,78.50084203188055,78.50084203188055
4308212eaa,0.17517974205297906,0.08065966247445441,0.17111418411931262,0.07141593579003994,0.2672376017517743,1073606.0,44870209536.0,411.2,20,18,1.76,mixed,True,True,uses A,lstm,nbeats_s,mse,linear,,,0.0,0.0,342.2237283587456,0.31446659731594384,875.3799394556942,0.055280073456182154,8.674032467407718,0.6329190305266199,9.445158158051324,0.6401296787544495,28.421524373862567,1.9342566199133415,30.603620043982758,2.049960598709389,0.1662804935130314,0.08606479943728382,0.28929123188340017,0.12877815976493626,0.0001428238143168246,1.991465403889613e-05,1339523.6588737974,82380.28551542849,1712137.9253504376,70956.62233634519,-144.31136044171924,124.67014999315717,424.57423663633335,0.5696793714959507,70.06288749641841,0.07227018625331236,0.12554903771219503,0.2824298080960689,-3.573615904934137,0.767685773358944,1257.0373962707727,8.52578670953277,591.173095703125,4.877558121325552,0.22913443114002044,16.015313762672555,424.56920926400693,424.3400748328669,0.15762753381909533,0.5605094311601558,1258.8316593096981,1258.674031775879,0.006185812744160302,9.124091526055269,9.477355987400555,9.471170174656395,0.010514929984600721,10.552519454757016,30.780683781860755,30.770168851876154
383751f1c8,0.1723340198776188,0.08134337077584057,0.16890270310046868,0.07160269635881353,0.267586801540759,1390574.0,66625533296.0,680.2,20,19,2.041,mixed,True,True,uses A,tcn,nbeats_t,quantile,seq,,,0.0,0.0,451.2126200199127,0.064898640937686,1580.9896365726988,1.9409277425481446,3.8473679407816235,0.33612826970095727,4.213472557873035,0.3457739444925028,12.419460598989815,1.049205437441872,13.656236235022002,1.148375345417961,0.05781582069256259,0.0027082383672582203,0.08733540688525432,0.010906056035657264,1.6663380531321622e-05,2.6771071824120715e-06,16698664.550084854,1421873.0258015424,17494852.934285644,1489279.1373826829,-118.00273901020608,57.70427474860304,442.34545762921704,1.0337207040601355,94.58737585279677,0.28333049205174227,-0.0029321290501909424,0.029246272050163297,-0.36694987359946,0.06423980889300027,2390.0102099590085,7.9793779804443465,918.6358846028646,4.245010899516633,0.0882495681767826,12.225818888317178,442.3447242496695,442.25647468149276,0.4398617293627467,0.5542485900144181,2385.5846199000644,2385.3629916686486,0.00362166552776344,4.021231148062828,4.195879678880225,4.192258013352461,0.007028346353226429,1.9300271213545241,13.574101892812454,13.568282121747185
774fa894be,0.1826423632355265,0.08590170736779516,0.1757468728749095,0.07434905670895033,0.272670234365525,1468614.0,76703695776.0,521.3,20,19,2.288,mixed,True,True,uses A,gru,nbeats_g,mse,linear,,,0.0,0.0,394.175008058548,0.3141429357375566,1060.2044702457886,0.887540318486565,7.576551075171058,0.4462127246262701,8.291014815607578,0.6521337711180485,24.24869089201253,0.4605740205607132,25.931942416032907,0.569620516350789,0.16422528033977796,0.11076893245003143,0.2463684751624642,0.13030196222781326,9.454997795987448e-05,1.042658249137344e-05,19510112.38998096,1189261.5735018458,22536228.259106386,1462625.5677606754,-734.5580466080365,285.4608111854656,445.0088877772269,0.8964251027630175,102.86425203747221,0.24396137841338264,-1.1436021894390975,1.1042242180273976,-3.98964400600871,1.5639802499958808,1266.8457477807585,4.603563640787668,684.9506429036459,2.0046571909241195,0.23193258203250858,22.01605917491779,445.01892961343236,444.78699703139984,0.504271887531028,-1.423350052929072,1268.2661696695207,1268.7704415570518,0.006857411963074138,5.354665926706424,8.311617272775349,8.304759860812275,0.005290951869033241,3.152327643999797,26.007817143787726,26.002526191918694
8dffb26112,0.17310434483490694,0.08098150894699692,0.16818816354350438,0.0708358590263997,0.2661500686199417,800726.0,40675775856.0,427.5,20,19,2.025,gcn,True,True,uses A,lstm,mlp,quantile,seq,,,0.0,0.0,292.3290204157432,0.030891669296599707,998.3869157818457,1.3583203260325716,0.8858886807100698,0.26598918542909433,0.9782002490307393,0.2872844690662205,1.913459672014328,0.28055260468618176,2.0352194418065186,0.29012104591562643,0.012493035794001933,0.020011840006035363,0.02017613241254027,0.022440454961379284,2.94277614348652e-06,1.3823800654616485e-06,20003408.74036707,841361.3610110395,24558207.732522372,926038.529250229,-2141.0859185551585,1074.7882181071716,431.9938380989957,0.4392245393095091,47.74527757697635,0.04814725643289071,-0.18850519383223782,0.12811097616365585,-0.2024715719116534,0.13198776041347957,1402.7261866522902,17.877884746436358,564.1282552083334,5.043646820614401,0.2088058709081603,29.67047545464263,431.99381699688587,431.7850111259777,0.2737187074424128,-0.8774479289137059,1399.3558630821722,1399.6295817896146,0.0018357236424788221,6.459853909173441,0.9756722048532777,0.9738388087680937,0.0023504791996573626,5.213412364682909,2.0335081503036414,2.0311576711039843
d614b2f99d,0.18042551497251277,0.08440978689157935,0.175845981908567,0.0744024250607986,0.2727680792556171,513174.0,38917456336.0,358.9,20,19,1.751,diffusion,True,True,uses A,sep_tcn,mlp,mse,linear,,,0.0,0.0,212.00328404208025,0.36372640069982737,617.1637363477299,0.3841959026397148,2.5615657982937137,0.22820960377564134,2.848324333053506,0.25216605717777596,5.383611979490774,0.395744758435183,5.7194937619825765,0.4135497930428663,0.0422104514005848,0.060357615241922256,0.06663993142244674,0.07121582109049039,1.5179257462350848e-05,1.2247320756137381e-06,4472972.577886288,115324.86681077254,6342047.654405348,163784.89399987925,-1275.3031200698504,645.8212610731398,413.5738733312228,0.6818999676919147,44.85955566830105,0.22238342169962305,-0.4086943595146642,0.14176589388044863,-0.5316055916109815,0.17010214670357832,903.6302827754371,9.132928618036342,413.06421915690106,4.6994709412255355,0.07033806233878674,4.892264518399283,413.57402313043616,413.50368506809735,0.418192303644408,-1.9752632024165893,905.1882359547279,905.1457579382894,0.0041583040328908956,9.06800256158695,2.843717419234451,2.8395591152015602,0.006517773696279742,8.521815101308064,5.702366089686109,5.695848315989829
45f8634f40,0.17317250777061763,0.08073951825327466,0.16865056792292932,0.07082585108293084,0.2661312666390983,953814.0,36180349856.0,500.3,20,17,2.021,gcn,True,True,uses A,transformer,mlp,quantile,seq,,,0.0,0.0,346.3252178380887,0.13533470154751528,1044.3436863608658,0.8077538196260701,2.75925295739656,0.09856483993146728,2.9712931048956217,0.0583028129255372,9.00907269907782,0.5154916427773619,9.780498364546757,0.4685382434731654,0.05402838454464256,0.02985800031087563,0.08115007815025259,0.037841418515997365,9.582880239700222e-06,8.094315191764666e-07,2751699.7783607473,110707.72620418358,3184895.070936922,101565.53771556246,-139.44639216509555,37.33935535634975,434.6390830801476,0.6724897378900978,70.15152904722426,0.1360972415897543,0.004788706795357797,0.029625138902266826,-0.24477256235064462,0.027038041486573954,1550.1648699987552,4.645463417867078,656.814208984375,1.2621843258495988,0.17668200273122162,33.134242025837636,434.6409739064924,434.46429190376114,0.2411311860433519,-0.6822838052195778,1547.8463121910927,1548.087443377136,0.0033900144383776087,6.076802744277475,2.9786253720073406,2.975235357568963,0.005136405766016002,2.372021877473832,9.80058930630645,9.795452900540434
f7b1dcb6f8,0.1732427036996251,0.08096739061297226,0.16912279057210314,0.07080958438298059,0.26610070346201753,751626.0,67959325600.0,451.2,20,19,2.833,mixed,True,True,uses A,skip_connection,nbeats_s,quantile,linear,,,0.0,0.0,314.3895991096894,0.06722489171616437,920.0327021554112,1.3880837261223418,2.1260891727191242,0.17159689862194039,2.289328384527948,0.16583514064930557,7.0751120723115015,0.6594902635021191,7.661280136593667,0.7145063452118952,0.02343257074111832,0.01624364881616895,0.03616243655526872,0.014767913602674874,1.1360728225716463e-05,5.671230164115978e-06,37662064.4156426,3114184.0374504053,41173993.76049609,3324310.1724800346,-1056.2262222474737,552.4081191798409,440.8225370855132,0.4031779227150813,48.02268850803375,0.1016117373164259,-0.007930724305035986,0.02085444922370849,-0.17610722485839814,0.05425892318076602,1152.6143683570872,13.228212319154727,498.32513427734375,4.668700239960769,0.24997328655956608,21.707676965838726,440.8202748094299,440.57030152287035,0.22981290614431296,-0.20332740868548715,1155.5152307948554,1155.5157794420077,0.0011233023563024247,2.6347611245388385,2.288374008684379,2.2872507063280767,0.002321391026719688,1.3247768291590234,7.664515047129378,7.663180518866761
721f7924a8,0.1696733831326901,0.0784161103583924,0.16541879152580774,0.06868789854417803,0.26208376245806997,1433042.0,87113498624.0,708.4,20,18,2.574,mixed,True,True,uses A,sep_tcn,nbeats_g,mae,seq,,,0.0,0.0,536.5909575372934,0.24917029767650178,1416.5122399417062,0.7832458407323534,2.8622075526388167,0.26913218581176823,3.2281925803708815,0.33181414051893987,8.34483679786148,0.5196688048097295,9.153018960456238,0.5627642989368992,0.07170287093572189,0.07860201294202877,0.10649772856080046,0.09820047348880191,2.226461731484311e-05,1.737333887316986e-06,58460703.13989394,4484880.899833753,64523886.15226102,4536897.368156461,-560.8275664495976,278.9439185884684,439.03234185225773,1.0226930367559557,83.31328062216441,0.3258884462320856,-0.19037461559136412,0.09703556923518265,-0.4772511122556693,0.14492017437474927,2346.0600885638673,15.602542386737758,1003.7188110351562,2.6211329801630106,0.3353640273044031,19.83972540803021,439.03481776347985,438.6994537361754,0.8689158843941792,1.1003226165099487,2351.1798774368035,2350.7850707234006,0.002476145704019513,1.8457986932493302,3.2155510527332143,3.213224304220475,0.003753364247925125,2.3469659990160507,9.093765713491287,9.090012349243361
5e52bc92a3,0.17262832280119353,0.0796278219059213,0.16860622580433304,0.07044417001468278,0.2654132061798787,1132518.0,79051440128.0,561.2,20,18,2.035,mixed,True,True,uses A,mlp_mix,nbeats_t,mae,linear,,,0.0,0.0,381.2904688566923,0.45114121771570953,1045.6409229474764,0.6759417825590986,3.656878877844671,0.3214143837876623,3.8581381441443323,0.34230663553633917,11.48435778956987,0.9248808634663543,12.432909813885653,0.9537856873109423,0.01737857136015208,0.0469135141155498,0.02700159419306174,0.043689647989820474,1.7327016892146863e-05,5.204468805916076e-06,14609400.20949868,133997.36830537344,19084636.035317067,171428.82158985393,-676.6834725816055,491.2581602315932,440.29096694816775,0.44438540709714736,79.79002692964343,0.7132850225154745,-0.12635278708999534,0.1345918329205346,-0.532733744363275,0.18510257013267195,1377.1715346276694,3.129129899557703,650.0068969726562,2.605201985392005,0.22326645432876072,13.459466553315282,440.30567130603174,440.082404851703,0.48586879704733593,0.25323418683906423,1379.0182268110677,1378.8047787482305,0.0035361323357263608,1.7289177528725719,3.88660897323199,3.8832204784107685,0.005980670966725536,1.0577856099930933,12.539086579127375,12.53310590816065
5b636b60da,0.17558959608265215,0.08186561080861587,0.17002817617264318,0.07158641673054703,0.2675563804706347,165502.0,102472410016.0,422.1,20,19,2.815,mixed,True,True,uses A,mlp_mix,mlp,mae,linear,,,0.0,0.0,199.05047411223254,0.049096253906665936,485.6586706340313,0.15863613528844586,1.4418455922623252,0.13344726010296468,1.5725641818784606,0.16358368866763234,2.0225802674114353,0.14476104222535077,2.0764717174985994,0.15181106146674136,0.09289143386411773,0.014416017208314211,0.09720320519305163,0.020317375897244794,2.3639434943911354e-05,5.608075594601669e-06,580664326.1389464,44339620.84987583,599259463.47796,46031876.27102527,-567.908006428162,304.94136529195936,429.3810440739201,1.3573491240058804,21.96026909351349,0.043830609061084394,-0.49880132794792126,0.22513474317636514,-0.5083301503436003,0.21805485448096956,738.4666817037914,17.976506689194597,407.07911173502606,9.085076482950804,0.334333845855042,11.044186045969491,429.38006798299017,429.0457341371351,0.35646839712505124,0.35744854532801257,736.3947924813967,736.3584695225717,0.013542104046003681,8.673520352798251,1.57336720724358,1.5598251031975763,0.018255521760221383,8.699297305236737,2.0775109155559353,2.0592553937957137
d9f6b01810,0.17214917300342136,0.0802362120729671,0.1675513964624804,0.07062286534393676,0.2657496290570069,1284510.0,26902684112.0,437.8,20,19,1.496,gcn,True,True,uses A,mlp_mix,nbeats_t,mae,linear,,,0.0,0.0,370.0315362364054,0.2538326077532161,1148.5095514605443,0.5338597749276951,11.814801178038275,0.6884134338576682,12.412703061116455,0.7778789482372434,42.64183334411042,2.942191781460125,45.698962507266266,3.0885691710460894,0.02869352071556074,0.01842461256293926,0.05413562974229961,0.03707091385532302,0.00010611413581543599,6.3963349162069565e-06,1915379.4000117367,52457.266414873186,2876142.4593657907,37376.09923757456,-57.16551380252975,12.681581813371324,431.62353175811495,0.957798425085561,83.00454485416412,0.3577107672420262,0.3777635748555917,0.18029765812171142,-3.336441004790901,0.6311748892721941,1402.6164985856879,1.9277808529245057,616.8278401692709,0.506231733896575,0.11864507148169423,28.12108721984289,431.6442702217862,431.5256251503045,0.10522645130989379,-0.09467586549252778,1406.7028044887675,1406.7319278002806,0.0008507094416062936,0.31755926682280794,12.522203528799514,12.521854456505821,0.0021814150244097164,0.215324433012269,46.09022992600931,46.089148981618244
ee88f3c985,0.17851025096676365,0.0850695711119621,0.17498429871740795,0.07524005371383774,0.2742992047269509,1483954.0,68623598032.0,474.1,16,10,2.302,mixed,True,True,uses A,transformer,nbeats_s,mse,seq,,,0.0,0.0,465.5229250391324,0.21941391352345047,1300.3750682954367,1.0288239903588992,15.127175050671212,1.230624576800329,16.785346360416437,1.3198661190815062,52.90615299585744,4.233104153954197,57.59319746713049,4.292121682664797,0.43770463495127593,0.11379801229665835,0.7233231201517526,0.19832830845812446,0.00044958616144587265,7.559229872840085e-05,25769314.7331702,286803.15854691784,28286967.379839838,498923.8089926194,-66.00640587062162,33.70866969306414,442.52115060072475,0.7819027201963664,85.45352697372437,0.0645395483265927,0.0829846129133881,1.0685377611483289,-9.064965904162213,3.253310983225928,1911.860101658199,6.727379115711224,848.9133097330729,2.246284371363501,0.26104485371558894,21.285758438405406,442.51924031454024,442.25819546082465,0.45556893276754334,2.5002798582285553,1906.66312579339,1906.2075568606224,0.005486729813905337,7.1605323498225095,16.773793227383518,16.768306497569615,0.006994333683868111,4.271856298563205,57.43262419419934,57.42562986051547
1e1487f75a,0.17461730157805921,0.0813631898364349,0.1713315022585196,0.07216059429218931,0.2686272404135316,411282.0,63801704448.0,394.9,20,19,2.293,mixed,True,True,uses A,gru,skip_connection,quantile,linear,,,0.0,0.0,226.0304081837336,0.12672804463478946,613.3575119922558,0.6190373818400184,0.4987259526327155,0.11614112673262166,0.5579673719579742,0.12131521895064379,0.8690082545649821,0.13090395829014337,0.930979608508513,0.13569453202342954,-0.01071091107698012,0.01772175535453941,-0.006341741082054864,0.019404033020904782,1.6141319819442173e-06,4.069685193594499e-07,13138256.335197294,648051.379902516,14468490.374502778,706532.4029291256,-3238.011543536259,1347.1691735050754,418.4373613237728,0.9664154173702569,25.65072423881955,0.005351492230444033,-0.030871694895113506,0.026715433333790534,-0.036758994316096145,0.028436426264228973,895.2722350208119,5.417325572122719,359.2745768229167,5.1262771335989745,0.3078144287637201,8.811371922339632,418.43811935672903,418.1303049279653,0.27921678840603664,0.4953272901845878,896.8899926340786,896.7102647813722,0.0028342123200827776,4.318729452304062,0.5587471364881854,0.5562347247234062,0.004534922800909095,5.956142852108707,0.9345492950013864,0.930249388361084
8b11f90145,0.17405152654675357,0.08144326143259265,0.17034708287722794,0.07186325534554615,0.26807322758072305,472870.0,78998389664.0,412.9,20,17,2.546,mixed,True,True,uses A,skip_connection,skip_connection,mae,linear,,,0.0,0.0,206.34395694732666,0.31136286407766117,574.9077151215946,2.124844661714528,1.153679130715318,0.2632838833358266,1.2482319943680482,0.27659060081812636,1.8691704878330748,0.3546755650343686,1.9347020655916296,0.3632766880605871,0.04887562437151068,0.01483722393140063,0.055468575419679235,0.018162065890685107,8.248090106925014e-06,1.5212287334277483e-06,31368807.115889654,755028.7461118045,36186767.774989955,763233.3468472535,-1803.86315078767,431.4399047492608,429.7846947413976,1.9698886530426862,31.975121047761704,0.07568615799766223,-0.1596421733489916,0.08135246814070742,-0.1676340898121725,0.08626393317260482,703.8036504503253,11.428396395358535,391.7759195963542,8.420829491247826,0.23772362828204527,10.436151051842245,429.7801251422057,429.54240151392366,0.6673804681187979,1.6046574253082664,704.3256966246053,703.6654103706751,0.009432964899124893,6.169190663690313,1.2510240490594766,1.2415910841603517,0.013522599479440714,6.299560124567531,1.9420428025060925,1.928520203026652
2c639cc1ae,0.17139185765461337,0.07930441973322258,0.16745152506993446,0.06999530801052312,0.2645662639312184,1128558.0,71590187008.0,497.4,20,18,2.024,mixed,True,True,uses A,lstm,nbeats_t,quantile,seq,,,0.0,0.0,348.4679628610611,0.27291199366930957,915.75925788035,0.17802878835531924,3.1943257028081766,0.16453850064440353,3.439920840767749,0.2002112997461127,10.782373765715986,0.8711936674585444,11.746924519613776,0.9910464949333055,0.039767082902882965,0.04678745245866685,0.06540604197127525,0.05810810772727945,1.0595468558098077e-05,7.782923830926721e-07,2901633.322963619,90143.15537455618,3801009.3170088865,103256.51553429944,-319.57949824685784,182.1328973311742,430.6176606394086,1.0485041273097895,65.1132953564326,0.0450103061310387,-0.024973680719649154,0.03068057927873534,-0.41529177291822233,0.06861041645444674,1420.464986475283,7.111843978065778,655.0773315429688,3.8743066324409074,0.15473035025337367,9.172257955173508,430.60183226761234,430.44710191735896,0.21824750910233584,0.2658412096423959,1423.6943524962492,1423.7028230426429,0.0009462900188072313,1.905444525191108,3.420937448917907,3.4199911588991,0.001166560352749831,0.5715993590859346,11.675577970941857,11.674591774223124
e5663aa6d3,0.17830814951148924,0.08401556591789387,0.1734293613254938,0.07370911070386224,0.27149421854592454,979986.0,70224228816.0,444.8,20,18,2.287,diffusion,True,True,uses A,tcn,nbeats_t,mse,seq,,,0.0,0.0,280.56261760989827,0.32870436644517875,924.1295844689012,0.7134775496406917,19.035371918735716,1.2041149079985598,20.477999768297376,1.3289114754842577,64.13896189525286,3.5897889819008797,70.33840428071171,4.465658955451552,0.32422580374305543,0.1368024961857194,0.48352059118889157,0.1307368894164203,0.0004130574832998557,3.310914272728132e-05,13344646.310677966,1547162.002218741,15703831.957065508,1629033.424184249,-201.9783594486223,35.484219041227526,429.38499113697503,1.758870585549667,55.21268073717753,0.15674219480746787,-1.4033203424771106,1.576627806860562,-14.304575182062857,2.7270927043459583,1340.7494413877514,1.1778118455978543,561.8575642903646,1.51387737998418,0.07567980280922863,4.315992279507292,429.3863621714598,429.31068236865053,0.0682042598073167,0.31918905102507233,1340.5890357387032,1340.5402525627153,0.015058874646326123,9.282399191629555,20.370129459882794,20.355070585236465,0.019965146556065367,6.64809142688872,69.91388911379505,69.89392396723898
43922bc930,0.17792489577523554,0.08389380443454064,0.1723908314586202,0.07302282648147615,0.27022736071959136,1249910.0,93857793392.0,510.7,20,18,2.832,mixed,True,True,uses A,sep_tcn,skip_connection,mse,linear,,,0.0,0.0,419.61309690773487,0.2849037777331218,1144.610762918989,1.5519864986224994,8.188720389243827,1.0634240013617464,8.8940560734585,1.216486676703043,24.68368540950686,1.7953433600775994,26.577607711405374,1.9609072830381018,0.19574408845039648,0.1440918122066168,0.24913202149857314,0.1873874085878304,0.00011319034256347602,2.58505803704978e-05,65538737.42451549,1430065.0022367493,72447476.85351072,2080080.0493667775,-608.7100366936025,254.370535807015,442.6382945180176,2.396931544901284,65.42607231934865,0.0806749322038386,-2.417056620013765,1.6292430106607094,-5.014186729516383,2.3634574809691755,1423.1410800713445,14.821941392876191,747.0103963216146,7.797278143821618,0.15687127300465895,9.032003841570084,442.6337659527973,442.4768946797927,0.29190939131891963,-1.4565210919258733,1426.1901731933756,1426.4820825846946,0.008338844282257915,1.622680676678496,8.900556113943432,8.894600320057299,0.011772121284000292,3.3676790634693825,26.584700337466003,26.57499106210754
1f0f972070,0.180715842796253,0.08538903106718085,0.17604401974278955,0.07516895594534936,0.27416957516352786,1073586.0,30953296800.0,429.9,20,16,1.76,gcn,True,True,uses A,tcn,skip_connection,mse,seq,,,0.0,0.0,345.0324596961339,0.16249948166864797,968.9655404500663,1.342957328707485,4.679805777860262,0.1340050139110473,5.44805083669625,0.1519049685143744,12.469489149797042,0.2151035565713394,13.717776206809225,0.2249154597483581,0.10412812896370406,0.023055307291552456,0.17950179277662667,0.048317416694556914,6.046242735625176e-05,6.6454690997763734e-06,97809955.3507091,1332289.0961370652,122758668.59703736,1495617.6929221905,-407.41117960623825,162.04400170463563,425.52863549364764,1.2922753775763887,61.468257837825355,0.014594152778009026,-0.14255097198241876,0.06016492320163567,-1.0849654345469526,0.10081540009781911,1391.4962605482688,6.821154933613286,658.6384887695312,1.80107191378308,0.11639974511338853,23.87881809015949,425.51650662915654,425.4001068840431,0.3798218132457502,0.8747286371053018,1390.8806546170024,1390.785235334318,0.0022739132174211343,11.284874484493812,5.42624500677312,5.423971093555699,0.0031831288366917696,10.180500961802158,13.666218054617817,13.663034925781126
13622a5787,0.17402012742556822,0.08168587085143524,0.17093987865709467,0.07216992229760812,0.26864460221193376,1346814.0,127864115664.0,630.9,20,19,2.563,diffusion,True,True,uses A,transformer,nbeats_t,quantile,seq,,,0.0,0.0,482.1966156562169,0.31138161183677787,1360.7348405669134,0.8055282100261691,5.494952360887207,0.010953356401439351,5.900981602350972,0.037918233620964706,19.13855834592217,0.2685442141235301,20.75710159175942,0.34059440397781,0.027952837882866552,0.03963050950891541,0.034894824084586086,0.06290741815892015,2.927290263040717e-05,2.1216894285372668e-06,138790996.08496323,9562714.164553117,143951615.9068539,9856178.315635886,-64.35566395271019,19.52655929795018,445.464121709779,1.2034972322131812,89.13222126166026,0.2615479026312475,0.0531333218965826,0.016734031330567757,-0.7036972637661177,0.010306842513818809,2024.541582279561,29.738523459091336,880.8943888346354,2.5376373645783934,0.0791423712072401,3.7038125861703883,445.46054408414005,445.3814017129328,0.5224470225191453,1.1074664745862735,2024.0879034061154,2023.5955685119666,0.004733559331460431,3.106807683193295,5.896517395866201,5.89479566395746,0.008531132785852455,0.41496096499123253,20.742391969163474,20.743088578776664
f76b9664b6,0.1728277175448508,0.08090561289366067,0.16841941223860132,0.07071659766019336,0.26592592513742125,766806.0,81240433104.0,477.9,20,19,2.553,mixed,True,True,uses A,tcn,nbeats_t,quantile,seq,,,0.0,0.0,320.82164298991364,0.34225355901980886,784.0145548656583,0.8556510474834119,1.8647418765673105,0.08568753003521079,2.048993204453564,0.0796407800371802,6.2481406694447506,0.2821630556672674,6.783263078624695,0.28025505182904564,0.011301642979025426,0.007811233001512472,0.01578966105873315,0.016707905804920636,6.958672413204147e-06,1.944911622370526e-06,23788929.182092723,1567638.7583857311,27009256.40774587,1483306.7764303905,-351.4122835468783,190.91529201031355,431.14701796451686,2.1041823165676354,35.26350190904406,0.026729256208247284,-0.008007961779498857,0.010628617091468551,-0.32300733689533045,0.0514302298033058,1304.817852792812,7.018885999845565,604.6557210286459,3.165601631634583,0.34844828997474525,13.973633450415253,431.14869305835805,430.8002447683833,0.2489449672707451,0.3834658844735286,1308.3110267955396,1308.198499896504,0.002850364002544422,6.132318031559562,2.045971526299793,2.0431211622972487,0.004377770081340178,3.1546185901003674,6.780656253494115,6.776278483412774
e0ef7d7cf3,0.17123117017415598,0.08057191666843709,0.16708235066346447,0.07046389776734907,0.2654503678041322,1378714.0,60451934672.0,654.7,20,18,2.3,mixed,True,True,uses A,tcn,nbeats_s,mae,seq,,,0.0,0.0,489.213746180137,0.41518338953903666,1439.5294680663694,0.3757188299725316,8.610961200873135,0.2639412401907977,9.265450314591634,0.22250073408546545,30.83326020597909,0.8294115451962657,33.60750781225246,1.0470292837417454,0.04914032119303687,0.041487356075303745,0.08260104556624706,0.07523323385665358,0.00010947924873614484,2.077029412165257e-06,7728052.637522695,256117.09750065883,11036847.215342473,290954.12604933395,-59.075818920955506,5.813684849137244,438.5652546231384,2.0031375989029385,78.68983936309814,0.04575268827168119,0.15350407322469684,0.054908673908940345,-2.724399304249394,0.37040310633590856,2160.011102894643,2.0319605356335515,880.5488688151041,5.596442994282139,0.2037873063614105,19.807703110813275,438.5670509037219,438.3632635973605,0.7294098330567067,2.228062751090196,2154.180274649732,2153.450864816675,0.0030628747657388544,1.1305750046274825,9.273161856591104,9.270867386823209,0.010412423610176802,0.56580961307513,33.641191502995234,33.63648112628754
609ad97112,0.17338381339440995,0.08071837355716124,0.16965697338054705,0.07151905709143841,0.26743047150883614,1157958.0,79283961856.0,419.4,20,19,2.553,mixed,True,True,uses A,skip_connection,nbeats_g,quantile,seq,,,0.0,0.0,377.1621369371812,0.26762904846242813,729.4022828799983,0.6601265605963375,1.0090851501903064,0.14780424506924517,1.1041984408592707,0.15462783264236554,2.783245283090123,0.2101898456025791,2.949492882949636,0.21336870166126135,0.04537625809345957,0.007963585154832021,0.05286083657872145,0.010171210702331374,2.982233894566162e-06,3.259635609734446e-07,10297265.362205008,98345.9782487939,12999131.05028484,118891.54004444437,-4004.460389892616,2126.0741014107234,432.11684482173877,2.0134375956840116,53.17897240320841,0.05401995710639605,-0.10890497759151911,0.04807163936334195,-0.12524231525687227,0.04935299918732655,1171.821014246628,5.391463626045924,647.6395874023438,1.5942756270687892,0.27706121782991505,12.236528318409585,432.11381407152726,431.8367528536973,0.32901036791705945,0.421638677188338,1170.8340462576764,1170.8028262786431,0.003937142079922314,9.235837410070683,1.10480672048389,1.1008695784039677,0.007104863688983147,9.725288040416816,2.951118327112651,2.944013463423668
57cee98333,0.17743913278706355,0.0827240566733803,0.17327313049015028,0.07299304775044343,0.2701722557007722,760686.0,129079054800.0,525.8,20,18,2.831,mixed,True,True,uses A,tcn,mlp,mse,linear,,,0.0,0.0,342.3698084453742,0.5660852046110479,733.1683233492076,0.6684078742706616,7.509831709612627,1.428467767989482,8.270033427033033,1.5954409890266354,19.395792389881947,1.8767883846980304,20.96877226889931,1.9787418762449014,0.2390054469392001,0.12027250314418549,0.3117984342981856,0.1706074921135928,0.00011943538082457638,2.2346507526735583e-05,70164514.51965177,1315280.0353008818,76160134.31953822,1412996.7519908475,-440.9775477851276,72.56445571852386,439.09412145896994,1.5590566506934511,48.004824214511444,0.09802531062219781,-5.231490208182593,5.961855537729962,-9.563901186468591,8.425330784932232,1178.6882892964948,10.22118203181801,663.7378540039062,8.062643100241141,0.15734248438898626,5.195459342043864,439.0925159103754,438.9351734259865,0.5487633386114036,2.434586520740414,1181.419509916252,1181.2170465647832,0.019845818075535426,9.903437992824042,8.256520604248342,8.236674786172806,0.03196135730399755,10.435671325867373,20.986945833085425,20.954984475781426
fca10ec272,0.17370762189045788,0.08008217243757314,0.1697633794074795,0.07057480867441426,0.2656591964800283,950906.0,35963920384.0,459.9,20,18,1.758,diffusion,True,True,uses A,tcn,skip_connection,mse,seq,,,0.0,0.0,284.6735369165738,0.0541918465469438,821.0792966093868,0.7524015333100185,2.714601342600266,0.17031479211482356,3.091878642004699,0.191068656665437,5.4127890743845315,0.07990778466692897,5.810148247510665,0.07888728430374892,0.034220895845023226,0.028186760649385235,0.07012851778633113,0.036982141664593265,9.180297156116787e-05,3.1090498070624975e-05,14852216.215804465,62870.76081230716,19585851.419030327,103231.29298593251,-533.0093428001124,335.89557961811386,402.4863088642431,1.3336346696967465,49.665207094616356,0.04009483642106546,-0.1803269606697231,0.05535144971497075,-0.37681291733934946,0.036815143612962835,1380.0874558142507,6.471747173786913,580.1320190429688,1.379034934194469,0.10243672347354504,5.275127414180013,402.4857708471161,402.38333412364256,0.12957722646281886,-0.27897995272226617,1379.8666293493538,1379.8735328854998,0.0019726975419200876,2.140101761141708,3.08843187701076,3.087068011183877,0.003140556032655913,0.09466680712195992,5.817630351138002,5.81606556752692
89cb0f513a,0.17151879631068911,0.07954922624741086,0.1676616922386453,0.07031950350490655,0.26517824855162336,1053654.0,51193233408.0,391.7,20,19,2.29,mixed,True,True,uses A,skip_connection,nbeats_t,quantile,seq,,,0.0,0.0,313.7609130591154,0.32980910232822325,782.1880359152952,0.3460039022930625,2.6122762236821777,0.09799851500410231,2.819924341964274,0.1012044592248305,9.063265891510875,0.3835611784427506,9.833678690288187,0.4165339126763103,0.02241905020331818,0.0043951287302140185,0.04509469683924503,0.0018925959907522207,7.811625399018607e-06,6.943764237007696e-07,2961285.5851321113,103312.1912614595,4526708.312111109,255821.68651387325,-197.3762380988916,92.66175363230481,430.3431553850401,0.9727098733450306,74.41369093788995,0.15411563897993183,0.018056939090328693,0.009722142390378571,-0.2598427900309285,0.018625525123294646,1135.5656537736222,3.7792480470302015,532.4557698567709,2.5445410542007547,0.28284598047938897,21.48545879797535,430.3531408078872,430.0702948274078,0.05869597995691341,-0.07917894804860597,1137.4336419869292,1137.4590755497795,0.0009648731121691215,1.7261845785942407,2.8097528187618153,2.8090646591683455,0.0014231219898904375,1.0211077479269248,9.802475231396391,9.80112557376493
671a8d416b,0.1761677066255662,0.08199225359232816,0.17147633577408042,0.07230943405266964,0.26890413543244296,474374.0,92509798864.0,423.4,20,18,2.546,diffusion,True,True,uses A,lstm,skip_connection,mae,linear,,,0.0,0.0,159.97356935342154,0.29898419725083897,538.4732016896209,0.20348608190089357,5.191579803840189,0.3860510998495444,5.530065539633547,0.4054159531589572,17.72268213077478,1.253367557117007,19.31026306108952,1.3626413717121943,0.040360807835160516,0.03598813891553372,0.053972886082229006,0.05157758111425309,3.540576197449714e-05,6.6740289787206606e-06,12450321.161689946,1347337.0473072415,13496572.26735202,1337875.7309617025,-230.13111802992367,60.395714108262794,428.2368365630976,0.5550652666301585,38.19029103385078,0.03016328771299765,-0.007123394152476453,0.11762836382248845,-1.8301161566031379,0.3516206377974058,711.3916369947505,3.626733843514963,309.4866638183594,2.60202854450269,0.10936288058186013,3.316674386215792,428.2365237111057,428.14274815695245,0.34124216240062805,0.8731947186124019,712.9408863919626,712.6967117725557,0.004262223215298455,1.0406604086787552,5.5045895578854065,5.50225056444415,0.008241327547935384,0.526019382580007,19.2344049914155,19.230714483310887
9c23a68fad,0.17189648492782275,0.08126533176001445,0.16856354790246503,0.07122469510006871,0.2668795516709152,1265630.0,44689670608.0,615.1,20,18,2.039,diffusion,True,True,uses A,gru,nbeats_t,quantile,seq,,,0.0,0.0,469.41869806249935,0.34166239601711584,1498.477054533859,0.35226346694296795,2.432881852170491,0.061135559953347345,2.7225130283055976,0.082088008444101,8.184043531693266,0.1408868153211236,9.10089448396334,0.17441500782277816,0.00461235387522993,0.010559959611593776,0.011426629512794257,0.012142118889371674,9.628577742907556e-06,1.2659252960232065e-06,80927783.99818225,3074543.8573968415,88623292.85384144,4097453.4435315104,-40.22561287475144,4.689475195376249,426.35884510758495,1.0477624547514557,70.5021956761678,0.03508259155105878,0.007467965866940897,0.017113445685863635,-0.19431306731104483,0.01846234052676235,2309.778383909284,28.917555019058923,854.2022298177084,7.844752815205082,0.025675919491239558,2.7631094059650616,426.3673589076858,426.3416829881946,0.2611818081929111,-1.5662723087528094,2306.7492791824243,2307.0104609906175,0.0005046903669971847,1.3416034430183308,2.7209529883103714,2.720448297943374,0.00021834449604204073,-0.13912302252981512,9.121334994506222,9.121453560792228
b5ef7eecb0,0.18036144648358124,0.08405750933131224,0.1761105731495187,0.07412239201528169,0.27225427823136533,998766.0,24378704800.0,335.8,20,19,1.485,adaptive-only,True,False,control,skip_connection,skip_connection,mse,linear,,,0.0,0.0,267.1456668774287,0.19335161885733768,849.7880238331854,1.0586368719292654,14.258463881366575,0.3812632671621565,15.313743566597466,0.5340995530666576,49.56241920963301,1.0539039303568751,53.35675866021575,1.4964831623345016,0.2515522600493412,0.10875718448534362,0.3672710180483986,0.12960697206195598,0.00022765158306235878,7.978816911461916e-06,3134554.801456732,87662.52530452647,4114399.0307235844,111091.799878194,-214.07393122525818,72.48974745003136,422.66071952647826,0.3231655802183961,79.18715253141191,0.09115357485658718,-1.2508172837995895,1.1299286757629958,-9.347150496731409,1.2275686353503856,943.297685549132,5.325691289208755,451.9170735677083,2.166724308988297,0.0,0.0,422.6528823172564,422.6528823172564,0.0,0.0,943.5103897353428,943.5103897353428,0.0,0.0,15.291754244083524,15.291754244083524,0.0,0.0,53.28646396191335,53.28646396191335
674a7316f1,0.18076248986616422,0.08406387814955128,0.176129391651821,0.07406564572500804,0.27215004266949516,679478.0,81422644592.0,461.2,20,18,2.817,diffusion,True,True,uses A,sep_tcn,nbeats_s,mse,linear,,,0.0,0.0,258.3432784229517,0.004569215794413077,900.3535294837008,3.5812590704231866,8.671930997023688,0.41866881073691237,9.392386355108833,0.4363583789664549,26.911730663193755,2.335319787764493,29.26133692748741,2.7542976678925717,0.15717068095281347,0.04083795402958141,0.2295761537829343,0.07208036500247507,0.00018006888497163628,2.7533439082656514e-05,49078393.2733018,2194252.581702755,54237486.845888525,2217325.469954422,-427.3985124349393,263.3306982452592,436.3386316867679,0.3382907702733112,71.8103267616696,0.12985861904113516,-0.5674502638745688,0.214997676007065,-3.726539076147027,0.8613405753914106,1048.1055082513494,14.584183988939404,483.3775329589844,5.992219339882545,0.0780174717372309,5.629018907991561,436.352782583467,436.2747651117298,0.24028699950008559,-0.5216528677002026,1050.3514358922932,1050.4877628444926,0.007217209069432684,6.45004034749935,9.352757162331047,9.345539953261614,0.011176065391196014,6.702005191978783,29.172007471012183,29.160831405620986
a4bc8fec03,0.17474926605510932,0.0813446120460094,0.17024436728520828,0.07127460967668724,0.2669730504689326,780178.0,74913726928.0,539.2,20,19,2.551,mixed,True,True,uses A,transformer,nbeats_s,mse,seq,,,0.0,0.0,286.86186268925667,0.18915171928206528,860.1742805851003,0.4671741712509894,7.239384343129738,0.4073298519529172,7.918126673940647,0.48738145927426074,22.263380335562005,0.9843866797201191,24.366151255261343,1.2438684317149273,0.03803323813548361,0.04458184778158989,0.10975307664341662,0.056276724165815216,0.0001487425269970735,2.0488313504731453e-05,46923026.65924933,2820065.8079458643,51452727.35927871,2991219.8173154304,-225.61517850577343,185.337539701648,432.8381446632564,0.7950869782473112,58.07195503181882,0.09981279180558258,-0.04329815673596932,0.24199250883151488,-2.2257346297030964,0.30997970944352693,1283.990048514646,9.506620624844821,575.8501586914062,4.545339359714635,0.20723761815571606,11.383736825625768,432.83798266031573,432.63074504216,0.2366862269137376,-0.1740187471213307,1284.3697670815973,1284.410175280103,0.0018496009823382546,1.093517273217261,7.863624028424944,7.8625308697538,0.0031121957439808057,1.8831043429941394,24.20858558760972,24.206379951425795
c82a72ab4a,0.17181969776439887,0.08053911964282152,0.1671213231561504,0.0700845782052387,0.2647349206380577,1149982.0,57720850240.0,493.8,20,18,2.298,gcn,True,True,uses A,mlp_mix,nbeats_g,quantile,seq,,,0.0,0.0,385.34915439287823,0.3571288546734781,1315.882245839263,1.9435575622941064,1.8345714247670912,0.08697813721545086,2.0092832559366776,0.10938003764058475,6.002427495361133,0.1336741443194175,6.537924775270511,0.1290603833507473,0.011220469057831783,0.01245613127817036,0.016461361589907804,0.01995959636421541,5.963045468187642e-06,9.075215843137543e-07,22183771.215917725,1210253.0243098028,41768896.95333365,24153543.261146,-734.72588465464,608.772854392089,444.852026467489,1.5177155099595836,51.68097191386752,0.14088821027880413,-0.01221150161631425,0.02426611599231907,-0.3015221977227134,0.014096602428573017,1656.4248841917113,12.203328145466811,668.3595784505209,3.0863313159401207,0.21004490720878266,25.799619940589093,444.8540081812711,444.64396327406234,0.2544244860426564,0.8708665344410428,1655.0595993781071,1654.9392112633507,0.001989477907827627,4.895228425123131,2.0051224825669607,2.003133004659133,0.00262977543543208,2.8629992017322508,6.527277321179107,6.524647545743675
51173e5829,0.172078267669017,0.08058574148744138,0.1669879693532575,0.07034355618521937,0.26522359658450334,1299222.0,87762477984.0,522.2,20,19,2.572,mixed,True,True,uses A,tcn,nbeats_t,mae,linear,,,0.0,0.0,399.3136385579904,0.16409449091423448,1146.706315819174,0.4561725577104988,6.102360725866674,0.5129106906120287,6.440189624338611,0.5080065237837397,21.04034975172661,1.5080845214144634,22.627221520865458,1.7470273925468431,0.0019970002961557467,0.028712048810403224,0.012486609752498932,0.03786097784683031,4.1790120054544334e-05,1.432027914340255e-05,26736887.171818916,1141557.3839552975,28529609.09118064,1169205.4403417925,-306.4370927076034,155.16324492857547,442.3001472552969,1.313475769456804,75.26395261287689,0.07988665178891512,0.00662670490180139,0.064717715256662,-1.4477802184261062,0.286969452539268,1445.7244217721588,3.4523625398038353,720.1586100260416,2.8391134101869593,0.08384186745553279,7.159086287127407,442.2948726034948,442.2110307360393,0.31325794602162205,-2.0258374822616982,1444.6525340268333,1444.965791972855,0.004043607270908467,0.8030336156250631,6.469936423739795,6.467699268980912,0.011978912149798996,0.6208796322571107,22.75393671568742,22.749371197862757
fe374c2597,0.17520575703704605,0.08122627538635328,0.17068945123433724,0.07172814733086727,0.26782111068933173,618598.0,13272560080.0,293.2,20,17,1.218,adaptive-only,True,False,control,skip_connection,skip_connection,mae,linear,,,0.0,0.0,226.40726498762766,0.42890843325158157,588.3249841351062,1.5751382746778937,1.660814326547552,0.07265885276479789,1.7939099409790475,0.07864989108878677,5.081887149621571,0.23615578998718662,5.45659738570453,0.25739622795838385,-0.008929053206540012,0.010716647026614212,0.0067697383856659,0.020451864284314763,4.1130193493673565e-06,3.699638691900411e-07,3012398.1318168896,119631.25658687654,4364137.123077891,182525.94036320096,-428.32736534420286,234.81702770848457,398.6923970045773,1.3229911573201085,40.508252157105346,0.03335904333974594,-0.027010586116247667,0.040976538205942666,-0.20905810050443807,0.044062486634153915,695.1183458514442,7.210360289411912,340.371826171875,0.8661304351889169,0.0,0.0,398.6826725313321,398.6826725313321,0.0,0.0,694.6257088287387,694.6257088287387,0.0,0.0,1.7978636557436418,1.7978636557436418,0.0,0.0,5.471307792890438,5.471307792890438
a3cab182e6,0.17137382019474656,0.07924057918387803,0.16750464226518358,0.07028359216550556,0.2651105282057006,1247242.0,80019402752.0,463.0,20,18,2.559,mixed,True,True,uses A,lstm,nbeats_g,mae,seq,,,0.0,0.0,337.14909823735553,0.46284603181076334,930.0206872572502,0.5339996355609754,3.272486662278728,0.037309660267014946,3.669998086628279,0.08726464777932147,10.075326314653138,0.3561083715232238,10.944061731379875,0.3916421191462655,0.07106375195959365,0.06440804954022643,0.128671632246506,0.08246715210062139,3.3535248940427764e-05,7.10179763023444e-06,20058739.30154116,1093245.7079885462,21122261.220927205,1101078.782580375,-594.438960309557,359.19463021306973,435.7422384599268,2.001513489764361,70.84889658292134,0.08030360848707027,0.013062400534614214,0.052717563171623315,-0.4393618186031456,0.05348870652821978,1371.7955061270366,9.491668522033411,622.6009521484375,7.185130967296225,0.20693854789148722,11.505814461241568,435.7369323733386,435.52999382544715,0.34085611781885444,1.0276600905733317,1371.412657944734,1371.0718018269154,0.0055850182029673805,2.6922376891878352,3.6646702257702164,3.659085207567249,0.006919615957293956,1.2449796274371838,10.959650711665043,10.95273109570775
da3597ab1d,0.17800484656186358,0.08360466982214335,0.17332006213812945,0.07378892773630644,0.27164117459675813,864506.0,15415529936.0,389.0,20,19,1.216,adaptive-only,True,False,control,mlp_mix,nbeats_t,mse,seq,,,0.0,0.0,291.73426840205985,0.07917392248102292,869.6357996091247,0.568152946034805,9.771143410082459,1.2781176409851156,10.480738806887475,1.2835142624799962,33.38321783168163,4.573327479458286,36.287578757888866,4.605693537318393,0.16037425066018351,0.025826532871447976,0.24843789891086052,0.042679596482379,0.00021319693021124594,5.527800102918339e-05,26582618.93192382,732720.3215174603,28102634.092215195,1364507.279342259,-82.59567272295459,36.8432099698219,410.0181059037753,0.4490072600009548,53.96761076980167,0.2758708563319181,0.551008056383055,0.4394649336279889,-4.8909472307232384,2.3279191204578455,1221.1150989481105,8.492784684062467,531.9614868164062,1.5163765900292514,0.0,0.0,410.0362293702417,410.0362293702417,0.0,0.0,1219.2745730638283,1219.2745730638283,0.0,0.0,10.509782120557356,10.509782120557356,0.0,0.0,36.387864623018395,36.387864623018395
dbdfca9d6c,0.17817351573058696,0.08421912257652084,0.17369408487929583,0.0743796896474358,0.27272640071587456,453186.0,43836707280.0,438.7,20,14,1.75,mixed,True,True,uses A,transformer,skip_connection,mse,seq,,,0.0,0.0,271.0283216436704,0.17833512273839763,817.8238550989578,0.9257555704824603,4.2611556922893215,0.4140547121860868,4.7744743360873905,0.3829101927705086,11.419896987856887,1.7019075302341762,12.389577874108086,1.762752508152738,0.08803945505220712,0.09206620262664938,0.20142128137571727,0.11294133186761851,0.00011543068418432988,3.402150194823235e-05,13131727.030990472,229387.23031385255,18185338.96611644,338269.46868175076,-354.57429251579424,197.54042397684023,415.56567348455854,0.6027132403590166,27.950449095831974,0.039585497543550646,-0.6203255530245292,0.3231643202630578,-2.021730975962192,0.8753514379386798,1457.3853545863667,23.627099992699907,575.1322021484375,4.9380706656512965,0.26347853498070134,11.121458415173567,415.5673824811269,415.3039039461462,0.27867920790852924,-0.5439640584450135,1463.53628604688,1463.6413583144279,0.0022843563060934713,5.674234515744276,4.822020358374374,4.81993169770306,0.00468027419279989,5.233198924239067,12.506614549095318,12.502299731404467
15dbcbcba1,0.17019106544055235,0.07957298375717763,0.16648373009064496,0.07002812809543348,0.2646282828713391,1188382.0,25336578048.0,382.0,20,18,1.501,gcn,True,True,uses A,gru,nbeats_g,mae,linear,,,0.0,0.0,362.4346920450528,0.23706077462850605,950.9595024536053,0.39597331076476233,1.2468405306590284,0.05688549405927178,1.334698018406753,0.05928381455615267,4.4684282050354325,0.13924638077108548,4.728448647791574,0.14209422377548453,0.01699527532602339,0.009266142762475709,0.020328049033374096,0.013546883837394157,1.3628245390294614e-06,5.498321956124135e-07,4027629.957893429,45968.178102027574,5922700.974234258,53950.693442543605,-3498.9429769638014,3687.5563950092655,418.11396988729456,1.066456595176426,58.042326344384094,0.014804439774419784,-0.07353741150479089,0.011918140013939689,-0.12580328098636373,0.012195814496244283,1201.408065646309,2.0579078062668996,555.1302897135416,1.4399928770815404,0.3627212227169707,27.876205237951076,418.1152259003289,417.7525046776119,0.4162298420289214,0.9531312050744875,1203.9903404345823,1203.9175174970496,0.0016389652708917641,8.280921320245096,1.3364150134507267,1.334776048179835,0.002527700874752329,6.3973009622900605,4.734642249033789,4.732114548159037
62f62d6195,0.17319657820476947,0.08134715121420096,0.16988730099466112,0.07177472406350517,0.2679080515092915,1093246.0,49619760032.0,651.1,20,15,2.304,diffusion,True,True,uses A,transformer,skip_connection,quantile,seq,,,0.0,0.0,469.4998463044564,0.4499517547954394,1356.7675243445362,1.982772658791041,2.4036943473012493,0.10853133437218498,2.6494433427344313,0.1200358054159772,8.257378673338948,0.5659350922499025,8.991019860719156,0.6501073091231531,0.01762498003604555,0.004067199159584376,0.028420946142218028,0.007989876174779843,8.057187021584552e-06,2.6926519726361965e-07,11117076.966293095,361371.9910380598,12494193.912768086,469968.36168805114,-56.91887305988386,13.843802643152467,423.6484800421843,0.6200672596581015,49.29073349634806,0.04490066812432535,0.02681268737107211,0.010579336206494313,-0.2860154384940659,0.03597935161517456,2223.749319089157,16.47817344723879,894.7643636067709,5.269649792324359,0.048326310686244746,4.43656566496499,423.65758134440955,423.6092550337233,0.3370370911185698,-0.5685751046509601,2223.8088241239147,2223.8200122965204,0.0005297974589123141,2.167921213462517,2.658572197690444,2.6580424002315315,0.0006798719249569984,0.6401752672992987,9.029068518392226,9.02856239312127
e9d51decfa,0.17298386196065996,0.08086286216767775,0.16768116762197724,0.07046394393299565,0.26545045476132767,707958.0,40517121392.0,457.1,20,18,2.021,gcn,True,True,uses A,transformer,skip_connection,mae,linear,,,0.0,0.0,301.5237060189247,0.3073826582329951,877.5640625456969,1.3468190345201205,3.7119386655052344,0.3402120390401863,3.9702464481557462,0.37178939568151875,12.429710767787917,0.3941957202906565,13.36370453252526,0.42978167788447985,0.03150432798750695,0.022970769390772035,0.04565256011494203,0.05492034953825907,1.8535106572673973e-05,1.54006474071303e-06,10289991.181248905,358771.5686689462,11955430.207925566,422121.9538566678,-81.49201102192457,20.187303678565197,433.4339231051752,1.3901562517169714,48.74948679076301,0.05442987280512207,-0.07513594288292812,0.2532998770226251,-1.1548129477971487,0.2636328138940228,1115.8627996417601,6.21968051292443,538.3839721679688,3.6729811811443005,0.2206659007278328,27.62918961334068,433.43677180017295,433.2161058994451,0.4581749264981833,-0.7228253481194887,1113.4250072210846,1113.6215586509481,0.0020734400073296,0.8920215593302643,3.9664183110734315,3.965190008819277,0.004350234737983645,-0.414462948302556,13.351544107514831,13.351770206518701
0a8067f059,0.17425467435261943,0.08157777493737861,0.17074554742758752,0.07210479605335522,0.26852336221147544,1063690.0,84849844688.0,464.0,20,19,2.564,mixed,True,True,uses A,gru,mlp,quantile,linear,,,0.0,0.0,369.74714949230355,0.5722275867570433,935.997160067161,0.7806475722903271,0.6649878789503418,0.08018355730713546,0.7277115026346314,0.0851714703915294,1.8167520705625033,0.1395430358648709,1.9384842742277042,0.1437113553672233,-0.0008444849481803399,0.013328481561202355,0.0011217043826018916,0.012749768677608145,2.3819455905276397e-06,8.941594491227942e-07,17165523.161820833,1403822.0549661117,18570377.909684587,1444640.18197581,-3057.834296489212,669.0989029095542,437.2683134581619,1.7335899043692726,69.42076943980322,0.1231644108507038,-0.03778102660563983,0.02688559540767218,-0.04787536889454402,0.02792889531654834,1228.4543939105097,12.731687436018275,591.8663330078125,4.132215045657415,0.267193936704435,14.716886569455239,437.26621010049143,436.999016163787,0.42212015441911416,1.3731225684730792,1229.5157304178183,1229.0936102633991,0.0006105728728719543,3.365289531685369,0.7285785431085935,0.7279679702357216,0.0006540068483854208,2.774982994085572,1.93927444432924,1.9386204374808547
731fed330e,0.1727849949177088,0.08131734954567484,0.16887989267814382,0.07127054677510158,0.26696544116252496,885198.0,34498126288.0,570.1,20,19,2.027,gcn,True,True,uses A,gru,nbeats_s,quantile,seq,,,0.0,0.0,359.8917992909749,0.37356573241583846,1138.178779264291,0.7471575431882348,3.2111895144359246,0.12949655217746686,3.5257744282372863,0.12847629848856773,10.886408552382392,0.4129391008012071,11.873125470269594,0.4264631507931943,0.029147330079001995,0.01635216801684009,0.058562701525740245,0.022551284916329687,1.6557683293645394e-05,3.392816285577433e-06,4731334.609145991,121120.06766741993,6810166.354190752,127323.40634072735,-59.47866719072069,23.782052984068397,432.13250009839004,1.459454452602148,45.61330397923788,0.14572607649745836,0.053178042355406165,0.024042372525994705,-0.3556950170553435,0.019793222046313147,1822.287440191629,14.209407615518641,641.8171997070312,1.3131392214735929,0.34742986195508746,31.56135610521437,432.11503185594523,431.7676019939901,0.16161745256992313,0.22383073305292697,1822.5715615511867,1822.5188949977246,0.0006965520270526918,1.1236775676997204,3.5356477649245868,3.534951212897534,0.0025937574346581727,0.9713709916656197,11.91252914533728,11.909935387902621
fd2f75de0a,0.1737655450785683,0.08173006179357512,0.1687118906737406,0.07146979602964926,0.2673383549542588,736590.0,41027328272.0,387.2,20,18,2.025,adaptive-only,True,False,control,skip_connection,nbeats_s,mae,linear,,,0.0,0.0,274.34480327864486,0.22690407657404824,1077.2844382375479,3.0795968197970414,8.398059191810413,0.3855190075727789,9.034843468947685,0.33210609210517666,29.593305724449923,2.267151534135064,31.999640761237828,2.2111634307095516,0.13542736241368977,0.07410707516900088,0.2295882086599238,0.07111996086026774,0.0001056086233620415,1.0557197331117644e-05,8444933.125982197,369300.3604789065,10990626.93146131,413426.5908763389,-48.230783586973864,9.749939262055655,436.1575086486273,1.6822777814274177,49.43163416120742,0.058899453064351646,0.08826260974807838,0.23221583901664838,-3.5960692285820186,0.4275216712342638,1065.6716341296778,6.728727285614629,451.0271504720052,1.9890948845666856,0.0,0.0,436.1551614575526,436.1551614575526,0.0,0.0,1067.8892825071378,1067.8892825071378,0.0,0.0,8.996951570771532,8.996951570771532,0.0,0.0,31.81818858296761,31.81818858296761
b2dc620c0a,0.17723349435362473,0.08298646073624939,0.17255931569728328,0.07288350417973503,0.2699694504564082,1394618.0,40238167872.0,556.2,20,17,2.033,adaptive-only,True,False,control,lstm,nbeats_s,mse,seq,,,0.0,0.0,451.44950562218827,0.5104310930959388,1681.058604285121,1.297716437351645,10.241693944170626,0.22197201628265442,11.057393697636327,0.27798184968427897,35.185926808652205,0.33843505269489726,38.22907454107545,0.5495521904940406,0.1260578468734018,0.027110780922851505,0.21474423643059293,0.06803815585243504,0.00010915912959521981,1.1945320146895766e-05,3709767.7741171382,54133.281337455184,5556177.90132625,55319.53031248272,-138.6275921366473,37.032766164226736,438.0252842151881,0.9966194425702954,85.43536580933466,0.16519924233317787,-0.18555235051048324,0.14017902800962637,-3.1125529561149485,0.33986829712425903,2217.983634032565,29.575985178604103,822.3399861653646,7.685532848394364,0.0,0.0,438.0292117705996,438.0292117705996,0.0,0.0,2208.033670228564,2208.033670228564,0.0,0.0,11.02130313741951,11.02130313741951,0.0,0.0,38.081338388751824,38.081338388751824
26f537952a,0.1692142549205322,0.07877073030893027,0.1649183693687293,0.06913026308514511,0.26292634536148163,438154.0,10174517712.0,427.3,20,18,1.215,adaptive-only,True,False,control,sep_tcn,skip_connection,mae,seq,,,0.0,0.0,246.16460701326528,0.16842474964094417,755.2155878543854,0.31380950674864105,1.2476534144031273,0.10816165059273078,1.3601792724008366,0.1274182022725778,3.173112178727024,0.2599721560233054,3.4362745169598816,0.28306830048499426,0.017490476885746006,0.002423897510669954,0.020506404668516092,0.006548182119112625,3.2831442924862614e-06,8.475033877874433e-07,16477111.485153714,435047.853626645,24702176.336663187,536853.8584875601,-1930.411481346517,1819.6276605510736,391.12321939438624,1.7520315348596422,32.93759478463067,0.041222705761229744,-0.10715318231595933,0.024588794528901715,-0.18105461125232572,0.03720404277711884,1249.1741644348772,1.9984540953630106,501.57300821940106,1.7795539657543273,0.0,0.0,391.12089824430603,391.12089824430603,0.0,0.0,1249.4039646056594,1249.4039646056594,0.0,0.0,1.3616522395230342,1.3616522395230342,0.0,0.0,3.441700456495884,3.441700456495884
fb33bb9f3c,0.1707564019716364,0.07852841412979791,0.16694727123729766,0.06937503381854011,0.26339140801958616,462010.0,3153059840.0,430.3,20,18,0.823,identity-only,True,False,control,transformer,skip_connection,mae,seq,,,0.0,0.0,257.97282447914284,0.32716599041587574,778.500083150963,0.5578335610159476,2.345051649303059,0.179630501273009,2.573786200067545,0.17816499907712594,7.18024181831395,0.5233434838837049,7.832419448013432,0.5906091509391845,0.037390294181965864,0.043200840993162064,0.05659661349319619,0.07162338240182761,1.3461081524233e-05,1.6449139190366404e-06,5716767.316972196,134156.24455496433,8156419.038075011,216898.05497547443,-492.5574833397731,178.4731437064623,360.885979070556,0.47519217450891377,23.03166925907135,0.03601927714791436,-0.0007418743745030895,0.029749172812743297,-0.5154354905684114,0.10435893514048335,1401.4467157432985,15.405023732696579,516.8249308268229,2.3456167873431695,0.0,0.0,360.8730735683851,360.8730735683851,0.0,0.0,1407.2246121989162,1407.2246121989162,0.0,0.0,2.5763127650175437,2.5763127650175437,0.0,0.0,7.845842161724113,7.845842161724113
82b48ba40c,0.17157057956652608,0.07982940104624416,0.16777361972851498,0.07041823807861898,0.2653643496753454,705746.0,13294612944.0,329.8,20,18,1.213,adaptive-only,True,False,control,lstm,skip_connection,mae,seq,,,0.0,0.0,244.4523610075315,0.20932429496321875,768.1331194030741,0.6275086783870055,1.879858303873334,0.10984573162954682,2.098637302516298,0.11549777344908016,5.375147196772436,0.08079990282366956,5.869677565467128,0.09117824380060709,0.07417968582609892,0.027694901609256903,0.08855339737676711,0.027939738936611804,5.192426283876166e-06,1.055422222664883e-06,19760063.57441783,812790.2298838834,20981132.72517946,1414207.6527318463,-554.8344328685502,268.38312348746297,399.88745337151687,1.4569213436396382,41.37904017501407,0.07680650347351727,-0.12801094752103637,0.08791577892827121,-0.2858842739871956,0.08230826260719777,1106.726824541419,7.212602755872026,433.42502848307294,2.375290776051304,0.0,0.0,399.882108087617,399.882108087617,0.0,0.0,1108.1545438862036,1108.1545438862036,0.0,0.0,2.0986591098798524,2.0986591098798524,0.0,0.0,5.8806804519269065,5.8806804519269065
ea42deb334,0.17482213562410368,0.08102622301281187,0.17087832715088155,0.07198882534949466,0.26830733376017635,637118.0,13838647760.0,295.9,20,19,1.205,adaptive-only,True,False,control,skip_connection,mlp,mae,linear,,,0.0,0.0,201.0314083894094,0.1259523802983563,581.2513619909683,0.703333233204759,3.94489624821775,0.09566842356126194,4.199175009667134,0.08469487680954711,13.445411985407612,0.422501823454449,14.52698373196143,0.458521528977501,0.022577235585993723,0.02758104037020681,0.03996638306241012,0.03745631783469661,2.8600157975542343e-05,6.669099859286948e-07,6445107.315788612,137331.58391438387,9254777.125083197,239941.04000068168,-132.72191846873747,49.26268959224819,410.67172476869774,0.9050218091517667,53.00117599964142,0.22552266106562627,0.07436703105420507,0.05195198710399401,-0.6499716196399736,0.018730769778075793,723.9909048211193,2.1620314498352813,352.07883707682294,1.6876224621907785,0.0,0.0,410.665905183155,410.665905183155,0.0,0.0,725.0979918539346,725.0979918539346,0.0,0.0,4.195039857620184,4.195039857620184,0.0,0.0,14.51060615034459,14.51060615034459
c7eb533bdf,0.17226554446490203,0.08045813367286951,0.16804133996388956,0.0707131071223153,0.26591936206736677,1364574.0,27873788832.0,378.4,20,18,1.491,adaptive-only,True,False,control,transformer,nbeats_s,mae,linear,,,0.0,0.0,401.9593178977569,0.5074894432671438,1159.8285882622004,1.2447728080108555,4.5952438906315365,0.6702641925311379,4.875267419913239,0.7022459760953461,16.209724145882507,2.335028912201001,17.453455975106916,2.5406041441527893,0.005443964746506436,0.011518071545041286,0.008079071929046201,0.022440820171797334,3.8622569169506784e-05,7.761586680360047e-06,8583771.615201047,371992.320172943,12231098.44062909,509665.56309503753,-82.10373195464591,27.50163869060228,429.04897509219563,0.2137261297837884,91.56682705879211,0.055684335195276206,0.13553398833163902,0.0018068966689911419,-0.6875763278924297,0.24316861434349044,1386.784343046111,4.603169052280398,681.8946940104166,2.049044551475344,0.0,0.0,429.0414573945978,429.0414573945978,0.0,0.0,1387.3049482247231,1387.3049482247231,0.0,0.0,4.866126142396508,4.866126142396508,0.0,0.0,17.407153288784336,17.407153288784336
b828c8bcba,0.1770756195103599,0.08265223025449704,0.17266807873957774,0.07278765972816582,0.26979188225031125,780182.0,14010905040.0,381.6,20,19,1.227,adaptive-only,True,False,control,mlp_mix,nbeats_s,mse,linear,,,0.0,0.0,342.93481726447743,0.20338815080678566,959.6227741719534,1.3937254517953062,11.897229075068632,0.7376522768674378,12.84367363390705,0.7268160839306432,41.42877186375575,3.147836565381535,45.14852506465727,3.241249923795075,0.11946995145862176,0.012310631399491045,0.2138213152607347,0.039465785658118445,0.0001731058435393067,1.7838064472073446e-05,2261059.497195237,11044.606015037092,3695253.5671901554,18935.366954228797,-82.90782661359862,32.457758662395406,411.89800517331224,0.6059941264436238,51.2079269223743,0.0677061036095859,0.20053120809144556,0.3440982134288237,-6.731393826934095,1.32509049823417,1355.6376680379103,19.957157058465416,565.7271118164062,3.4282785173936134,0.0,0.0,411.89615085098336,411.89615085098336,0.0,0.0,1360.4114579471714,1360.4114579471714,0.0,0.0,12.815238523329713,12.815238523329713,0.0,0.0,45.04207987269664,45.04207987269664
7845069ff1,0.17426925956101671,0.08168774545536857,0.17036111005198903,0.07208263660750176,0.26848209736871054,866902.0,22647391136.0,367.8,20,16,1.486,adaptive-only,True,False,control,skip_connection,nbeats_t,mae,linear,,,0.0,0.0,276.0613664984703,0.11980611261170562,864.4473919374868,1.4889712744337256,6.150181995896371,0.5046037430898364,6.589544126833386,0.5265446133164278,20.64956559610074,1.6388350801351972,22.41506031551494,1.7555249017290906,0.021620018240214315,0.019521883734396103,0.05759014187632409,0.0406603945451543,6.579213525207858e-05,2.90618942772028e-06,1701171.9061543094,119675.17056382365,2223605.632428126,115250.70458675615,-150.2278085488549,66.15879890746062,424.73653582120306,0.39230731796225893,79.42243676715428,0.17576367709299673,0.20015496959949478,0.1595538699305269,-0.947142962313388,0.26948270967270727,1046.5643327563214,11.031836069980091,472.5262756347656,4.172967760506806,0.0,0.0,424.74605435383995,424.74605435383995,0.0,0.0,1046.0616690256372,1046.0616690256372,0.0,0.0,6.5891142334639,6.5891142334639,0.0,0.0,22.42247151832891,22.42247151832891
29719b6be8,0.18279869771857185,0.08576007246730234,0.1790586883887584,0.07661318522253077,0.27679086910975004,1170558.0,19649982928.0,394.4,20,19,1.214,adaptive-only,True,False,control,gru,nbeats_t,mse,linear,,,0.0,0.0,288.98068190614384,0.21747823387199905,957.1646395617475,0.3364103234260097,21.577460450681127,2.4229990076109993,23.02813854929475,2.7133118404432697,78.57949706752186,9.648452227513687,85.50537952953135,10.795056125694222,0.05358287875601861,0.08433386019554102,0.11388809124083037,0.17153779964379154,0.00037318923533669816,6.247813918305438e-05,2338882.8666794915,51600.95626624936,3765757.7598006,58489.68488694079,-72.18772616461648,31.663826726190358,425.5353862417907,0.6053087123478111,78.51698582702214,0.09901015419160875,1.3141379244985931,1.294570744063792,-11.72211431605492,5.705421090737498,1098.432261830549,1.542990969306103,491.93883260091144,1.590839084051088,0.0,0.0,425.5605235909106,425.5605235909106,0.0,0.0,1096.897921614938,1096.897921614938,0.0,0.0,22.88916497145603,22.88916497145603,0.0,0.0,85.03132142154651,85.03132142154651
dee770367f,0.17240650315207642,0.08049467741135362,0.1688732555332294,0.07102815014932407,0.2665110694686509,1166422.0,23934358432.0,479.6,20,19,1.497,adaptive-only,True,False,control,gru,nbeats_g,quantile,seq,,,0.0,0.0,402.5704520543416,0.2949803547881609,1329.824408650088,0.5589966780313818,0.6454076339130855,0.048182645363596975,0.7292859999409135,0.06142002151225806,1.6363664246075729,0.018258667743375406,1.7634950243210865,0.011618461576333138,0.005121867322580314,0.01673245554318931,0.008105871302895952,0.01726661690893253,4.840649929951469e-07,1.0850671999456648e-07,124641500.13102157,3733305.6699019335,135520726.10837302,6693959.974447817,-274.17427712024414,29.305974136826734,415.46609226602794,1.4554728663256835,68.68534631199306,0.024325863111242876,-0.01825153579922321,0.010411978223887631,-0.023662068760013727,0.009437675806324378,1880.4323462240354,16.975251521917805,722.2947998046875,2.475207725892513,0.0,0.0,415.45974726634375,415.45974726634375,0.0,0.0,1880.9375961780174,1880.9375961780174,0.0,0.0,0.729586346550411,0.729586346550411,0.0,0.0,1.7654348696489464,1.7654348696489464
f6d8b6a551,0.17636449239270516,0.08230285833462832,0.17165634725861048,0.07209849439744137,0.26851162804884515,1167150.0,18815537616.0,375.1,20,18,1.227,adaptive-only,True,False,control,gru,nbeats_g,mse,linear,,,0.0,0.0,329.1817308863004,0.3566885637752764,859.7108372052511,0.5353537590876579,3.230013253671738,0.17298733099407332,3.5508366624494716,0.17965760774219686,11.11297653434751,0.17904248277410875,11.82548079291388,0.1581512645382223,0.07913078669697353,0.03445205908916389,0.11025566334259414,0.03306165234188278,2.1685880822641435e-05,5.01114361742274e-06,4000722.5595231876,72672.43095831427,5912455.867830525,53872.23319521255,-1990.2844391420383,907.0889843358023,409.1961586915996,1.3272078523343267,58.09941885206434,0.04841834697332631,-0.459339677591809,0.1580141912454493,-0.7522301068441961,0.1509559854043616,1022.6064048946251,2.74221770815034,502.31202189127606,1.5211173196171583,0.0,0.0,409.19555207790484,409.19555207790484,0.0,0.0,1023.426696938965,1023.426696938965,0.0,0.0,3.535086088786346,3.535086088786346,0.0,0.0,11.817870789231426,11.817870789231426
1ff9f01247,0.1711825704326806,0.07995522369826363,0.16683899365892313,0.07026618066718224,0.2650776879844515,1032358.0,23870477216.0,386.9,20,19,1.492,adaptive-only,True,False,control,transformer,nbeats_g,mae,linear,,,0.0,0.0,339.7407387246688,0.15264712979145748,999.4248928328356,1.6366531166160452,3.093107491162906,0.2920145817657998,3.3202911841738842,0.32709248671058616,9.963555515368375,0.6814513990911154,10.783050635275787,0.7792154665024239,0.005661060522492087,0.013837473338963235,0.023505234651022517,0.04153235441603004,1.8322405983893227e-05,2.4239192047269105e-06,11431571.572808841,181921.8237170758,15943233.356496142,250475.73834691374,-447.9218547714839,210.41481902592022,417.44108555852614,0.6621333010647219,65.77320137288835,0.02641200554348515,-0.18357481267181316,0.22217576791074922,-1.0418591844041114,0.2963541217789766,1228.8444298960535,4.14188529523499,585.8712972005209,1.9867247172329499,0.0,0.0,417.4434448513161,417.4434448513161,0.0,0.0,1227.918466773536,1227.918466773536,0.0,0.0,3.3148075324828614,3.3148075324828614,0.0,0.0,10.760379990204365,10.760379990204365
